tag,family,topology,shape,pitch,open_frac,wall,nu,nv,hole_mm,hole_aspect,edge_frac_est,seed,diffuse_frac,theta,rho,control,params_json
PF_p0550_o35,perf,perforated pyramid,perforated pyramid,5.5,0.35,0.5,4,6,0.26644,1.8766,0.18182,23,d00,0.0,0.0023829536512494087,0.04999997094273567,"{""backing"": 2.0, ""depth"": 50.0, ""face_h"": 60.0, ""face_w"": 60.0, ""margin_depths"": 2.0, ""nu"": 4, ""nv"": 6, ""open_frac"": 0.35, ""pitch"": 5.5, ""seed"": 23, ""wall"": 0.5}"
PF_p0550_o35,perf,perforated pyramid,perforated pyramid,5.5,0.35,0.5,4,6,0.26644,1.8766,0.18182,23,d00,-20.0,0.0019452067790552974,0.04999997094273567,"{""backing"": 2.0, ""depth"": 50.0, ""face_h"": 60.0, ""face_w"": 60.0, ""margin_depths"": 2.0, ""nu"": 4, ""nv"": 6, ""open_frac"": 0.35, ""pitch"": 5.5, ""seed"": 23, ""wall"": 0.5}"
PF_p0550_o35,perf,perforated pyramid,perforated pyramid,5.5,0.35,0.5,4,6,0.26644,1.8766,0.18182,23,d00,20.0,0.001966477371752262,0.04999997094273567,"{""backing"": 2.0, ""depth"": 50.0, ""face_h"": 60.0, ""face_w"": 60.0, ""margin_depths"": 2.0, ""nu"": 4, ""nv"": 6, ""open_frac"": 0.35, ""pitch"": 5.5, ""seed"": 23, ""wall"": 0.5}"
PF_p0550_o35,perf,perforated pyramid,perforated pyramid,5.5,0.35,0.5,4,6,0.26644,1.8766,0.18182,23,d00,-40.0,0.002137926872819662,0.04999997094273567,"{""backing"": 2.0, ""depth"": 50.0, ""face_h"": 60.0, ""face_w"": 60.0, ""margin_depths"": 2.0, ""nu"": 4, ""nv"": 6, ""open_frac"": 0.35, ""pitch"": 5.5, ""seed"": 23, ""wall"": 0.5}"
PF_p0550_o35,perf,perforated pyramid,perforated pyramid,5.5,0.35,0.5,4,6,0.26644,1.8766,0.18182,23,d00,40.0,0.0021121851168572903,0.04999997094273567,"{""backing"": 2.0, ""depth"": 50.0, ""face_h"": 60.0, ""face_w"": 60.0, ""margin_depths"": 2.0, ""nu"": 4, ""nv"": 6, ""open_frac"": 0.35, ""pitch"": 5.5, ""seed"": 23, ""wall"": 0.5}"
PF_p0550_o35,perf,perforated pyramid,perforated pyramid,5.5,0.35,0.5,4,6,0.26644,1.8766,0.18182,23,d76,0.0,0.0020647915080189705,0.04999997094273567,"{""backing"": 2.0, ""depth"": 50.0, ""face_h"": 60.0, ""face_w"": 60.0, ""margin_depths"": 2.0, ""nu"": 4, ""nv"": 6, ""open_frac"": 0.35, ""pitch"": 5.5, ""seed"": 23, ""wall"": 0.5}"
PF_p0550_o35,perf,perforated pyramid,perforated pyramid,5.5,0.35,0.5,4,6,0.26644,1.8766,0.18182,23,d76,-20.0,0.002358881291002035,0.04999997094273567,"{""backing"": 2.0, ""depth"": 50.0, ""face_h"": 60.0, ""face_w"": 60.0, ""margin_depths"": 2.0, ""nu"": 4, ""nv"": 6, ""open_frac"": 0.35, ""pitch"": 5.5, ""seed"": 23, ""wall"": 0.5}"
PF_p0550_o35,perf,perforated pyramid,perforated pyramid,5.5,0.35,0.5,4,6,0.26644,1.8766,0.18182,23,d76,20.0,0.002333653625100851,0.04999997094273567,"{""backing"": 2.0, ""depth"": 50.0, ""face_h"": 60.0, ""face_w"": 60.0, ""margin_depths"": 2.0, ""nu"": 4, ""nv"": 6, ""open_frac"": 0.35, ""pitch"": 5.5, ""seed"": 23, ""wall"": 0.5}"
PF_p0550_o35,perf,perforated pyramid,perforated pyramid,5.5,0.35,0.5,4,6,0.26644,1.8766,0.18182,23,d76,-40.0,0.0028928020037710667,0.04999997094273567,"{""backing"": 2.0, ""depth"": 50.0, ""face_h"": 60.0, ""face_w"": 60.0, ""margin_depths"": 2.0, ""nu"": 4, ""nv"": 6, ""open_frac"": 0.35, ""pitch"": 5.5, ""seed"": 23, ""wall"": 0.5}"
PF_p0550_o35,perf,perforated pyramid,perforated pyramid,5.5,0.35,0.5,4,6,0.26644,1.8766,0.18182,23,d76,40.0,0.0028528226539492607,0.04999997094273567,"{""backing"": 2.0, ""depth"": 50.0, ""face_h"": 60.0, ""face_w"": 60.0, ""margin_depths"": 2.0, ""nu"": 4, ""nv"": 6, ""open_frac"": 0.35, ""pitch"": 5.5, ""seed"": 23, ""wall"": 0.5}"
PF_p0550_o35,perf,perforated pyramid,perforated pyramid,5.5,0.35,0.5,4,6,0.26644,1.8766,0.18182,23,d100,0.0,0.0019746848847717047,0.04999997094273567,"{""backing"": 2.0, ""depth"": 50.0, ""face_h"": 60.0, ""face_w"": 60.0, ""margin_depths"": 2.0, ""nu"": 4, ""nv"": 6, ""open_frac"": 0.35, ""pitch"": 5.5, ""seed"": 23, ""wall"": 0.5}"
PF_p0550_o35,perf,perforated pyramid,perforated pyramid,5.5,0.35,0.5,4,6,0.26644,1.8766,0.18182,23,d100,-20.0,0.0024958972353488207,0.04999997094273567,"{""backing"": 2.0, ""depth"": 50.0, ""face_h"": 60.0, ""face_w"": 60.0, ""margin_depths"": 2.0, ""nu"": 4, ""nv"": 6, ""open_frac"": 0.35, ""pitch"": 5.5, ""seed"": 23, ""wall"": 0.5}"
PF_p0550_o35,perf,perforated pyramid,perforated pyramid,5.5,0.35,0.5,4,6,0.26644,1.8766,0.18182,23,d100,20.0,0.002452416578307748,0.04999997094273567,"{""backing"": 2.0, ""depth"": 50.0, ""face_h"": 60.0, ""face_w"": 60.0, ""margin_depths"": 2.0, ""nu"": 4, ""nv"": 6, ""open_frac"": 0.35, ""pitch"": 5.5, ""seed"": 23, ""wall"": 0.5}"
PF_p0550_o35,perf,perforated pyramid,perforated pyramid,5.5,0.35,0.5,4,6,0.26644,1.8766,0.18182,23,d100,-40.0,0.003141236724331975,0.04999997094273567,"{""backing"": 2.0, ""depth"": 50.0, ""face_h"": 60.0, ""face_w"": 60.0, ""margin_depths"": 2.0, ""nu"": 4, ""nv"": 6, ""open_frac"": 0.35, ""pitch"": 5.5, ""seed"": 23, ""wall"": 0.5}"
PF_p0550_o35,perf,perforated pyramid,perforated pyramid,5.5,0.35,0.5,4,6,0.26644,1.8766,0.18182,23,d100,40.0,0.003090794663876295,0.04999997094273567,"{""backing"": 2.0, ""depth"": 50.0, ""face_h"": 60.0, ""face_w"": 60.0, ""margin_depths"": 2.0, ""nu"": 4, ""nv"": 6, ""open_frac"": 0.35, ""pitch"": 5.5, ""seed"": 23, ""wall"": 0.5}"
P2_n08_w050,perf,perforated pyramid,perforated pyramid,5.5,0.35,0.5,8,12,0.13322,3.7532,0.18182,23,d00,0.0,0.0022839584853500128,0.04999997094273567,"{""backing"": 2.0, ""depth"": 50.0, ""face_h"": 60.0, ""face_w"": 60.0, ""margin_depths"": 2.0, ""nu"": 8, ""nv"": 12, ""open_frac"": 0.35, ""pitch"": 5.5, ""seed"": 23, ""wall"": 0.5}"
P2_n08_w050,perf,perforated pyramid,perforated pyramid,5.5,0.35,0.5,8,12,0.13322,3.7532,0.18182,23,d00,-20.0,0.0018530830275267363,0.04999997094273567,"{""backing"": 2.0, ""depth"": 50.0, ""face_h"": 60.0, ""face_w"": 60.0, ""margin_depths"": 2.0, ""nu"": 8, ""nv"": 12, ""open_frac"": 0.35, ""pitch"": 5.5, ""seed"": 23, ""wall"": 0.5}"
P2_n08_w050,perf,perforated pyramid,perforated pyramid,5.5,0.35,0.5,8,12,0.13322,3.7532,0.18182,23,d00,20.0,0.001848733052611351,0.04999997094273567,"{""backing"": 2.0, ""depth"": 50.0, ""face_h"": 60.0, ""face_w"": 60.0, ""margin_depths"": 2.0, ""nu"": 8, ""nv"": 12, ""open_frac"": 0.35, ""pitch"": 5.5, ""seed"": 23, ""wall"": 0.5}"
P2_n08_w050,perf,perforated pyramid,perforated pyramid,5.5,0.35,0.5,8,12,0.13322,3.7532,0.18182,23,d00,-40.0,0.0024717224296182394,0.04999997094273567,"{""backing"": 2.0, ""depth"": 50.0, ""face_h"": 60.0, ""face_w"": 60.0, ""margin_depths"": 2.0, ""nu"": 8, ""nv"": 12, ""open_frac"": 0.35, ""pitch"": 5.5, ""seed"": 23, ""wall"": 0.5}"
P2_n08_w050,perf,perforated pyramid,perforated pyramid,5.5,0.35,0.5,8,12,0.13322,3.7532,0.18182,23,d00,40.0,0.00256562908180058,0.04999997094273567,"{""backing"": 2.0, ""depth"": 50.0, ""face_h"": 60.0, ""face_w"": 60.0, ""margin_depths"": 2.0, ""nu"": 8, ""nv"": 12, ""open_frac"": 0.35, ""pitch"": 5.5, ""seed"": 23, ""wall"": 0.5}"
P2_n08_w050,perf,perforated pyramid,perforated pyramid,5.5,0.35,0.5,8,12,0.13322,3.7532,0.18182,23,d76,0.0,0.0019504022784531116,0.04999997094273567,"{""backing"": 2.0, ""depth"": 50.0, ""face_h"": 60.0, ""face_w"": 60.0, ""margin_depths"": 2.0, ""nu"": 8, ""nv"": 12, ""open_frac"": 0.35, ""pitch"": 5.5, ""seed"": 23, ""wall"": 0.5}"
P2_n08_w050,perf,perforated pyramid,perforated pyramid,5.5,0.35,0.5,8,12,0.13322,3.7532,0.18182,23,d76,-20.0,0.002256007632240653,0.04999997094273567,"{""backing"": 2.0, ""depth"": 50.0, ""face_h"": 60.0, ""face_w"": 60.0, ""margin_depths"": 2.0, ""nu"": 8, ""nv"": 12, ""open_frac"": 0.35, ""pitch"": 5.5, ""seed"": 23, ""wall"": 0.5}"
P2_n08_w050,perf,perforated pyramid,perforated pyramid,5.5,0.35,0.5,8,12,0.13322,3.7532,0.18182,23,d76,20.0,0.002212048275396228,0.04999997094273567,"{""backing"": 2.0, ""depth"": 50.0, ""face_h"": 60.0, ""face_w"": 60.0, ""margin_depths"": 2.0, ""nu"": 8, ""nv"": 12, ""open_frac"": 0.35, ""pitch"": 5.5, ""seed"": 23, ""wall"": 0.5}"
P2_n08_w050,perf,perforated pyramid,perforated pyramid,5.5,0.35,0.5,8,12,0.13322,3.7532,0.18182,23,d76,-40.0,0.002880552550777793,0.04999997094273567,"{""backing"": 2.0, ""depth"": 50.0, ""face_h"": 60.0, ""face_w"": 60.0, ""margin_depths"": 2.0, ""nu"": 8, ""nv"": 12, ""open_frac"": 0.35, ""pitch"": 5.5, ""seed"": 23, ""wall"": 0.5}"
P2_n08_w050,perf,perforated pyramid,perforated pyramid,5.5,0.35,0.5,8,12,0.13322,3.7532,0.18182,23,d76,40.0,0.002887496491894126,0.04999997094273567,"{""backing"": 2.0, ""depth"": 50.0, ""face_h"": 60.0, ""face_w"": 60.0, ""margin_depths"": 2.0, ""nu"": 8, ""nv"": 12, ""open_frac"": 0.35, ""pitch"": 5.5, ""seed"": 23, ""wall"": 0.5}"
P2_n08_w050,perf,perforated pyramid,perforated pyramid,5.5,0.35,0.5,8,12,0.13322,3.7532,0.18182,23,d100,0.0,0.0018757787765935063,0.04999997094273567,"{""backing"": 2.0, ""depth"": 50.0, ""face_h"": 60.0, ""face_w"": 60.0, ""margin_depths"": 2.0, ""nu"": 8, ""nv"": 12, ""open_frac"": 0.35, ""pitch"": 5.5, ""seed"": 23, ""wall"": 0.5}"
P2_n08_w050,perf,perforated pyramid,perforated pyramid,5.5,0.35,0.5,8,12,0.13322,3.7532,0.18182,23,d100,-20.0,0.002391459885984659,0.04999997094273567,"{""backing"": 2.0, ""depth"": 50.0, ""face_h"": 60.0, ""face_w"": 60.0, ""margin_depths"": 2.0, ""nu"": 8, ""nv"": 12, ""open_frac"": 0.35, ""pitch"": 5.5, ""seed"": 23, ""wall"": 0.5}"
P2_n08_w050,perf,perforated pyramid,perforated pyramid,5.5,0.35,0.5,8,12,0.13322,3.7532,0.18182,23,d100,20.0,0.002337399171665311,0.04999997094273567,"{""backing"": 2.0, ""depth"": 50.0, ""face_h"": 60.0, ""face_w"": 60.0, ""margin_depths"": 2.0, ""nu"": 8, ""nv"": 12, ""open_frac"": 0.35, ""pitch"": 5.5, ""seed"": 23, ""wall"": 0.5}"
P2_n08_w050,perf,perforated pyramid,perforated pyramid,5.5,0.35,0.5,8,12,0.13322,3.7532,0.18182,23,d100,-40.0,0.003017580835148692,0.04999997094273567,"{""backing"": 2.0, ""depth"": 50.0, ""face_h"": 60.0, ""face_w"": 60.0, ""margin_depths"": 2.0, ""nu"": 8, ""nv"": 12, ""open_frac"": 0.35, ""pitch"": 5.5, ""seed"": 23, ""wall"": 0.5}"
P2_n08_w050,perf,perforated pyramid,perforated pyramid,5.5,0.35,0.5,8,12,0.13322,3.7532,0.18182,23,d100,40.0,0.002992352470755577,0.04999997094273567,"{""backing"": 2.0, ""depth"": 50.0, ""face_h"": 60.0, ""face_w"": 60.0, ""margin_depths"": 2.0, ""nu"": 8, ""nv"": 12, ""open_frac"": 0.35, ""pitch"": 5.5, ""seed"": 23, ""wall"": 0.5}"
P2_n12_w050,perf,perforated pyramid,perforated pyramid,5.5,0.35,0.5,12,18,0.08881,5.6298,0.18182,23,d00,0.0,0.00221970840357244,0.04999997094273567,"{""backing"": 2.0, ""depth"": 50.0, ""face_h"": 60.0, ""face_w"": 60.0, ""margin_depths"": 2.0, ""nu"": 12, ""nv"": 18, ""open_frac"": 0.35, ""pitch"": 5.5, ""seed"": 23, ""wall"": 0.5}"
P2_n12_w050,perf,perforated pyramid,perforated pyramid,5.5,0.35,0.5,12,18,0.08881,5.6298,0.18182,23,d00,-20.0,0.0017830953001976013,0.04999997094273567,"{""backing"": 2.0, ""depth"": 50.0, ""face_h"": 60.0, ""face_w"": 60.0, ""margin_depths"": 2.0, ""nu"": 12, ""nv"": 18, ""open_frac"": 0.35, ""pitch"": 5.5, ""seed"": 23, ""wall"": 0.5}"
P2_n12_w050,perf,perforated pyramid,perforated pyramid,5.5,0.35,0.5,12,18,0.08881,5.6298,0.18182,23,d00,20.0,0.0017777285538613796,0.04999997094273567,"{""backing"": 2.0, ""depth"": 50.0, ""face_h"": 60.0, ""face_w"": 60.0, ""margin_depths"": 2.0, ""nu"": 12, ""nv"": 18, ""open_frac"": 0.35, ""pitch"": 5.5, ""seed"": 23, ""wall"": 0.5}"
P2_n12_w050,perf,perforated pyramid,perforated pyramid,5.5,0.35,0.5,12,18,0.08881,5.6298,0.18182,23,d00,-40.0,0.0023010645527392626,0.04999997094273567,"{""backing"": 2.0, ""depth"": 50.0, ""face_h"": 60.0, ""face_w"": 60.0, ""margin_depths"": 2.0, ""nu"": 12, ""nv"": 18, ""open_frac"": 0.35, ""pitch"": 5.5, ""seed"": 23, ""wall"": 0.5}"
P2_n12_w050,perf,perforated pyramid,perforated pyramid,5.5,0.35,0.5,12,18,0.08881,5.6298,0.18182,23,d00,40.0,0.0023315977305173874,0.04999997094273567,"{""backing"": 2.0, ""depth"": 50.0, ""face_h"": 60.0, ""face_w"": 60.0, ""margin_depths"": 2.0, ""nu"": 12, ""nv"": 18, ""open_frac"": 0.35, ""pitch"": 5.5, ""seed"": 23, ""wall"": 0.5}"
P2_n12_w050,perf,perforated pyramid,perforated pyramid,5.5,0.35,0.5,12,18,0.08881,5.6298,0.18182,23,d76,0.0,0.0019057680619880557,0.04999997094273567,"{""backing"": 2.0, ""depth"": 50.0, ""face_h"": 60.0, ""face_w"": 60.0, ""margin_depths"": 2.0, ""nu"": 12, ""nv"": 18, ""open_frac"": 0.35, ""pitch"": 5.5, ""seed"": 23, ""wall"": 0.5}"
P2_n12_w050,perf,perforated pyramid,perforated pyramid,5.5,0.35,0.5,12,18,0.08881,5.6298,0.18182,23,d76,-20.0,0.0021928332280367613,0.04999997094273567,"{""backing"": 2.0, ""depth"": 50.0, ""face_h"": 60.0, ""face_w"": 60.0, ""margin_depths"": 2.0, ""nu"": 12, ""nv"": 18, ""open_frac"": 0.35, ""pitch"": 5.5, ""seed"": 23, ""wall"": 0.5}"
P2_n12_w050,perf,perforated pyramid,perforated pyramid,5.5,0.35,0.5,12,18,0.08881,5.6298,0.18182,23,d76,20.0,0.0021614632569253445,0.04999997094273567,"{""backing"": 2.0, ""depth"": 50.0, ""face_h"": 60.0, ""face_w"": 60.0, ""margin_depths"": 2.0, ""nu"": 12, ""nv"": 18, ""open_frac"": 0.35, ""pitch"": 5.5, ""seed"": 23, ""wall"": 0.5}"
P2_n12_w050,perf,perforated pyramid,perforated pyramid,5.5,0.35,0.5,12,18,0.08881,5.6298,0.18182,23,d76,-40.0,0.0027926969341933727,0.04999997094273567,"{""backing"": 2.0, ""depth"": 50.0, ""face_h"": 60.0, ""face_w"": 60.0, ""margin_depths"": 2.0, ""nu"": 12, ""nv"": 18, ""open_frac"": 0.35, ""pitch"": 5.5, ""seed"": 23, ""wall"": 0.5}"
P2_n12_w050,perf,perforated pyramid,perforated pyramid,5.5,0.35,0.5,12,18,0.08881,5.6298,0.18182,23,d76,40.0,0.002758401446044445,0.04999997094273567,"{""backing"": 2.0, ""depth"": 50.0, ""face_h"": 60.0, ""face_w"": 60.0, ""margin_depths"": 2.0, ""nu"": 12, ""nv"": 18, ""open_frac"": 0.35, ""pitch"": 5.5, ""seed"": 23, ""wall"": 0.5}"
P2_n12_w050,perf,perforated pyramid,perforated pyramid,5.5,0.35,0.5,12,18,0.08881,5.6298,0.18182,23,d100,0.0,0.0018257694318890572,0.04999997094273567,"{""backing"": 2.0, ""depth"": 50.0, ""face_h"": 60.0, ""face_w"": 60.0, ""margin_depths"": 2.0, ""nu"": 12, ""nv"": 18, ""open_frac"": 0.35, ""pitch"": 5.5, ""seed"": 23, ""wall"": 0.5}"
P2_n12_w050,perf,perforated pyramid,perforated pyramid,5.5,0.35,0.5,12,18,0.08881,5.6298,0.18182,23,d100,-20.0,0.0023312580306082964,0.04999997094273567,"{""backing"": 2.0, ""depth"": 50.0, ""face_h"": 60.0, ""face_w"": 60.0, ""margin_depths"": 2.0, ""nu"": 12, ""nv"": 18, ""open_frac"": 0.35, ""pitch"": 5.5, ""seed"": 23, ""wall"": 0.5}"
P2_n12_w050,perf,perforated pyramid,perforated pyramid,5.5,0.35,0.5,12,18,0.08881,5.6298,0.18182,23,d100,20.0,0.0022895080037415028,0.04999997094273567,"{""backing"": 2.0, ""depth"": 50.0, ""face_h"": 60.0, ""face_w"": 60.0, ""margin_depths"": 2.0, ""nu"": 12, ""nv"": 18, ""open_frac"": 0.35, ""pitch"": 5.5, ""seed"": 23, ""wall"": 0.5}"
P2_n12_w050,perf,perforated pyramid,perforated pyramid,5.5,0.35,0.5,12,18,0.08881,5.6298,0.18182,23,d100,-40.0,0.0029565186705440283,0.04999997094273567,"{""backing"": 2.0, ""depth"": 50.0, ""face_h"": 60.0, ""face_w"": 60.0, ""margin_depths"": 2.0, ""nu"": 12, ""nv"": 18, ""open_frac"": 0.35, ""pitch"": 5.5, ""seed"": 23, ""wall"": 0.5}"
P2_n12_w050,perf,perforated pyramid,perforated pyramid,5.5,0.35,0.5,12,18,0.08881,5.6298,0.18182,23,d100,40.0,0.0029153742361813784,0.04999997094273567,"{""backing"": 2.0, ""depth"": 50.0, ""face_h"": 60.0, ""face_w"": 60.0, ""margin_depths"": 2.0, ""nu"": 12, ""nv"": 18, ""open_frac"": 0.35, ""pitch"": 5.5, ""seed"": 23, ""wall"": 0.5}"
P2_n08_w025,perf,perforated pyramid,perforated pyramid,5.5,0.35,0.25,8,12,0.13322,1.8766,0.09091,23,d00,0.0,0.001686299336142838,0.04999997094273567,"{""backing"": 2.0, ""depth"": 50.0, ""face_h"": 60.0, ""face_w"": 60.0, ""margin_depths"": 2.0, ""nu"": 8, ""nv"": 12, ""open_frac"": 0.35, ""pitch"": 5.5, ""seed"": 23, ""wall"": 0.25}"
P2_n08_w025,perf,perforated pyramid,perforated pyramid,5.5,0.35,0.25,8,12,0.13322,1.8766,0.09091,23,d00,-20.0,0.0013262225547805429,0.04999997094273567,"{""backing"": 2.0, ""depth"": 50.0, ""face_h"": 60.0, ""face_w"": 60.0, ""margin_depths"": 2.0, ""nu"": 8, ""nv"": 12, ""open_frac"": 0.35, ""pitch"": 5.5, ""seed"": 23, ""wall"": 0.25}"
P2_n08_w025,perf,perforated pyramid,perforated pyramid,5.5,0.35,0.25,8,12,0.13322,1.8766,0.09091,23,d00,20.0,0.0012905508046969771,0.04999997094273567,"{""backing"": 2.0, ""depth"": 50.0, ""face_h"": 60.0, ""face_w"": 60.0, ""margin_depths"": 2.0, ""nu"": 8, ""nv"": 12, ""open_frac"": 0.35, ""pitch"": 5.5, ""seed"": 23, ""wall"": 0.25}"
P2_n08_w025,perf,perforated pyramid,perforated pyramid,5.5,0.35,0.25,8,12,0.13322,1.8766,0.09091,23,d00,-40.0,0.0016995274927467108,0.04999997094273567,"{""backing"": 2.0, ""depth"": 50.0, ""face_h"": 60.0, ""face_w"": 60.0, ""margin_depths"": 2.0, ""nu"": 8, ""nv"": 12, ""open_frac"": 0.35, ""pitch"": 5.5, ""seed"": 23, ""wall"": 0.25}"
P2_n08_w025,perf,perforated pyramid,perforated pyramid,5.5,0.35,0.25,8,12,0.13322,1.8766,0.09091,23,d00,40.0,0.001726133981719613,0.04999997094273567,"{""backing"": 2.0, ""depth"": 50.0, ""face_h"": 60.0, ""face_w"": 60.0, ""margin_depths"": 2.0, ""nu"": 8, ""nv"": 12, ""open_frac"": 0.35, ""pitch"": 5.5, ""seed"": 23, ""wall"": 0.25}"
P2_n08_w025,perf,perforated pyramid,perforated pyramid,5.5,0.35,0.25,8,12,0.13322,1.8766,0.09091,23,d76,0.0,0.001356523367576301,0.04999997094273567,"{""backing"": 2.0, ""depth"": 50.0, ""face_h"": 60.0, ""face_w"": 60.0, ""margin_depths"": 2.0, ""nu"": 8, ""nv"": 12, ""open_frac"": 0.35, ""pitch"": 5.5, ""seed"": 23, ""wall"": 0.25}"
P2_n08_w025,perf,perforated pyramid,perforated pyramid,5.5,0.35,0.25,8,12,0.13322,1.8766,0.09091,23,d76,-20.0,0.0017172519583255053,0.04999997094273567,"{""backing"": 2.0, ""depth"": 50.0, ""face_h"": 60.0, ""face_w"": 60.0, ""margin_depths"": 2.0, ""nu"": 8, ""nv"": 12, ""open_frac"": 0.35, ""pitch"": 5.5, ""seed"": 23, ""wall"": 0.25}"
P2_n08_w025,perf,perforated pyramid,perforated pyramid,5.5,0.35,0.25,8,12,0.13322,1.8766,0.09091,23,d76,20.0,0.0016472622519358993,0.04999997094273567,"{""backing"": 2.0, ""depth"": 50.0, ""face_h"": 60.0, ""face_w"": 60.0, ""margin_depths"": 2.0, ""nu"": 8, ""nv"": 12, ""open_frac"": 0.35, ""pitch"": 5.5, ""seed"": 23, ""wall"": 0.25}"
P2_n08_w025,perf,perforated pyramid,perforated pyramid,5.5,0.35,0.25,8,12,0.13322,1.8766,0.09091,23,d76,-40.0,0.0023239669390022755,0.04999997094273567,"{""backing"": 2.0, ""depth"": 50.0, ""face_h"": 60.0, ""face_w"": 60.0, ""margin_depths"": 2.0, ""nu"": 8, ""nv"": 12, ""open_frac"": 0.35, ""pitch"": 5.5, ""seed"": 23, ""wall"": 0.25}"
P2_n08_w025,perf,perforated pyramid,perforated pyramid,5.5,0.35,0.25,8,12,0.13322,1.8766,0.09091,23,d76,40.0,0.002284395508468151,0.04999997094273567,"{""backing"": 2.0, ""depth"": 50.0, ""face_h"": 60.0, ""face_w"": 60.0, ""margin_depths"": 2.0, ""nu"": 8, ""nv"": 12, ""open_frac"": 0.35, ""pitch"": 5.5, ""seed"": 23, ""wall"": 0.25}"
P2_n08_w025,perf,perforated pyramid,perforated pyramid,5.5,0.35,0.25,8,12,0.13322,1.8766,0.09091,23,d100,0.0,0.0012768481392413378,0.04999997094273567,"{""backing"": 2.0, ""depth"": 50.0, ""face_h"": 60.0, ""face_w"": 60.0, ""margin_depths"": 2.0, ""nu"": 8, ""nv"": 12, ""open_frac"": 0.35, ""pitch"": 5.5, ""seed"": 23, ""wall"": 0.25}"
P2_n08_w025,perf,perforated pyramid,perforated pyramid,5.5,0.35,0.25,8,12,0.13322,1.8766,0.09091,23,d100,-20.0,0.0018449032213538885,0.04999997094273567,"{""backing"": 2.0, ""depth"": 50.0, ""face_h"": 60.0, ""face_w"": 60.0, ""margin_depths"": 2.0, ""nu"": 8, ""nv"": 12, ""open_frac"": 0.35, ""pitch"": 5.5, ""seed"": 23, ""wall"": 0.25}"
P2_n08_w025,perf,perforated pyramid,perforated pyramid,5.5,0.35,0.25,8,12,0.13322,1.8766,0.09091,23,d100,20.0,0.00178850709926337,0.04999997094273567,"{""backing"": 2.0, ""depth"": 50.0, ""face_h"": 60.0, ""face_w"": 60.0, ""margin_depths"": 2.0, ""nu"": 8, ""nv"": 12, ""open_frac"": 0.35, ""pitch"": 5.5, ""seed"": 23, ""wall"": 0.25}"
P2_n08_w025,perf,perforated pyramid,perforated pyramid,5.5,0.35,0.25,8,12,0.13322,1.8766,0.09091,23,d100,-40.0,0.002534929197281599,0.04999997094273567,"{""backing"": 2.0, ""depth"": 50.0, ""face_h"": 60.0, ""face_w"": 60.0, ""margin_depths"": 2.0, ""nu"": 8, ""nv"": 12, ""open_frac"": 0.35, ""pitch"": 5.5, ""seed"": 23, ""wall"": 0.25}"
P2_n08_w025,perf,perforated pyramid,perforated pyramid,5.5,0.35,0.25,8,12,0.13322,1.8766,0.09091,23,d100,40.0,0.0024775576312094927,0.04999997094273567,"{""backing"": 2.0, ""depth"": 50.0, ""face_h"": 60.0, ""face_w"": 60.0, ""margin_depths"": 2.0, ""nu"": 8, ""nv"": 12, ""open_frac"": 0.35, ""pitch"": 5.5, ""seed"": 23, ""wall"": 0.25}"
P2_n08_w100,perf,perforated pyramid,perforated pyramid,5.5,0.35,1.0,8,12,0.13322,7.5064,0.36364,23,d00,0.0,0.003305294783785939,0.04999997094273567,"{""backing"": 2.0, ""depth"": 50.0, ""face_h"": 60.0, ""face_w"": 60.0, ""margin_depths"": 2.0, ""nu"": 8, ""nv"": 12, ""open_frac"": 0.35, ""pitch"": 5.5, ""seed"": 23, ""wall"": 1.0}"
P2_n08_w100,perf,perforated pyramid,perforated pyramid,5.5,0.35,1.0,8,12,0.13322,7.5064,0.36364,23,d00,-20.0,0.0029658328276127577,0.04999997094273567,"{""backing"": 2.0, ""depth"": 50.0, ""face_h"": 60.0, ""face_w"": 60.0, ""margin_depths"": 2.0, ""nu"": 8, ""nv"": 12, ""open_frac"": 0.35, ""pitch"": 5.5, ""seed"": 23, ""wall"": 1.0}"
P2_n08_w100,perf,perforated pyramid,perforated pyramid,5.5,0.35,1.0,8,12,0.13322,7.5064,0.36364,23,d00,20.0,0.002953948453068733,0.04999997094273567,"{""backing"": 2.0, ""depth"": 50.0, ""face_h"": 60.0, ""face_w"": 60.0, ""margin_depths"": 2.0, ""nu"": 8, ""nv"": 12, ""open_frac"": 0.35, ""pitch"": 5.5, ""seed"": 23, ""wall"": 1.0}"
P2_n08_w100,perf,perforated pyramid,perforated pyramid,5.5,0.35,1.0,8,12,0.13322,7.5064,0.36364,23,d00,-40.0,0.0034511203411966562,0.04999997094273567,"{""backing"": 2.0, ""depth"": 50.0, ""face_h"": 60.0, ""face_w"": 60.0, ""margin_depths"": 2.0, ""nu"": 8, ""nv"": 12, ""open_frac"": 0.35, ""pitch"": 5.5, ""seed"": 23, ""wall"": 1.0}"
P2_n08_w100,perf,perforated pyramid,perforated pyramid,5.5,0.35,1.0,8,12,0.13322,7.5064,0.36364,23,d00,40.0,0.0034524300135672092,0.04999997094273567,"{""backing"": 2.0, ""depth"": 50.0, ""face_h"": 60.0, ""face_w"": 60.0, ""margin_depths"": 2.0, ""nu"": 8, ""nv"": 12, ""open_frac"": 0.35, ""pitch"": 5.5, ""seed"": 23, ""wall"": 1.0}"
P2_n08_w100,perf,perforated pyramid,perforated pyramid,5.5,0.35,1.0,8,12,0.13322,7.5064,0.36364,23,d76,0.0,0.0030343825928866863,0.04999997094273567,"{""backing"": 2.0, ""depth"": 50.0, ""face_h"": 60.0, ""face_w"": 60.0, ""margin_depths"": 2.0, ""nu"": 8, ""nv"": 12, ""open_frac"": 0.35, ""pitch"": 5.5, ""seed"": 23, ""wall"": 1.0}"
P2_n08_w100,perf,perforated pyramid,perforated pyramid,5.5,0.35,1.0,8,12,0.13322,7.5064,0.36364,23,d76,-20.0,0.0032847803086042404,0.04999997094273567,"{""backing"": 2.0, ""depth"": 50.0, ""face_h"": 60.0, ""face_w"": 60.0, ""margin_depths"": 2.0, ""nu"": 8, ""nv"": 12, ""open_frac"": 0.35, ""pitch"": 5.5, ""seed"": 23, ""wall"": 1.0}"
P2_n08_w100,perf,perforated pyramid,perforated pyramid,5.5,0.35,1.0,8,12,0.13322,7.5064,0.36364,23,d76,20.0,0.0032523281406611204,0.04999997094273567,"{""backing"": 2.0, ""depth"": 50.0, ""face_h"": 60.0, ""face_w"": 60.0, ""margin_depths"": 2.0, ""nu"": 8, ""nv"": 12, ""open_frac"": 0.35, ""pitch"": 5.5, ""seed"": 23, ""wall"": 1.0}"
P2_n08_w100,perf,perforated pyramid,perforated pyramid,5.5,0.35,1.0,8,12,0.13322,7.5064,0.36364,23,d76,-40.0,0.003798933234065771,0.04999997094273567,"{""backing"": 2.0, ""depth"": 50.0, ""face_h"": 60.0, ""face_w"": 60.0, ""margin_depths"": 2.0, ""nu"": 8, ""nv"": 12, ""open_frac"": 0.35, ""pitch"": 5.5, ""seed"": 23, ""wall"": 1.0}"
P2_n08_w100,perf,perforated pyramid,perforated pyramid,5.5,0.35,1.0,8,12,0.13322,7.5064,0.36364,23,d76,40.0,0.003781002014875412,0.04999997094273567,"{""backing"": 2.0, ""depth"": 50.0, ""face_h"": 60.0, ""face_w"": 60.0, ""margin_depths"": 2.0, ""nu"": 8, ""nv"": 12, ""open_frac"": 0.35, ""pitch"": 5.5, ""seed"": 23, ""wall"": 1.0}"
P2_n08_w100,perf,perforated pyramid,perforated pyramid,5.5,0.35,1.0,8,12,0.13322,7.5064,0.36364,23,d100,0.0,0.002977188443765044,0.04999997094273567,"{""backing"": 2.0, ""depth"": 50.0, ""face_h"": 60.0, ""face_w"": 60.0, ""margin_depths"": 2.0, ""nu"": 8, ""nv"": 12, ""open_frac"": 0.35, ""pitch"": 5.5, ""seed"": 23, ""wall"": 1.0}"
P2_n08_w100,perf,perforated pyramid,perforated pyramid,5.5,0.35,1.0,8,12,0.13322,7.5064,0.36364,23,d100,-20.0,0.003410806879401207,0.04999997094273567,"{""backing"": 2.0, ""depth"": 50.0, ""face_h"": 60.0, ""face_w"": 60.0, ""margin_depths"": 2.0, ""nu"": 8, ""nv"": 12, ""open_frac"": 0.35, ""pitch"": 5.5, ""seed"": 23, ""wall"": 1.0}"
P2_n08_w100,perf,perforated pyramid,perforated pyramid,5.5,0.35,1.0,8,12,0.13322,7.5064,0.36364,23,d100,20.0,0.003362247720360756,0.04999997094273567,"{""backing"": 2.0, ""depth"": 50.0, ""face_h"": 60.0, ""face_w"": 60.0, ""margin_depths"": 2.0, ""nu"": 8, ""nv"": 12, ""open_frac"": 0.35, ""pitch"": 5.5, ""seed"": 23, ""wall"": 1.0}"
P2_n08_w100,perf,perforated pyramid,perforated pyramid,5.5,0.35,1.0,8,12,0.13322,7.5064,0.36364,23,d100,-40.0,0.003936751279979944,0.04999997094273567,"{""backing"": 2.0, ""depth"": 50.0, ""face_h"": 60.0, ""face_w"": 60.0, ""margin_depths"": 2.0, ""nu"": 8, ""nv"": 12, ""open_frac"": 0.35, ""pitch"": 5.5, ""seed"": 23, ""wall"": 1.0}"
P2_n08_w100,perf,perforated pyramid,perforated pyramid,5.5,0.35,1.0,8,12,0.13322,7.5064,0.36364,23,d100,40.0,0.003894694382324815,0.04999997094273567,"{""backing"": 2.0, ""depth"": 50.0, ""face_h"": 60.0, ""face_w"": 60.0, ""margin_depths"": 2.0, ""nu"": 8, ""nv"": 12, ""open_frac"": 0.35, ""pitch"": 5.5, ""seed"": 23, ""wall"": 1.0}"
