tag,family,topology,shape,aspect,pitch,seed,diffuse_frac,theta,rho,control,params_json
AN_cnv_a283,floor,convoluted,convoluted,2.83,17.6678,23,d00,0.0,0.0022982778027653694,0.04999997094273567,"{""backing"": 2.0, ""depth"": 50.0, ""face_h"": 60.0, ""face_w"": 60.0, ""grid"": 12, ""kind"": ""wave"", ""margin_depths"": 2.0, ""pitch"": 17.6678445229682}"
AN_cnv_a283,floor,convoluted,convoluted,2.83,17.6678,23,d00,-20.0,0.0022646146826446056,0.04999997094273567,"{""backing"": 2.0, ""depth"": 50.0, ""face_h"": 60.0, ""face_w"": 60.0, ""grid"": 12, ""kind"": ""wave"", ""margin_depths"": 2.0, ""pitch"": 17.6678445229682}"
AN_cnv_a283,floor,convoluted,convoluted,2.83,17.6678,23,d00,20.0,0.0022544271778315306,0.04999997094273567,"{""backing"": 2.0, ""depth"": 50.0, ""face_h"": 60.0, ""face_w"": 60.0, ""grid"": 12, ""kind"": ""wave"", ""margin_depths"": 2.0, ""pitch"": 17.6678445229682}"
AN_cnv_a283,floor,convoluted,convoluted,2.83,17.6678,23,d00,-40.0,0.002416119212284684,0.04999997094273567,"{""backing"": 2.0, ""depth"": 50.0, ""face_h"": 60.0, ""face_w"": 60.0, ""grid"": 12, ""kind"": ""wave"", ""margin_depths"": 2.0, ""pitch"": 17.6678445229682}"
AN_cnv_a283,floor,convoluted,convoluted,2.83,17.6678,23,d00,40.0,0.002418751595541835,0.04999997094273567,"{""backing"": 2.0, ""depth"": 50.0, ""face_h"": 60.0, ""face_w"": 60.0, ""grid"": 12, ""kind"": ""wave"", ""margin_depths"": 2.0, ""pitch"": 17.6678445229682}"
AN_cnv_a283,floor,convoluted,convoluted,2.83,17.6678,23,d76,0.0,0.0018194140866398811,0.04999997094273567,"{""backing"": 2.0, ""depth"": 50.0, ""face_h"": 60.0, ""face_w"": 60.0, ""grid"": 12, ""kind"": ""wave"", ""margin_depths"": 2.0, ""pitch"": 17.6678445229682}"
AN_cnv_a283,floor,convoluted,convoluted,2.83,17.6678,23,d76,-20.0,0.0020055407658219337,0.04999997094273567,"{""backing"": 2.0, ""depth"": 50.0, ""face_h"": 60.0, ""face_w"": 60.0, ""grid"": 12, ""kind"": ""wave"", ""margin_depths"": 2.0, ""pitch"": 17.6678445229682}"
AN_cnv_a283,floor,convoluted,convoluted,2.83,17.6678,23,d76,20.0,0.0020142379216849804,0.04999997094273567,"{""backing"": 2.0, ""depth"": 50.0, ""face_h"": 60.0, ""face_w"": 60.0, ""grid"": 12, ""kind"": ""wave"", ""margin_depths"": 2.0, ""pitch"": 17.6678445229682}"
AN_cnv_a283,floor,convoluted,convoluted,2.83,17.6678,23,d76,-40.0,0.002606532536447048,0.04999997094273567,"{""backing"": 2.0, ""depth"": 50.0, ""face_h"": 60.0, ""face_w"": 60.0, ""grid"": 12, ""kind"": ""wave"", ""margin_depths"": 2.0, ""pitch"": 17.6678445229682}"
AN_cnv_a283,floor,convoluted,convoluted,2.83,17.6678,23,d76,40.0,0.002579550491645932,0.04999997094273567,"{""backing"": 2.0, ""depth"": 50.0, ""face_h"": 60.0, ""face_w"": 60.0, ""grid"": 12, ""kind"": ""wave"", ""margin_depths"": 2.0, ""pitch"": 17.6678445229682}"
AN_cnv_a283,floor,convoluted,convoluted,2.83,17.6678,23,d100,0.0,0.0018304040422663093,0.04999997094273567,"{""backing"": 2.0, ""depth"": 50.0, ""face_h"": 60.0, ""face_w"": 60.0, ""grid"": 12, ""kind"": ""wave"", ""margin_depths"": 2.0, ""pitch"": 17.6678445229682}"
AN_cnv_a283,floor,convoluted,convoluted,2.83,17.6678,23,d100,-20.0,0.0021106000058352947,0.04999997094273567,"{""backing"": 2.0, ""depth"": 50.0, ""face_h"": 60.0, ""face_w"": 60.0, ""grid"": 12, ""kind"": ""wave"", ""margin_depths"": 2.0, ""pitch"": 17.6678445229682}"
AN_cnv_a283,floor,convoluted,convoluted,2.83,17.6678,23,d100,20.0,0.0021002597641199827,0.04999997094273567,"{""backing"": 2.0, ""depth"": 50.0, ""face_h"": 60.0, ""face_w"": 60.0, ""grid"": 12, ""kind"": ""wave"", ""margin_depths"": 2.0, ""pitch"": 17.6678445229682}"
AN_cnv_a283,floor,convoluted,convoluted,2.83,17.6678,23,d100,-40.0,0.0028434344567358494,0.04999997094273567,"{""backing"": 2.0, ""depth"": 50.0, ""face_h"": 60.0, ""face_w"": 60.0, ""grid"": 12, ""kind"": ""wave"", ""margin_depths"": 2.0, ""pitch"": 17.6678445229682}"
AN_cnv_a283,floor,convoluted,convoluted,2.83,17.6678,23,d100,40.0,0.002813188126310706,0.04999997094273567,"{""backing"": 2.0, ""depth"": 50.0, ""face_h"": 60.0, ""face_w"": 60.0, ""grid"": 12, ""kind"": ""wave"", ""margin_depths"": 2.0, ""pitch"": 17.6678445229682}"
AN_hol_a283,stack,hollow pyramid,hollow pyramid,2.83,17.6678,23,d00,0.0,0.0019458457827568054,0.048858340829610825,"{""backing"": 2.0, ""bot_depth"": 3.0, ""face_h"": 60.0, ""face_w"": 60.0, ""margin_depths"": 2.0, ""top_depth"": 47.0}"
AN_hol_a283,stack,hollow pyramid,hollow pyramid,2.83,17.6678,23,d00,-20.0,0.0016780308214947581,0.04872586950659752,"{""backing"": 2.0, ""bot_depth"": 3.0, ""face_h"": 60.0, ""face_w"": 60.0, ""margin_depths"": 2.0, ""top_depth"": 47.0}"
AN_hol_a283,stack,hollow pyramid,hollow pyramid,2.83,17.6678,23,d00,20.0,0.00169371347874403,0.04874048009514809,"{""backing"": 2.0, ""bot_depth"": 3.0, ""face_h"": 60.0, ""face_w"": 60.0, ""margin_depths"": 2.0, ""top_depth"": 47.0}"
AN_hol_a283,stack,hollow pyramid,hollow pyramid,2.83,17.6678,23,d00,-40.0,0.001784382970072329,0.04879654943943024,"{""backing"": 2.0, ""bot_depth"": 3.0, ""face_h"": 60.0, ""face_w"": 60.0, ""margin_depths"": 2.0, ""top_depth"": 47.0}"
AN_hol_a283,stack,hollow pyramid,hollow pyramid,2.83,17.6678,23,d00,40.0,0.001842255238443613,0.048794616013765335,"{""backing"": 2.0, ""bot_depth"": 3.0, ""face_h"": 60.0, ""face_w"": 60.0, ""margin_depths"": 2.0, ""top_depth"": 47.0}"
AN_hol_a283,stack,hollow pyramid,hollow pyramid,2.83,17.6678,23,d76,0.0,0.0025629675947129726,0.04881668463349342,"{""backing"": 2.0, ""bot_depth"": 3.0, ""face_h"": 60.0, ""face_w"": 60.0, ""margin_depths"": 2.0, ""top_depth"": 47.0}"
AN_hol_a283,stack,hollow pyramid,hollow pyramid,2.83,17.6678,23,d76,-20.0,0.002948516746982932,0.0486799031496048,"{""backing"": 2.0, ""bot_depth"": 3.0, ""face_h"": 60.0, ""face_w"": 60.0, ""margin_depths"": 2.0, ""top_depth"": 47.0}"
AN_hol_a283,stack,hollow pyramid,hollow pyramid,2.83,17.6678,23,d76,20.0,0.0025890362448990345,0.04869532585144043,"{""backing"": 2.0, ""bot_depth"": 3.0, ""face_h"": 60.0, ""face_w"": 60.0, ""margin_depths"": 2.0, ""top_depth"": 47.0}"
AN_hol_a283,stack,hollow pyramid,hollow pyramid,2.83,17.6678,23,d76,-40.0,0.00346373300999403,0.04874933511018753,"{""backing"": 2.0, ""bot_depth"": 3.0, ""face_h"": 60.0, ""face_w"": 60.0, ""margin_depths"": 2.0, ""top_depth"": 47.0}"
AN_hol_a283,stack,hollow pyramid,hollow pyramid,2.83,17.6678,23,d76,40.0,0.003045109799131751,0.04874802380800247,"{""backing"": 2.0, ""bot_depth"": 3.0, ""face_h"": 60.0, ""face_w"": 60.0, ""margin_depths"": 2.0, ""top_depth"": 47.0}"
AN_hol_a283,stack,hollow pyramid,hollow pyramid,2.83,17.6678,23,d100,0.0,0.0027834735810756683,0.04880377650260925,"{""backing"": 2.0, ""bot_depth"": 3.0, ""face_h"": 60.0, ""face_w"": 60.0, ""margin_depths"": 2.0, ""top_depth"": 47.0}"
AN_hol_a283,stack,hollow pyramid,hollow pyramid,2.83,17.6678,23,d100,-20.0,0.0033667590469121933,0.04866453632712364,"{""backing"": 2.0, ""bot_depth"": 3.0, ""face_h"": 60.0, ""face_w"": 60.0, ""margin_depths"": 2.0, ""top_depth"": 47.0}"
AN_hol_a283,stack,hollow pyramid,hollow pyramid,2.83,17.6678,23,d100,20.0,0.0028967242687940598,0.04868123680353165,"{""backing"": 2.0, ""bot_depth"": 3.0, ""face_h"": 60.0, ""face_w"": 60.0, ""margin_depths"": 2.0, ""top_depth"": 47.0}"
AN_hol_a283,stack,hollow pyramid,hollow pyramid,2.83,17.6678,23,d100,-40.0,0.0040021673776209354,0.04873570799827576,"{""backing"": 2.0, ""bot_depth"": 3.0, ""face_h"": 60.0, ""face_w"": 60.0, ""margin_depths"": 2.0, ""top_depth"": 47.0}"
AN_hol_a283,stack,hollow pyramid,hollow pyramid,2.83,17.6678,23,d100,40.0,0.003445720998570323,0.04873435199260712,"{""backing"": 2.0, ""bot_depth"": 3.0, ""face_h"": 60.0, ""face_w"": 60.0, ""margin_depths"": 2.0, ""top_depth"": 47.0}"
AN_cnv_a400,floor,convoluted,convoluted,4.0,12.5,23,d00,0.0,0.0023782241623848677,0.04999997094273567,"{""backing"": 2.0, ""depth"": 50.0, ""face_h"": 60.0, ""face_w"": 60.0, ""grid"": 12, ""kind"": ""wave"", ""margin_depths"": 2.0, ""pitch"": 12.5}"
AN_cnv_a400,floor,convoluted,convoluted,4.0,12.5,23,d00,-20.0,0.0021878730040043592,0.04999997094273567,"{""backing"": 2.0, ""depth"": 50.0, ""face_h"": 60.0, ""face_w"": 60.0, ""grid"": 12, ""kind"": ""wave"", ""margin_depths"": 2.0, ""pitch"": 12.5}"
AN_cnv_a400,floor,convoluted,convoluted,4.0,12.5,23,d00,20.0,0.00217863149009645,0.04999997094273567,"{""backing"": 2.0, ""depth"": 50.0, ""face_h"": 60.0, ""face_w"": 60.0, ""grid"": 12, ""kind"": ""wave"", ""margin_depths"": 2.0, ""pitch"": 12.5}"
AN_cnv_a400,floor,convoluted,convoluted,4.0,12.5,23,d00,-40.0,0.0029417420737445354,0.04999997094273567,"{""backing"": 2.0, ""depth"": 50.0, ""face_h"": 60.0, ""face_w"": 60.0, ""grid"": 12, ""kind"": ""wave"", ""margin_depths"": 2.0, ""pitch"": 12.5}"
AN_cnv_a400,floor,convoluted,convoluted,4.0,12.5,23,d00,40.0,0.0030406878795474768,0.04999997094273567,"{""backing"": 2.0, ""depth"": 50.0, ""face_h"": 60.0, ""face_w"": 60.0, ""grid"": 12, ""kind"": ""wave"", ""margin_depths"": 2.0, ""pitch"": 12.5}"
AN_cnv_a400,floor,convoluted,convoluted,4.0,12.5,23,d76,0.0,0.0014468454755842686,0.04999997094273567,"{""backing"": 2.0, ""depth"": 50.0, ""face_h"": 60.0, ""face_w"": 60.0, ""grid"": 12, ""kind"": ""wave"", ""margin_depths"": 2.0, ""pitch"": 12.5}"
AN_cnv_a400,floor,convoluted,convoluted,4.0,12.5,23,d76,-20.0,0.0017752331914380193,0.04999997094273567,"{""backing"": 2.0, ""depth"": 50.0, ""face_h"": 60.0, ""face_w"": 60.0, ""grid"": 12, ""kind"": ""wave"", ""margin_depths"": 2.0, ""pitch"": 12.5}"
AN_cnv_a400,floor,convoluted,convoluted,4.0,12.5,23,d76,20.0,0.001782029285095632,0.04999997094273567,"{""backing"": 2.0, ""depth"": 50.0, ""face_h"": 60.0, ""face_w"": 60.0, ""grid"": 12, ""kind"": ""wave"", ""margin_depths"": 2.0, ""pitch"": 12.5}"
AN_cnv_a400,floor,convoluted,convoluted,4.0,12.5,23,d76,-40.0,0.002419322030618787,0.04999997094273567,"{""backing"": 2.0, ""depth"": 50.0, ""face_h"": 60.0, ""face_w"": 60.0, ""grid"": 12, ""kind"": ""wave"", ""margin_depths"": 2.0, ""pitch"": 12.5}"
AN_cnv_a400,floor,convoluted,convoluted,4.0,12.5,23,d76,40.0,0.0024256608448922634,0.04999997094273567,"{""backing"": 2.0, ""depth"": 50.0, ""face_h"": 60.0, ""face_w"": 60.0, ""grid"": 12, ""kind"": ""wave"", ""margin_depths"": 2.0, ""pitch"": 12.5}"
AN_cnv_a400,floor,convoluted,convoluted,4.0,12.5,23,d100,0.0,0.0012938492000102997,0.04999997094273567,"{""backing"": 2.0, ""depth"": 50.0, ""face_h"": 60.0, ""face_w"": 60.0, ""grid"": 12, ""kind"": ""wave"", ""margin_depths"": 2.0, ""pitch"": 12.5}"
AN_cnv_a400,floor,convoluted,convoluted,4.0,12.5,23,d100,-20.0,0.0018140687607228756,0.04999997094273567,"{""backing"": 2.0, ""depth"": 50.0, ""face_h"": 60.0, ""face_w"": 60.0, ""grid"": 12, ""kind"": ""wave"", ""margin_depths"": 2.0, ""pitch"": 12.5}"
AN_cnv_a400,floor,convoluted,convoluted,4.0,12.5,23,d100,20.0,0.0018172527197748423,0.04999997094273567,"{""backing"": 2.0, ""depth"": 50.0, ""face_h"": 60.0, ""face_w"": 60.0, ""grid"": 12, ""kind"": ""wave"", ""margin_depths"": 2.0, ""pitch"": 12.5}"
AN_cnv_a400,floor,convoluted,convoluted,4.0,12.5,23,d100,-40.0,0.0024585595820099115,0.04999997094273567,"{""backing"": 2.0, ""depth"": 50.0, ""face_h"": 60.0, ""face_w"": 60.0, ""grid"": 12, ""kind"": ""wave"", ""margin_depths"": 2.0, ""pitch"": 12.5}"
AN_cnv_a400,floor,convoluted,convoluted,4.0,12.5,23,d100,40.0,0.0024552601389586926,0.04999997094273567,"{""backing"": 2.0, ""depth"": 50.0, ""face_h"": 60.0, ""face_w"": 60.0, ""grid"": 12, ""kind"": ""wave"", ""margin_depths"": 2.0, ""pitch"": 12.5}"
AN_hol_a400,stack,hollow pyramid,hollow pyramid,4.0,12.5,23,d00,0.0,0.002211166312918067,0.049383651465177536,"{""backing"": 2.0, ""bot_depth"": 3.0, ""face_h"": 60.0, ""face_w"": 60.0, ""margin_depths"": 2.0, ""top_depth"": 47.0}"
AN_hol_a400,stack,hollow pyramid,hollow pyramid,4.0,12.5,23,d00,-20.0,0.0018593668937683105,0.049346767365932465,"{""backing"": 2.0, ""bot_depth"": 3.0, ""face_h"": 60.0, ""face_w"": 60.0, ""margin_depths"": 2.0, ""top_depth"": 47.0}"
AN_hol_a400,stack,hollow pyramid,hollow pyramid,4.0,12.5,23,d00,20.0,0.001868914463557303,0.04934654384851456,"{""backing"": 2.0, ""bot_depth"": 3.0, ""face_h"": 60.0, ""face_w"": 60.0, ""margin_depths"": 2.0, ""top_depth"": 47.0}"
AN_hol_a400,stack,hollow pyramid,hollow pyramid,4.0,12.5,23,d00,-40.0,0.0020871039014309645,0.04932944104075432,"{""backing"": 2.0, ""bot_depth"": 3.0, ""face_h"": 60.0, ""face_w"": 60.0, ""margin_depths"": 2.0, ""top_depth"": 47.0}"
AN_hol_a400,stack,hollow pyramid,hollow pyramid,4.0,12.5,23,d00,40.0,0.002100894693285227,0.049334313720464706,"{""backing"": 2.0, ""bot_depth"": 3.0, ""face_h"": 60.0, ""face_w"": 60.0, ""margin_depths"": 2.0, ""top_depth"": 47.0}"
AN_hol_a400,stack,hollow pyramid,hollow pyramid,4.0,12.5,23,d76,0.0,0.0023866009432822466,0.049361348152160645,"{""backing"": 2.0, ""bot_depth"": 3.0, ""face_h"": 60.0, ""face_w"": 60.0, ""margin_depths"": 2.0, ""top_depth"": 47.0}"
AN_hol_a400,stack,hollow pyramid,hollow pyramid,4.0,12.5,23,d76,-20.0,0.0026438385248184204,0.04932359606027603,"{""backing"": 2.0, ""bot_depth"": 3.0, ""face_h"": 60.0, ""face_w"": 60.0, ""margin_depths"": 2.0, ""top_depth"": 47.0}"
AN_hol_a400,stack,hollow pyramid,hollow pyramid,4.0,12.5,23,d76,20.0,0.0026306933723390102,0.04932199418544769,"{""backing"": 2.0, ""bot_depth"": 3.0, ""face_h"": 60.0, ""face_w"": 60.0, ""margin_depths"": 2.0, ""top_depth"": 47.0}"
AN_hol_a400,stack,hollow pyramid,hollow pyramid,4.0,12.5,23,d76,-40.0,0.003259839490056038,0.04930488392710686,"{""backing"": 2.0, ""bot_depth"": 3.0, ""face_h"": 60.0, ""face_w"": 60.0, ""margin_depths"": 2.0, ""top_depth"": 47.0}"
AN_hol_a400,stack,hollow pyramid,hollow pyramid,4.0,12.5,23,d76,40.0,0.0032185069285333157,0.049308691173791885,"{""backing"": 2.0, ""bot_depth"": 3.0, ""face_h"": 60.0, ""face_w"": 60.0, ""margin_depths"": 2.0, ""top_depth"": 47.0}"
AN_hol_a400,stack,hollow pyramid,hollow pyramid,4.0,12.5,23,d100,0.0,0.002475021407008171,0.049354080110788345,"{""backing"": 2.0, ""bot_depth"": 3.0, ""face_h"": 60.0, ""face_w"": 60.0, ""margin_depths"": 2.0, ""top_depth"": 47.0}"
AN_hol_a400,stack,hollow pyramid,hollow pyramid,4.0,12.5,23,d100,-20.0,0.0029088810551911592,0.04931630939245224,"{""backing"": 2.0, ""bot_depth"": 3.0, ""face_h"": 60.0, ""face_w"": 60.0, ""margin_depths"": 2.0, ""top_depth"": 47.0}"
AN_hol_a400,stack,hollow pyramid,hollow pyramid,4.0,12.5,23,d100,20.0,0.002890142146497965,0.049314070492982864,"{""backing"": 2.0, ""bot_depth"": 3.0, ""face_h"": 60.0, ""face_w"": 60.0, ""margin_depths"": 2.0, ""top_depth"": 47.0}"
AN_hol_a400,stack,hollow pyramid,hollow pyramid,4.0,12.5,23,d100,-40.0,0.003643629141151905,0.049296583980321884,"{""backing"": 2.0, ""bot_depth"": 3.0, ""face_h"": 60.0, ""face_w"": 60.0, ""margin_depths"": 2.0, ""top_depth"": 47.0}"
AN_hol_a400,stack,hollow pyramid,hollow pyramid,4.0,12.5,23,d100,40.0,0.0035953496117144823,0.04930085688829422,"{""backing"": 2.0, ""bot_depth"": 3.0, ""face_h"": 60.0, ""face_w"": 60.0, ""margin_depths"": 2.0, ""top_depth"": 47.0}"
AN_cnv_a600,floor,convoluted,convoluted,6.0,8.3333,23,d00,0.0,0.0017101042903959751,0.04999997094273567,"{""backing"": 2.0, ""depth"": 50.0, ""face_h"": 60.0, ""face_w"": 60.0, ""grid"": 12, ""kind"": ""wave"", ""margin_depths"": 2.0, ""pitch"": 8.333333333333334}"
AN_cnv_a600,floor,convoluted,convoluted,6.0,8.3333,23,d00,-20.0,0.0014164297608658671,0.04999997094273567,"{""backing"": 2.0, ""depth"": 50.0, ""face_h"": 60.0, ""face_w"": 60.0, ""grid"": 12, ""kind"": ""wave"", ""margin_depths"": 2.0, ""pitch"": 8.333333333333334}"
AN_cnv_a600,floor,convoluted,convoluted,6.0,8.3333,23,d00,20.0,0.001430825679562986,0.04999997094273567,"{""backing"": 2.0, ""depth"": 50.0, ""face_h"": 60.0, ""face_w"": 60.0, ""grid"": 12, ""kind"": ""wave"", ""margin_depths"": 2.0, ""pitch"": 8.333333333333334}"
AN_cnv_a600,floor,convoluted,convoluted,6.0,8.3333,23,d00,-40.0,0.0020472484175115824,0.04999997094273567,"{""backing"": 2.0, ""depth"": 50.0, ""face_h"": 60.0, ""face_w"": 60.0, ""grid"": 12, ""kind"": ""wave"", ""margin_depths"": 2.0, ""pitch"": 8.333333333333334}"
AN_cnv_a600,floor,convoluted,convoluted,6.0,8.3333,23,d00,40.0,0.002055467339232564,0.04999997094273567,"{""backing"": 2.0, ""depth"": 50.0, ""face_h"": 60.0, ""face_w"": 60.0, ""grid"": 12, ""kind"": ""wave"", ""margin_depths"": 2.0, ""pitch"": 8.333333333333334}"
AN_cnv_a600,floor,convoluted,convoluted,6.0,8.3333,23,d76,0.0,0.0010046459501609206,0.04999997094273567,"{""backing"": 2.0, ""depth"": 50.0, ""face_h"": 60.0, ""face_w"": 60.0, ""grid"": 12, ""kind"": ""wave"", ""margin_depths"": 2.0, ""pitch"": 8.333333333333334}"
AN_cnv_a600,floor,convoluted,convoluted,6.0,8.3333,23,d76,-20.0,0.001388914999552071,0.04999997094273567,"{""backing"": 2.0, ""depth"": 50.0, ""face_h"": 60.0, ""face_w"": 60.0, ""grid"": 12, ""kind"": ""wave"", ""margin_depths"": 2.0, ""pitch"": 8.333333333333334}"
AN_cnv_a600,floor,convoluted,convoluted,6.0,8.3333,23,d76,20.0,0.0014021117240190506,0.04999997094273567,"{""backing"": 2.0, ""depth"": 50.0, ""face_h"": 60.0, ""face_w"": 60.0, ""grid"": 12, ""kind"": ""wave"", ""margin_depths"": 2.0, ""pitch"": 8.333333333333334}"
AN_cnv_a600,floor,convoluted,convoluted,6.0,8.3333,23,d76,-40.0,0.00198833248578012,0.04999997094273567,"{""backing"": 2.0, ""depth"": 50.0, ""face_h"": 60.0, ""face_w"": 60.0, ""grid"": 12, ""kind"": ""wave"", ""margin_depths"": 2.0, ""pitch"": 8.333333333333334}"
AN_cnv_a600,floor,convoluted,convoluted,6.0,8.3333,23,d76,40.0,0.001999735599383712,0.04999997094273567,"{""backing"": 2.0, ""depth"": 50.0, ""face_h"": 60.0, ""face_w"": 60.0, ""grid"": 12, ""kind"": ""wave"", ""margin_depths"": 2.0, ""pitch"": 8.333333333333334}"
AN_cnv_a600,floor,convoluted,convoluted,6.0,8.3333,23,d100,0.0,0.0008855904452502728,0.04999997094273567,"{""backing"": 2.0, ""depth"": 50.0, ""face_h"": 60.0, ""face_w"": 60.0, ""grid"": 12, ""kind"": ""wave"", ""margin_depths"": 2.0, ""pitch"": 8.333333333333334}"
AN_cnv_a600,floor,convoluted,convoluted,6.0,8.3333,23,d100,-20.0,0.0015123336343094707,0.04999997094273567,"{""backing"": 2.0, ""depth"": 50.0, ""face_h"": 60.0, ""face_w"": 60.0, ""grid"": 12, ""kind"": ""wave"", ""margin_depths"": 2.0, ""pitch"": 8.333333333333334}"
AN_cnv_a600,floor,convoluted,convoluted,6.0,8.3333,23,d100,20.0,0.0015083884354680777,0.04999997094273567,"{""backing"": 2.0, ""depth"": 50.0, ""face_h"": 60.0, ""face_w"": 60.0, ""grid"": 12, ""kind"": ""wave"", ""margin_depths"": 2.0, ""pitch"": 8.333333333333334}"
AN_cnv_a600,floor,convoluted,convoluted,6.0,8.3333,23,d100,-40.0,0.0021559284068644047,0.04999997094273567,"{""backing"": 2.0, ""depth"": 50.0, ""face_h"": 60.0, ""face_w"": 60.0, ""grid"": 12, ""kind"": ""wave"", ""margin_depths"": 2.0, ""pitch"": 8.333333333333334}"
AN_cnv_a600,floor,convoluted,convoluted,6.0,8.3333,23,d100,40.0,0.0021554604172706604,0.04999997094273567,"{""backing"": 2.0, ""depth"": 50.0, ""face_h"": 60.0, ""face_w"": 60.0, ""grid"": 12, ""kind"": ""wave"", ""margin_depths"": 2.0, ""pitch"": 8.333333333333334}"
AN_hol_a600,stack,hollow pyramid,hollow pyramid,6.0,8.3333,23,d00,0.0,0.0027169794775545597,0.04930345341563225,"{""backing"": 2.0, ""bot_depth"": 3.0, ""face_h"": 60.0, ""face_w"": 60.0, ""margin_depths"": 2.0, ""top_depth"": 47.0}"
AN_hol_a600,stack,hollow pyramid,hollow pyramid,6.0,8.3333,23,d00,-20.0,0.002465978264808655,0.04927711933851242,"{""backing"": 2.0, ""bot_depth"": 3.0, ""face_h"": 60.0, ""face_w"": 60.0, ""margin_depths"": 2.0, ""top_depth"": 47.0}"
AN_hol_a600,stack,hollow pyramid,hollow pyramid,6.0,8.3333,23,d00,20.0,0.0024606173392385244,0.04928607493638992,"{""backing"": 2.0, ""bot_depth"": 3.0, ""face_h"": 60.0, ""face_w"": 60.0, ""margin_depths"": 2.0, ""top_depth"": 47.0}"
AN_hol_a600,stack,hollow pyramid,hollow pyramid,6.0,8.3333,23,d00,-40.0,0.002587565453723073,0.04930831864476204,"{""backing"": 2.0, ""bot_depth"": 3.0, ""face_h"": 60.0, ""face_w"": 60.0, ""margin_depths"": 2.0, ""top_depth"": 47.0}"
AN_hol_a600,stack,hollow pyramid,hollow pyramid,6.0,8.3333,23,d00,40.0,0.0025855882558971643,0.04931198060512543,"{""backing"": 2.0, ""bot_depth"": 3.0, ""face_h"": 60.0, ""face_w"": 60.0, ""margin_depths"": 2.0, ""top_depth"": 47.0}"
AN_hol_a600,stack,hollow pyramid,hollow pyramid,6.0,8.3333,23,d76,0.0,0.0025793234817683697,0.04927820339798927,"{""backing"": 2.0, ""bot_depth"": 3.0, ""face_h"": 60.0, ""face_w"": 60.0, ""margin_depths"": 2.0, ""top_depth"": 47.0}"
AN_hol_a600,stack,hollow pyramid,hollow pyramid,6.0,8.3333,23,d76,-20.0,0.003016200615093112,0.04925015568733215,"{""backing"": 2.0, ""bot_depth"": 3.0, ""face_h"": 60.0, ""face_w"": 60.0, ""margin_depths"": 2.0, ""top_depth"": 47.0}"
AN_hol_a600,stack,hollow pyramid,hollow pyramid,6.0,8.3333,23,d76,20.0,0.002963234670460224,0.04926031827926636,"{""backing"": 2.0, ""bot_depth"": 3.0, ""face_h"": 60.0, ""face_w"": 60.0, ""margin_depths"": 2.0, ""top_depth"": 47.0}"
AN_hol_a600,stack,hollow pyramid,hollow pyramid,6.0,8.3333,23,d76,-40.0,0.003514822805300355,0.04928147420287132,"{""backing"": 2.0, ""bot_depth"": 3.0, ""face_h"": 60.0, ""face_w"": 60.0, ""margin_depths"": 2.0, ""top_depth"": 47.0}"
AN_hol_a600,stack,hollow pyramid,hollow pyramid,6.0,8.3333,23,d76,40.0,0.003440344473347068,0.049286700785160065,"{""backing"": 2.0, ""bot_depth"": 3.0, ""face_h"": 60.0, ""face_w"": 60.0, ""margin_depths"": 2.0, ""top_depth"": 47.0}"
AN_hol_a600,stack,hollow pyramid,hollow pyramid,6.0,8.3333,23,d100,0.0,0.002573950681835413,0.04927021265029907,"{""backing"": 2.0, ""bot_depth"": 3.0, ""face_h"": 60.0, ""face_w"": 60.0, ""margin_depths"": 2.0, ""top_depth"": 47.0}"
AN_hol_a600,stack,hollow pyramid,hollow pyramid,6.0,8.3333,23,d100,-20.0,0.00320358294993639,0.04924200102686882,"{""backing"": 2.0, ""bot_depth"": 3.0, ""face_h"": 60.0, ""face_w"": 60.0, ""margin_depths"": 2.0, ""top_depth"": 47.0}"
AN_hol_a600,stack,hollow pyramid,hollow pyramid,6.0,8.3333,23,d100,20.0,0.0031431301031261683,0.0492519773542881,"{""backing"": 2.0, ""bot_depth"": 3.0, ""face_h"": 60.0, ""face_w"": 60.0, ""margin_depths"": 2.0, ""top_depth"": 47.0}"
AN_hol_a600,stack,hollow pyramid,hollow pyramid,6.0,8.3333,23,d100,-40.0,0.0038149950560182333,0.049273692071437836,"{""backing"": 2.0, ""bot_depth"": 3.0, ""face_h"": 60.0, ""face_w"": 60.0, ""margin_depths"": 2.0, ""top_depth"": 47.0}"
AN_hol_a600,stack,hollow pyramid,hollow pyramid,6.0,8.3333,23,d100,40.0,0.0037236050702631474,0.049279820173978806,"{""backing"": 2.0, ""bot_depth"": 3.0, ""face_h"": 60.0, ""face_w"": 60.0, ""margin_depths"": 2.0, ""top_depth"": 47.0}"
AN_cnv_a909,floor,convoluted,convoluted,9.09,5.5006,23,d00,0.0,0.0014920734101906419,0.04999997094273567,"{""backing"": 2.0, ""depth"": 50.0, ""face_h"": 60.0, ""face_w"": 60.0, ""grid"": 12, ""kind"": ""wave"", ""margin_depths"": 2.0, ""pitch"": 5.5005500550055}"
AN_cnv_a909,floor,convoluted,convoluted,9.09,5.5006,23,d00,-20.0,0.00143410952296108,0.04999997094273567,"{""backing"": 2.0, ""depth"": 50.0, ""face_h"": 60.0, ""face_w"": 60.0, ""grid"": 12, ""kind"": ""wave"", ""margin_depths"": 2.0, ""pitch"": 5.5005500550055}"
AN_cnv_a909,floor,convoluted,convoluted,9.09,5.5006,23,d00,20.0,0.0014090468175709248,0.04999997094273567,"{""backing"": 2.0, ""depth"": 50.0, ""face_h"": 60.0, ""face_w"": 60.0, ""grid"": 12, ""kind"": ""wave"", ""margin_depths"": 2.0, ""pitch"": 5.5005500550055}"
AN_cnv_a909,floor,convoluted,convoluted,9.09,5.5006,23,d00,-40.0,0.0018025594763457775,0.04999997094273567,"{""backing"": 2.0, ""depth"": 50.0, ""face_h"": 60.0, ""face_w"": 60.0, ""grid"": 12, ""kind"": ""wave"", ""margin_depths"": 2.0, ""pitch"": 5.5005500550055}"
AN_cnv_a909,floor,convoluted,convoluted,9.09,5.5006,23,d00,40.0,0.001825519953854382,0.04999997094273567,"{""backing"": 2.0, ""depth"": 50.0, ""face_h"": 60.0, ""face_w"": 60.0, ""grid"": 12, ""kind"": ""wave"", ""margin_depths"": 2.0, ""pitch"": 5.5005500550055}"
AN_cnv_a909,floor,convoluted,convoluted,9.09,5.5006,23,d76,0.0,0.0007984492112882435,0.04999997094273567,"{""backing"": 2.0, ""depth"": 50.0, ""face_h"": 60.0, ""face_w"": 60.0, ""grid"": 12, ""kind"": ""wave"", ""margin_depths"": 2.0, ""pitch"": 5.5005500550055}"
AN_cnv_a909,floor,convoluted,convoluted,9.09,5.5006,23,d76,-20.0,0.001265762373805046,0.04999997094273567,"{""backing"": 2.0, ""depth"": 50.0, ""face_h"": 60.0, ""face_w"": 60.0, ""grid"": 12, ""kind"": ""wave"", ""margin_depths"": 2.0, ""pitch"": 5.5005500550055}"
AN_cnv_a909,floor,convoluted,convoluted,9.09,5.5006,23,d76,20.0,0.0012338069500401616,0.04999997094273567,"{""backing"": 2.0, ""depth"": 50.0, ""face_h"": 60.0, ""face_w"": 60.0, ""grid"": 12, ""kind"": ""wave"", ""margin_depths"": 2.0, ""pitch"": 5.5005500550055}"
AN_cnv_a909,floor,convoluted,convoluted,9.09,5.5006,23,d76,-40.0,0.001672967104241252,0.04999997094273567,"{""backing"": 2.0, ""depth"": 50.0, ""face_h"": 60.0, ""face_w"": 60.0, ""grid"": 12, ""kind"": ""wave"", ""margin_depths"": 2.0, ""pitch"": 5.5005500550055}"
AN_cnv_a909,floor,convoluted,convoluted,9.09,5.5006,23,d76,40.0,0.0016665167640894651,0.04999997094273567,"{""backing"": 2.0, ""depth"": 50.0, ""face_h"": 60.0, ""face_w"": 60.0, ""grid"": 12, ""kind"": ""wave"", ""margin_depths"": 2.0, ""pitch"": 5.5005500550055}"
AN_cnv_a909,floor,convoluted,convoluted,9.09,5.5006,23,d100,0.0,0.0006444832542911172,0.04999997094273567,"{""backing"": 2.0, ""depth"": 50.0, ""face_h"": 60.0, ""face_w"": 60.0, ""grid"": 12, ""kind"": ""wave"", ""margin_depths"": 2.0, ""pitch"": 5.5005500550055}"
AN_cnv_a909,floor,convoluted,convoluted,9.09,5.5006,23,d100,-20.0,0.0013110337313264608,0.04999997094273567,"{""backing"": 2.0, ""depth"": 50.0, ""face_h"": 60.0, ""face_w"": 60.0, ""grid"": 12, ""kind"": ""wave"", ""margin_depths"": 2.0, ""pitch"": 5.5005500550055}"
AN_cnv_a909,floor,convoluted,convoluted,9.09,5.5006,23,d100,20.0,0.0013031740672886372,0.04999997094273567,"{""backing"": 2.0, ""depth"": 50.0, ""face_h"": 60.0, ""face_w"": 60.0, ""grid"": 12, ""kind"": ""wave"", ""margin_depths"": 2.0, ""pitch"": 5.5005500550055}"
AN_cnv_a909,floor,convoluted,convoluted,9.09,5.5006,23,d100,-40.0,0.0017735535511747003,0.04999997094273567,"{""backing"": 2.0, ""depth"": 50.0, ""face_h"": 60.0, ""face_w"": 60.0, ""grid"": 12, ""kind"": ""wave"", ""margin_depths"": 2.0, ""pitch"": 5.5005500550055}"
AN_cnv_a909,floor,convoluted,convoluted,9.09,5.5006,23,d100,40.0,0.001779270125553012,0.04999997094273567,"{""backing"": 2.0, ""depth"": 50.0, ""face_h"": 60.0, ""face_w"": 60.0, ""grid"": 12, ""kind"": ""wave"", ""margin_depths"": 2.0, ""pitch"": 5.5005500550055}"
AN_hol_a909,stack,hollow pyramid,hollow pyramid,9.09,5.5006,23,d00,0.0,0.0036686852108687162,0.04999997094273567,"{""backing"": 2.0, ""bot_depth"": 3.0, ""face_h"": 60.0, ""face_w"": 60.0, ""margin_depths"": 2.0, ""top_depth"": 47.0}"
AN_hol_a909,stack,hollow pyramid,hollow pyramid,9.09,5.5006,23,d00,-20.0,0.00338228908367455,0.04999997094273567,"{""backing"": 2.0, ""bot_depth"": 3.0, ""face_h"": 60.0, ""face_w"": 60.0, ""margin_depths"": 2.0, ""top_depth"": 47.0}"
AN_hol_a909,stack,hollow pyramid,hollow pyramid,9.09,5.5006,23,d00,20.0,0.0033940330613404512,0.04999997094273567,"{""backing"": 2.0, ""bot_depth"": 3.0, ""face_h"": 60.0, ""face_w"": 60.0, ""margin_depths"": 2.0, ""top_depth"": 47.0}"
AN_hol_a909,stack,hollow pyramid,hollow pyramid,9.09,5.5006,23,d00,-40.0,0.0037847645580768585,0.04999997094273567,"{""backing"": 2.0, ""bot_depth"": 3.0, ""face_h"": 60.0, ""face_w"": 60.0, ""margin_depths"": 2.0, ""top_depth"": 47.0}"
AN_hol_a909,stack,hollow pyramid,hollow pyramid,9.09,5.5006,23,d00,40.0,0.0038023367524147034,0.04999997094273567,"{""backing"": 2.0, ""bot_depth"": 3.0, ""face_h"": 60.0, ""face_w"": 60.0, ""margin_depths"": 2.0, ""top_depth"": 47.0}"
AN_hol_a909,stack,hollow pyramid,hollow pyramid,9.09,5.5006,23,d76,0.0,0.0034479640889912844,0.04999997094273567,"{""backing"": 2.0, ""bot_depth"": 3.0, ""face_h"": 60.0, ""face_w"": 60.0, ""margin_depths"": 2.0, ""top_depth"": 47.0}"
AN_hol_a909,stack,hollow pyramid,hollow pyramid,9.09,5.5006,23,d76,-20.0,0.0037579943891614676,0.04999997094273567,"{""backing"": 2.0, ""bot_depth"": 3.0, ""face_h"": 60.0, ""face_w"": 60.0, ""margin_depths"": 2.0, ""top_depth"": 47.0}"
AN_hol_a909,stack,hollow pyramid,hollow pyramid,9.09,5.5006,23,d76,20.0,0.0037325271405279636,0.04999997094273567,"{""backing"": 2.0, ""bot_depth"": 3.0, ""face_h"": 60.0, ""face_w"": 60.0, ""margin_depths"": 2.0, ""top_depth"": 47.0}"
AN_hol_a909,stack,hollow pyramid,hollow pyramid,9.09,5.5006,23,d76,-40.0,0.004339082632213831,0.04999997094273567,"{""backing"": 2.0, ""bot_depth"": 3.0, ""face_h"": 60.0, ""face_w"": 60.0, ""margin_depths"": 2.0, ""top_depth"": 47.0}"
AN_hol_a909,stack,hollow pyramid,hollow pyramid,9.09,5.5006,23,d76,40.0,0.0043192654848098755,0.04999997094273567,"{""backing"": 2.0, ""bot_depth"": 3.0, ""face_h"": 60.0, ""face_w"": 60.0, ""margin_depths"": 2.0, ""top_depth"": 47.0}"
AN_hol_a909,stack,hollow pyramid,hollow pyramid,9.09,5.5006,23,d100,0.0,0.0034127146936953068,0.04999997094273567,"{""backing"": 2.0, ""bot_depth"": 3.0, ""face_h"": 60.0, ""face_w"": 60.0, ""margin_depths"": 2.0, ""top_depth"": 47.0}"
AN_hol_a909,stack,hollow pyramid,hollow pyramid,9.09,5.5006,23,d100,-20.0,0.00389552628621459,0.04999997094273567,"{""backing"": 2.0, ""bot_depth"": 3.0, ""face_h"": 60.0, ""face_w"": 60.0, ""margin_depths"": 2.0, ""top_depth"": 47.0}"
AN_hol_a909,stack,hollow pyramid,hollow pyramid,9.09,5.5006,23,d100,20.0,0.0038552910555154085,0.04999997094273567,"{""backing"": 2.0, ""bot_depth"": 3.0, ""face_h"": 60.0, ""face_w"": 60.0, ""margin_depths"": 2.0, ""top_depth"": 47.0}"
AN_hol_a909,stack,hollow pyramid,hollow pyramid,9.09,5.5006,23,d100,-40.0,0.004536570515483618,0.04999997094273567,"{""backing"": 2.0, ""bot_depth"": 3.0, ""face_h"": 60.0, ""face_w"": 60.0, ""margin_depths"": 2.0, ""top_depth"": 47.0}"
AN_hol_a909,stack,hollow pyramid,hollow pyramid,9.09,5.5006,23,d100,40.0,0.004496471025049686,0.04999997094273567,"{""backing"": 2.0, ""bot_depth"": 3.0, ""face_h"": 60.0, ""face_w"": 60.0, ""margin_depths"": 2.0, ""top_depth"": 47.0}"
