tag,family,topology,process,feature,seed,diffuse_frac,pitch,depth,theta,rho,control,params_json
P1_groove_p13_t04_s23,ridge,vgroove,print,0.4,23,d00,13.0,50.0,0.0,0.0014618226559832692,0.04999997094273567,"{""arc_segments"": 24, ""backing"": 2.0, ""depth"": 50.0, ""face_h"": 60.0, ""face_w"": 60.0, ""margin_depths"": 2.0, ""pitch_jitter"": 0.25, ""pitch_mean"": 13.0, ""pitch_seed"": 23, ""tip_round"": true, ""tip_width"": 0.4, ""valley_round"": 0.4}"
P1_groove_p13_t04_s23,ridge,vgroove,print,0.4,23,d00,13.0,50.0,-20.0,0.0004255189560353756,0.04999997094273567,"{""arc_segments"": 24, ""backing"": 2.0, ""depth"": 50.0, ""face_h"": 60.0, ""face_w"": 60.0, ""margin_depths"": 2.0, ""pitch_jitter"": 0.25, ""pitch_mean"": 13.0, ""pitch_seed"": 23, ""tip_round"": true, ""tip_width"": 0.4, ""valley_round"": 0.4}"
P1_groove_p13_t04_s23,ridge,vgroove,print,0.4,23,d00,13.0,50.0,-40.0,0.00046991879935376346,0.04999997094273567,"{""arc_segments"": 24, ""backing"": 2.0, ""depth"": 50.0, ""face_h"": 60.0, ""face_w"": 60.0, ""margin_depths"": 2.0, ""pitch_jitter"": 0.25, ""pitch_mean"": 13.0, ""pitch_seed"": 23, ""tip_round"": true, ""tip_width"": 0.4, ""valley_round"": 0.4}"
P1_groove_p13_t04_s23,ridge,vgroove,print,0.4,23,d00,13.0,50.0,20.0,0.0004069579008501023,0.04999997094273567,"{""arc_segments"": 24, ""backing"": 2.0, ""depth"": 50.0, ""face_h"": 60.0, ""face_w"": 60.0, ""margin_depths"": 2.0, ""pitch_jitter"": 0.25, ""pitch_mean"": 13.0, ""pitch_seed"": 23, ""tip_round"": true, ""tip_width"": 0.4, ""valley_round"": 0.4}"
P1_groove_p13_t04_s23,ridge,vgroove,print,0.4,23,d00,13.0,50.0,40.0,0.00045240731560625136,0.04999997094273567,"{""arc_segments"": 24, ""backing"": 2.0, ""depth"": 50.0, ""face_h"": 60.0, ""face_w"": 60.0, ""margin_depths"": 2.0, ""pitch_jitter"": 0.25, ""pitch_mean"": 13.0, ""pitch_seed"": 23, ""tip_round"": true, ""tip_width"": 0.4, ""valley_round"": 0.4}"
P1_groove_p13_t04_s23,ridge,vgroove,print,0.4,23,d76,13.0,50.0,0.0,0.0015721149975433946,0.04999997094273567,"{""arc_segments"": 24, ""backing"": 2.0, ""depth"": 50.0, ""face_h"": 60.0, ""face_w"": 60.0, ""margin_depths"": 2.0, ""pitch_jitter"": 0.25, ""pitch_mean"": 13.0, ""pitch_seed"": 23, ""tip_round"": true, ""tip_width"": 0.4, ""valley_round"": 0.4}"
P1_groove_p13_t04_s23,ridge,vgroove,print,0.4,23,d76,13.0,50.0,-20.0,0.0021824140567332506,0.04999997094273567,"{""arc_segments"": 24, ""backing"": 2.0, ""depth"": 50.0, ""face_h"": 60.0, ""face_w"": 60.0, ""margin_depths"": 2.0, ""pitch_jitter"": 0.25, ""pitch_mean"": 13.0, ""pitch_seed"": 23, ""tip_round"": true, ""tip_width"": 0.4, ""valley_round"": 0.4}"
P1_groove_p13_t04_s23,ridge,vgroove,print,0.4,23,d76,13.0,50.0,-40.0,0.0030054973904043436,0.04999997094273567,"{""arc_segments"": 24, ""backing"": 2.0, ""depth"": 50.0, ""face_h"": 60.0, ""face_w"": 60.0, ""margin_depths"": 2.0, ""pitch_jitter"": 0.25, ""pitch_mean"": 13.0, ""pitch_seed"": 23, ""tip_round"": true, ""tip_width"": 0.4, ""valley_round"": 0.4}"
P1_groove_p13_t04_s23,ridge,vgroove,print,0.4,23,d76,13.0,50.0,20.0,0.0019011166878044605,0.04999997094273567,"{""arc_segments"": 24, ""backing"": 2.0, ""depth"": 50.0, ""face_h"": 60.0, ""face_w"": 60.0, ""margin_depths"": 2.0, ""pitch_jitter"": 0.25, ""pitch_mean"": 13.0, ""pitch_seed"": 23, ""tip_round"": true, ""tip_width"": 0.4, ""valley_round"": 0.4}"
P1_groove_p13_t04_s23,ridge,vgroove,print,0.4,23,d76,13.0,50.0,40.0,0.002833346603438258,0.04999997094273567,"{""arc_segments"": 24, ""backing"": 2.0, ""depth"": 50.0, ""face_h"": 60.0, ""face_w"": 60.0, ""margin_depths"": 2.0, ""pitch_jitter"": 0.25, ""pitch_mean"": 13.0, ""pitch_seed"": 23, ""tip_round"": true, ""tip_width"": 0.4, ""valley_round"": 0.4}"
P1_groove_p13_t04_s23,ridge,vgroove,print,0.4,23,d100,13.0,50.0,0.0,0.0016316284891217947,0.04999997094273567,"{""arc_segments"": 24, ""backing"": 2.0, ""depth"": 50.0, ""face_h"": 60.0, ""face_w"": 60.0, ""margin_depths"": 2.0, ""pitch_jitter"": 0.25, ""pitch_mean"": 13.0, ""pitch_seed"": 23, ""tip_round"": true, ""tip_width"": 0.4, ""valley_round"": 0.4}"
P1_groove_p13_t04_s23,ridge,vgroove,print,0.4,23,d100,13.0,50.0,-20.0,0.0027573457919061184,0.04999997094273567,"{""arc_segments"": 24, ""backing"": 2.0, ""depth"": 50.0, ""face_h"": 60.0, ""face_w"": 60.0, ""margin_depths"": 2.0, ""pitch_jitter"": 0.25, ""pitch_mean"": 13.0, ""pitch_seed"": 23, ""tip_round"": true, ""tip_width"": 0.4, ""valley_round"": 0.4}"
P1_groove_p13_t04_s23,ridge,vgroove,print,0.4,23,d100,13.0,50.0,-40.0,0.0038153964560478926,0.04999997094273567,"{""arc_segments"": 24, ""backing"": 2.0, ""depth"": 50.0, ""face_h"": 60.0, ""face_w"": 60.0, ""margin_depths"": 2.0, ""pitch_jitter"": 0.25, ""pitch_mean"": 13.0, ""pitch_seed"": 23, ""tip_round"": true, ""tip_width"": 0.4, ""valley_round"": 0.4}"
P1_groove_p13_t04_s23,ridge,vgroove,print,0.4,23,d100,13.0,50.0,20.0,0.002378488425165415,0.04999997094273567,"{""arc_segments"": 24, ""backing"": 2.0, ""depth"": 50.0, ""face_h"": 60.0, ""face_w"": 60.0, ""margin_depths"": 2.0, ""pitch_jitter"": 0.25, ""pitch_mean"": 13.0, ""pitch_seed"": 23, ""tip_round"": true, ""tip_width"": 0.4, ""valley_round"": 0.4}"
P1_groove_p13_t04_s23,ridge,vgroove,print,0.4,23,d100,13.0,50.0,40.0,0.0035838489420711994,0.04999997094273567,"{""arc_segments"": 24, ""backing"": 2.0, ""depth"": 50.0, ""face_h"": 60.0, ""face_w"": 60.0, ""margin_depths"": 2.0, ""pitch_jitter"": 0.25, ""pitch_mean"": 13.0, ""pitch_seed"": 23, ""tip_round"": true, ""tip_width"": 0.4, ""valley_round"": 0.4}"
P1_groove_p075_t04_s23,ridge,vgroove,print,0.4,23,d00,7.5,50.0,0.0,0.0016858502058312297,0.04999997094273567,"{""arc_segments"": 24, ""backing"": 2.0, ""depth"": 50.0, ""face_h"": 60.0, ""face_w"": 60.0, ""margin_depths"": 2.0, ""pitch_jitter"": 0.25, ""pitch_mean"": 7.5, ""pitch_seed"": 23, ""tip_round"": true, ""tip_width"": 0.4, ""valley_round"": 0.4}"
P1_groove_p075_t04_s23,ridge,vgroove,print,0.4,23,d00,7.5,50.0,-20.0,0.000545164686627686,0.04999997094273567,"{""arc_segments"": 24, ""backing"": 2.0, ""depth"": 50.0, ""face_h"": 60.0, ""face_w"": 60.0, ""margin_depths"": 2.0, ""pitch_jitter"": 0.25, ""pitch_mean"": 7.5, ""pitch_seed"": 23, ""tip_round"": true, ""tip_width"": 0.4, ""valley_round"": 0.4}"
P1_groove_p075_t04_s23,ridge,vgroove,print,0.4,23,d00,7.5,50.0,-40.0,0.0006153013673610985,0.04999997094273567,"{""arc_segments"": 24, ""backing"": 2.0, ""depth"": 50.0, ""face_h"": 60.0, ""face_w"": 60.0, ""margin_depths"": 2.0, ""pitch_jitter"": 0.25, ""pitch_mean"": 7.5, ""pitch_seed"": 23, ""tip_round"": true, ""tip_width"": 0.4, ""valley_round"": 0.4}"
P1_groove_p075_t04_s23,ridge,vgroove,print,0.4,23,d00,7.5,50.0,20.0,0.0005579401040449739,0.04999997094273567,"{""arc_segments"": 24, ""backing"": 2.0, ""depth"": 50.0, ""face_h"": 60.0, ""face_w"": 60.0, ""margin_depths"": 2.0, ""pitch_jitter"": 0.25, ""pitch_mean"": 7.5, ""pitch_seed"": 23, ""tip_round"": true, ""tip_width"": 0.4, ""valley_round"": 0.4}"
P1_groove_p075_t04_s23,ridge,vgroove,print,0.4,23,d00,7.5,50.0,40.0,0.0005943697178736329,0.04999997094273567,"{""arc_segments"": 24, ""backing"": 2.0, ""depth"": 50.0, ""face_h"": 60.0, ""face_w"": 60.0, ""margin_depths"": 2.0, ""pitch_jitter"": 0.25, ""pitch_mean"": 7.5, ""pitch_seed"": 23, ""tip_round"": true, ""tip_width"": 0.4, ""valley_round"": 0.4}"
P1_groove_p075_t04_s23,ridge,vgroove,print,0.4,23,d76,7.5,50.0,0.0,0.001312850508838892,0.04999997094273567,"{""arc_segments"": 24, ""backing"": 2.0, ""depth"": 50.0, ""face_h"": 60.0, ""face_w"": 60.0, ""margin_depths"": 2.0, ""pitch_jitter"": 0.25, ""pitch_mean"": 7.5, ""pitch_seed"": 23, ""tip_round"": true, ""tip_width"": 0.4, ""valley_round"": 0.4}"
P1_groove_p075_t04_s23,ridge,vgroove,print,0.4,23,d76,7.5,50.0,-20.0,0.0018959760200232267,0.04999997094273567,"{""arc_segments"": 24, ""backing"": 2.0, ""depth"": 50.0, ""face_h"": 60.0, ""face_w"": 60.0, ""margin_depths"": 2.0, ""pitch_jitter"": 0.25, ""pitch_mean"": 7.5, ""pitch_seed"": 23, ""tip_round"": true, ""tip_width"": 0.4, ""valley_round"": 0.4}"
P1_groove_p075_t04_s23,ridge,vgroove,print,0.4,23,d76,7.5,50.0,-40.0,0.002786000957712531,0.04999997094273567,"{""arc_segments"": 24, ""backing"": 2.0, ""depth"": 50.0, ""face_h"": 60.0, ""face_w"": 60.0, ""margin_depths"": 2.0, ""pitch_jitter"": 0.25, ""pitch_mean"": 7.5, ""pitch_seed"": 23, ""tip_round"": true, ""tip_width"": 0.4, ""valley_round"": 0.4}"
P1_groove_p075_t04_s23,ridge,vgroove,print,0.4,23,d76,7.5,50.0,20.0,0.0019285758025944233,0.04999997094273567,"{""arc_segments"": 24, ""backing"": 2.0, ""depth"": 50.0, ""face_h"": 60.0, ""face_w"": 60.0, ""margin_depths"": 2.0, ""pitch_jitter"": 0.25, ""pitch_mean"": 7.5, ""pitch_seed"": 23, ""tip_round"": true, ""tip_width"": 0.4, ""valley_round"": 0.4}"
P1_groove_p075_t04_s23,ridge,vgroove,print,0.4,23,d76,7.5,50.0,40.0,0.002763711381703615,0.04999997094273567,"{""arc_segments"": 24, ""backing"": 2.0, ""depth"": 50.0, ""face_h"": 60.0, ""face_w"": 60.0, ""margin_depths"": 2.0, ""pitch_jitter"": 0.25, ""pitch_mean"": 7.5, ""pitch_seed"": 23, ""tip_round"": true, ""tip_width"": 0.4, ""valley_round"": 0.4}"
P1_groove_p075_t04_s23,ridge,vgroove,print,0.4,23,d100,7.5,50.0,0.0,0.0012255137553438544,0.04999997094273567,"{""arc_segments"": 24, ""backing"": 2.0, ""depth"": 50.0, ""face_h"": 60.0, ""face_w"": 60.0, ""margin_depths"": 2.0, ""pitch_jitter"": 0.25, ""pitch_mean"": 7.5, ""pitch_seed"": 23, ""tip_round"": true, ""tip_width"": 0.4, ""valley_round"": 0.4}"
P1_groove_p075_t04_s23,ridge,vgroove,print,0.4,23,d100,7.5,50.0,-20.0,0.0023297148291021585,0.04999997094273567,"{""arc_segments"": 24, ""backing"": 2.0, ""depth"": 50.0, ""face_h"": 60.0, ""face_w"": 60.0, ""margin_depths"": 2.0, ""pitch_jitter"": 0.25, ""pitch_mean"": 7.5, ""pitch_seed"": 23, ""tip_round"": true, ""tip_width"": 0.4, ""valley_round"": 0.4}"
P1_groove_p075_t04_s23,ridge,vgroove,print,0.4,23,d100,7.5,50.0,-40.0,0.0034743596334010363,0.04999997094273567,"{""arc_segments"": 24, ""backing"": 2.0, ""depth"": 50.0, ""face_h"": 60.0, ""face_w"": 60.0, ""margin_depths"": 2.0, ""pitch_jitter"": 0.25, ""pitch_mean"": 7.5, ""pitch_seed"": 23, ""tip_round"": true, ""tip_width"": 0.4, ""valley_round"": 0.4}"
P1_groove_p075_t04_s23,ridge,vgroove,print,0.4,23,d100,7.5,50.0,20.0,0.0023673316463828087,0.04999997094273567,"{""arc_segments"": 24, ""backing"": 2.0, ""depth"": 50.0, ""face_h"": 60.0, ""face_w"": 60.0, ""margin_depths"": 2.0, ""pitch_jitter"": 0.25, ""pitch_mean"": 7.5, ""pitch_seed"": 23, ""tip_round"": true, ""tip_width"": 0.4, ""valley_round"": 0.4}"
P1_groove_p075_t04_s23,ridge,vgroove,print,0.4,23,d100,7.5,50.0,40.0,0.003454400459304452,0.04999997094273567,"{""arc_segments"": 24, ""backing"": 2.0, ""depth"": 50.0, ""face_h"": 60.0, ""face_w"": 60.0, ""margin_depths"": 2.0, ""pitch_jitter"": 0.25, ""pitch_mean"": 7.5, ""pitch_seed"": 23, ""tip_round"": true, ""tip_width"": 0.4, ""valley_round"": 0.4}"
P1_groove_p13_t08_s23,ridge,vgroove,print,0.8,23,d00,13.0,50.0,0.0,0.0017008319264277816,0.04999997094273567,"{""arc_segments"": 24, ""backing"": 2.0, ""depth"": 50.0, ""face_h"": 60.0, ""face_w"": 60.0, ""margin_depths"": 2.0, ""pitch_jitter"": 0.25, ""pitch_mean"": 13.0, ""pitch_seed"": 23, ""tip_round"": true, ""tip_width"": 0.8, ""valley_round"": 0.4}"
P1_groove_p13_t08_s23,ridge,vgroove,print,0.8,23,d00,13.0,50.0,-20.0,0.0006891557131893933,0.04999997094273567,"{""arc_segments"": 24, ""backing"": 2.0, ""depth"": 50.0, ""face_h"": 60.0, ""face_w"": 60.0, ""margin_depths"": 2.0, ""pitch_jitter"": 0.25, ""pitch_mean"": 13.0, ""pitch_seed"": 23, ""tip_round"": true, ""tip_width"": 0.8, ""valley_round"": 0.4}"
P1_groove_p13_t08_s23,ridge,vgroove,print,0.8,23,d00,13.0,50.0,-40.0,0.0007936902693472803,0.04999997094273567,"{""arc_segments"": 24, ""backing"": 2.0, ""depth"": 50.0, ""face_h"": 60.0, ""face_w"": 60.0, ""margin_depths"": 2.0, ""pitch_jitter"": 0.25, ""pitch_mean"": 13.0, ""pitch_seed"": 23, ""tip_round"": true, ""tip_width"": 0.8, ""valley_round"": 0.4}"
P1_groove_p13_t08_s23,ridge,vgroove,print,0.8,23,d00,13.0,50.0,20.0,0.0006631313008256257,0.04999997094273567,"{""arc_segments"": 24, ""backing"": 2.0, ""depth"": 50.0, ""face_h"": 60.0, ""face_w"": 60.0, ""margin_depths"": 2.0, ""pitch_jitter"": 0.25, ""pitch_mean"": 13.0, ""pitch_seed"": 23, ""tip_round"": true, ""tip_width"": 0.8, ""valley_round"": 0.4}"
P1_groove_p13_t08_s23,ridge,vgroove,print,0.8,23,d00,13.0,50.0,40.0,0.0007845598738640547,0.04999997094273567,"{""arc_segments"": 24, ""backing"": 2.0, ""depth"": 50.0, ""face_h"": 60.0, ""face_w"": 60.0, ""margin_depths"": 2.0, ""pitch_jitter"": 0.25, ""pitch_mean"": 13.0, ""pitch_seed"": 23, ""tip_round"": true, ""tip_width"": 0.8, ""valley_round"": 0.4}"
P1_groove_p13_t08_s23,ridge,vgroove,print,0.8,23,d76,13.0,50.0,0.0,0.0017818225314840674,0.04999997094273567,"{""arc_segments"": 24, ""backing"": 2.0, ""depth"": 50.0, ""face_h"": 60.0, ""face_w"": 60.0, ""margin_depths"": 2.0, ""pitch_jitter"": 0.25, ""pitch_mean"": 13.0, ""pitch_seed"": 23, ""tip_round"": true, ""tip_width"": 0.8, ""valley_round"": 0.4}"
P1_groove_p13_t08_s23,ridge,vgroove,print,0.8,23,d76,13.0,50.0,-20.0,0.0023761040065437555,0.04999997094273567,"{""arc_segments"": 24, ""backing"": 2.0, ""depth"": 50.0, ""face_h"": 60.0, ""face_w"": 60.0, ""margin_depths"": 2.0, ""pitch_jitter"": 0.25, ""pitch_mean"": 13.0, ""pitch_seed"": 23, ""tip_round"": true, ""tip_width"": 0.8, ""valley_round"": 0.4}"
P1_groove_p13_t08_s23,ridge,vgroove,print,0.8,23,d76,13.0,50.0,-40.0,0.003178955754265189,0.04999997094273567,"{""arc_segments"": 24, ""backing"": 2.0, ""depth"": 50.0, ""face_h"": 60.0, ""face_w"": 60.0, ""margin_depths"": 2.0, ""pitch_jitter"": 0.25, ""pitch_mean"": 13.0, ""pitch_seed"": 23, ""tip_round"": true, ""tip_width"": 0.8, ""valley_round"": 0.4}"
P1_groove_p13_t08_s23,ridge,vgroove,print,0.8,23,d76,13.0,50.0,20.0,0.002095807110890746,0.04999997094273567,"{""arc_segments"": 24, ""backing"": 2.0, ""depth"": 50.0, ""face_h"": 60.0, ""face_w"": 60.0, ""margin_depths"": 2.0, ""pitch_jitter"": 0.25, ""pitch_mean"": 13.0, ""pitch_seed"": 23, ""tip_round"": true, ""tip_width"": 0.8, ""valley_round"": 0.4}"
P1_groove_p13_t08_s23,ridge,vgroove,print,0.8,23,d76,13.0,50.0,40.0,0.0030123554170131683,0.04999997094273567,"{""arc_segments"": 24, ""backing"": 2.0, ""depth"": 50.0, ""face_h"": 60.0, ""face_w"": 60.0, ""margin_depths"": 2.0, ""pitch_jitter"": 0.25, ""pitch_mean"": 13.0, ""pitch_seed"": 23, ""tip_round"": true, ""tip_width"": 0.8, ""valley_round"": 0.4}"
P1_groove_p13_t08_s23,ridge,vgroove,print,0.8,23,d100,13.0,50.0,0.0,0.0018397436942905188,0.04999997094273567,"{""arc_segments"": 24, ""backing"": 2.0, ""depth"": 50.0, ""face_h"": 60.0, ""face_w"": 60.0, ""margin_depths"": 2.0, ""pitch_jitter"": 0.25, ""pitch_mean"": 13.0, ""pitch_seed"": 23, ""tip_round"": true, ""tip_width"": 0.8, ""valley_round"": 0.4}"
P1_groove_p13_t08_s23,ridge,vgroove,print,0.8,23,d100,13.0,50.0,-20.0,0.0029263559263199568,0.04999997094273567,"{""arc_segments"": 24, ""backing"": 2.0, ""depth"": 50.0, ""face_h"": 60.0, ""face_w"": 60.0, ""margin_depths"": 2.0, ""pitch_jitter"": 0.25, ""pitch_mean"": 13.0, ""pitch_seed"": 23, ""tip_round"": true, ""tip_width"": 0.8, ""valley_round"": 0.4}"
P1_groove_p13_t08_s23,ridge,vgroove,print,0.8,23,d100,13.0,50.0,-40.0,0.003945611417293549,0.04999997094273567,"{""arc_segments"": 24, ""backing"": 2.0, ""depth"": 50.0, ""face_h"": 60.0, ""face_w"": 60.0, ""margin_depths"": 2.0, ""pitch_jitter"": 0.25, ""pitch_mean"": 13.0, ""pitch_seed"": 23, ""tip_round"": true, ""tip_width"": 0.8, ""valley_round"": 0.4}"
P1_groove_p13_t08_s23,ridge,vgroove,print,0.8,23,d100,13.0,50.0,20.0,0.0025492373388260603,0.04999997094273567,"{""arc_segments"": 24, ""backing"": 2.0, ""depth"": 50.0, ""face_h"": 60.0, ""face_w"": 60.0, ""margin_depths"": 2.0, ""pitch_jitter"": 0.25, ""pitch_mean"": 13.0, ""pitch_seed"": 23, ""tip_round"": true, ""tip_width"": 0.8, ""valley_round"": 0.4}"
P1_groove_p13_t08_s23,ridge,vgroove,print,0.8,23,d100,13.0,50.0,40.0,0.003718974068760872,0.04999997094273567,"{""arc_segments"": 24, ""backing"": 2.0, ""depth"": 50.0, ""face_h"": 60.0, ""face_w"": 60.0, ""margin_depths"": 2.0, ""pitch_jitter"": 0.25, ""pitch_mean"": 13.0, ""pitch_seed"": 23, ""tip_round"": true, ""tip_width"": 0.8, ""valley_round"": 0.4}"
P1_groove_serr_p20_s23,ridge,vgroove,print,0.4,23,d00,20.0,50.0,0.0,0.0006675436161458492,0.04999997094273567,"{""arc_segments"": 24, ""backing"": 2.0, ""depth"": 50.0, ""face_h"": 60.0, ""face_w"": 60.0, ""margin_depths"": 2.0, ""micro_depth"": 0.3, ""micro_pitch"": 1.0, ""pitch_jitter"": 0.25, ""pitch_mean"": 20.0, ""pitch_seed"": 23, ""tip_round"": true, ""tip_width"": 0.4, ""valley_round"": 0.4}"
P1_groove_serr_p20_s23,ridge,vgroove,print,0.4,23,d00,20.0,50.0,-20.0,0.0009308187291026115,0.04999997094273567,"{""arc_segments"": 24, ""backing"": 2.0, ""depth"": 50.0, ""face_h"": 60.0, ""face_w"": 60.0, ""margin_depths"": 2.0, ""micro_depth"": 0.3, ""micro_pitch"": 1.0, ""pitch_jitter"": 0.25, ""pitch_mean"": 20.0, ""pitch_seed"": 23, ""tip_round"": true, ""tip_width"": 0.4, ""valley_round"": 0.4}"
P1_groove_serr_p20_s23,ridge,vgroove,print,0.4,23,d00,20.0,50.0,-40.0,0.003560570301488042,0.04999997094273567,"{""arc_segments"": 24, ""backing"": 2.0, ""depth"": 50.0, ""face_h"": 60.0, ""face_w"": 60.0, ""margin_depths"": 2.0, ""micro_depth"": 0.3, ""micro_pitch"": 1.0, ""pitch_jitter"": 0.25, ""pitch_mean"": 20.0, ""pitch_seed"": 23, ""tip_round"": true, ""tip_width"": 0.4, ""valley_round"": 0.4}"
P1_groove_serr_p20_s23,ridge,vgroove,print,0.4,23,d00,20.0,50.0,20.0,0.0009327996522188187,0.04999997094273567,"{""arc_segments"": 24, ""backing"": 2.0, ""depth"": 50.0, ""face_h"": 60.0, ""face_w"": 60.0, ""margin_depths"": 2.0, ""micro_depth"": 0.3, ""micro_pitch"": 1.0, ""pitch_jitter"": 0.25, ""pitch_mean"": 20.0, ""pitch_seed"": 23, ""tip_round"": true, ""tip_width"": 0.4, ""valley_round"": 0.4}"
P1_groove_serr_p20_s23,ridge,vgroove,print,0.4,23,d00,20.0,50.0,40.0,0.003614224260672927,0.04999997094273567,"{""arc_segments"": 24, ""backing"": 2.0, ""depth"": 50.0, ""face_h"": 60.0, ""face_w"": 60.0, ""margin_depths"": 2.0, ""micro_depth"": 0.3, ""micro_pitch"": 1.0, ""pitch_jitter"": 0.25, ""pitch_mean"": 20.0, ""pitch_seed"": 23, ""tip_round"": true, ""tip_width"": 0.4, ""valley_round"": 0.4}"
P1_groove_serr_p20_s23,ridge,vgroove,print,0.4,23,d76,20.0,50.0,0.0,0.0031373384408652782,0.04999997094273567,"{""arc_segments"": 24, ""backing"": 2.0, ""depth"": 50.0, ""face_h"": 60.0, ""face_w"": 60.0, ""margin_depths"": 2.0, ""micro_depth"": 0.3, ""micro_pitch"": 1.0, ""pitch_jitter"": 0.25, ""pitch_mean"": 20.0, ""pitch_seed"": 23, ""tip_round"": true, ""tip_width"": 0.4, ""valley_round"": 0.4}"
P1_groove_serr_p20_s23,ridge,vgroove,print,0.4,23,d76,20.0,50.0,-20.0,0.003250490641221404,0.04999997094273567,"{""arc_segments"": 24, ""backing"": 2.0, ""depth"": 50.0, ""face_h"": 60.0, ""face_w"": 60.0, ""margin_depths"": 2.0, ""micro_depth"": 0.3, ""micro_pitch"": 1.0, ""pitch_jitter"": 0.25, ""pitch_mean"": 20.0, ""pitch_seed"": 23, ""tip_round"": true, ""tip_width"": 0.4, ""valley_round"": 0.4}"
P1_groove_serr_p20_s23,ridge,vgroove,print,0.4,23,d76,20.0,50.0,-40.0,0.004348520655184984,0.04999997094273567,"{""arc_segments"": 24, ""backing"": 2.0, ""depth"": 50.0, ""face_h"": 60.0, ""face_w"": 60.0, ""margin_depths"": 2.0, ""micro_depth"": 0.3, ""micro_pitch"": 1.0, ""pitch_jitter"": 0.25, ""pitch_mean"": 20.0, ""pitch_seed"": 23, ""tip_round"": true, ""tip_width"": 0.4, ""valley_round"": 0.4}"
P1_groove_serr_p20_s23,ridge,vgroove,print,0.4,23,d76,20.0,50.0,20.0,0.003224159823730588,0.04999997094273567,"{""arc_segments"": 24, ""backing"": 2.0, ""depth"": 50.0, ""face_h"": 60.0, ""face_w"": 60.0, ""margin_depths"": 2.0, ""micro_depth"": 0.3, ""micro_pitch"": 1.0, ""pitch_jitter"": 0.25, ""pitch_mean"": 20.0, ""pitch_seed"": 23, ""tip_round"": true, ""tip_width"": 0.4, ""valley_round"": 0.4}"
P1_groove_serr_p20_s23,ridge,vgroove,print,0.4,23,d76,20.0,50.0,40.0,0.004349845461547375,0.04999997094273567,"{""arc_segments"": 24, ""backing"": 2.0, ""depth"": 50.0, ""face_h"": 60.0, ""face_w"": 60.0, ""margin_depths"": 2.0, ""micro_depth"": 0.3, ""micro_pitch"": 1.0, ""pitch_jitter"": 0.25, ""pitch_mean"": 20.0, ""pitch_seed"": 23, ""tip_round"": true, ""tip_width"": 0.4, ""valley_round"": 0.4}"
P1_groove_serr_p20_s23,ridge,vgroove,print,0.4,23,d100,20.0,50.0,0.0,0.003936605993658304,0.04999997094273567,"{""arc_segments"": 24, ""backing"": 2.0, ""depth"": 50.0, ""face_h"": 60.0, ""face_w"": 60.0, ""margin_depths"": 2.0, ""micro_depth"": 0.3, ""micro_pitch"": 1.0, ""pitch_jitter"": 0.25, ""pitch_mean"": 20.0, ""pitch_seed"": 23, ""tip_round"": true, ""tip_width"": 0.4, ""valley_round"": 0.4}"
P1_groove_serr_p20_s23,ridge,vgroove,print,0.4,23,d100,20.0,50.0,-20.0,0.004001491237431765,0.04999997094273567,"{""arc_segments"": 24, ""backing"": 2.0, ""depth"": 50.0, ""face_h"": 60.0, ""face_w"": 60.0, ""margin_depths"": 2.0, ""micro_depth"": 0.3, ""micro_pitch"": 1.0, ""pitch_jitter"": 0.25, ""pitch_mean"": 20.0, ""pitch_seed"": 23, ""tip_round"": true, ""tip_width"": 0.4, ""valley_round"": 0.4}"
P1_groove_serr_p20_s23,ridge,vgroove,print,0.4,23,d100,20.0,50.0,-40.0,0.0046095955185592175,0.04999997094273567,"{""arc_segments"": 24, ""backing"": 2.0, ""depth"": 50.0, ""face_h"": 60.0, ""face_w"": 60.0, ""margin_depths"": 2.0, ""micro_depth"": 0.3, ""micro_pitch"": 1.0, ""pitch_jitter"": 0.25, ""pitch_mean"": 20.0, ""pitch_seed"": 23, ""tip_round"": true, ""tip_width"": 0.4, ""valley_round"": 0.4}"
P1_groove_serr_p20_s23,ridge,vgroove,print,0.4,23,d100,20.0,50.0,20.0,0.003953129984438419,0.04999997094273567,"{""arc_segments"": 24, ""backing"": 2.0, ""depth"": 50.0, ""face_h"": 60.0, ""face_w"": 60.0, ""margin_depths"": 2.0, ""micro_depth"": 0.3, ""micro_pitch"": 1.0, ""pitch_jitter"": 0.25, ""pitch_mean"": 20.0, ""pitch_seed"": 23, ""tip_round"": true, ""tip_width"": 0.4, ""valley_round"": 0.4}"
P1_groove_serr_p20_s23,ridge,vgroove,print,0.4,23,d100,20.0,50.0,40.0,0.004588684067130089,0.04999997094273567,"{""arc_segments"": 24, ""backing"": 2.0, ""depth"": 50.0, ""face_h"": 60.0, ""face_w"": 60.0, ""margin_depths"": 2.0, ""micro_depth"": 0.3, ""micro_pitch"": 1.0, ""pitch_jitter"": 0.25, ""pitch_mean"": 20.0, ""pitch_seed"": 23, ""tip_round"": true, ""tip_width"": 0.4, ""valley_round"": 0.4}"
B_CONE_p0550_s23,cone3d,cone,mould,0.4,23,d00,5.5,50.0,0.0,0.0018333194311708212,0.04999997094273567,"{""backing"": 2.0, ""depth"": 50.0, ""depth_jitter"": 0.0, ""face_h"": 60.0, ""face_w"": 60.0, ""height_seg"": 12, ""jitter"": 0.3, ""margin_depths"": 2.0, ""pitch"": 5.5, ""profile_power"": 1.0, ""radial_seg"": 24, ""seed"": 23, ""tip_radius"": 0.2}"
B_CONE_p0550_s23,cone3d,cone,mould,0.4,23,d00,5.5,50.0,-20.0,0.0013565050903707743,0.04999997094273567,"{""backing"": 2.0, ""depth"": 50.0, ""depth_jitter"": 0.0, ""face_h"": 60.0, ""face_w"": 60.0, ""height_seg"": 12, ""jitter"": 0.3, ""margin_depths"": 2.0, ""pitch"": 5.5, ""profile_power"": 1.0, ""radial_seg"": 24, ""seed"": 23, ""tip_radius"": 0.2}"
B_CONE_p0550_s23,cone3d,cone,mould,0.4,23,d00,5.5,50.0,-40.0,0.0021020069252699614,0.04999997094273567,"{""backing"": 2.0, ""depth"": 50.0, ""depth_jitter"": 0.0, ""face_h"": 60.0, ""face_w"": 60.0, ""height_seg"": 12, ""jitter"": 0.3, ""margin_depths"": 2.0, ""pitch"": 5.5, ""profile_power"": 1.0, ""radial_seg"": 24, ""seed"": 23, ""tip_radius"": 0.2}"
B_CONE_p0550_s23,cone3d,cone,mould,0.4,23,d00,5.5,50.0,20.0,0.0013237159000709653,0.04999997094273567,"{""backing"": 2.0, ""depth"": 50.0, ""depth_jitter"": 0.0, ""face_h"": 60.0, ""face_w"": 60.0, ""height_seg"": 12, ""jitter"": 0.3, ""margin_depths"": 2.0, ""pitch"": 5.5, ""profile_power"": 1.0, ""radial_seg"": 24, ""seed"": 23, ""tip_radius"": 0.2}"
B_CONE_p0550_s23,cone3d,cone,mould,0.4,23,d00,5.5,50.0,40.0,0.002136221155524254,0.04999997094273567,"{""backing"": 2.0, ""depth"": 50.0, ""depth_jitter"": 0.0, ""face_h"": 60.0, ""face_w"": 60.0, ""height_seg"": 12, ""jitter"": 0.3, ""margin_depths"": 2.0, ""pitch"": 5.5, ""profile_power"": 1.0, ""radial_seg"": 24, ""seed"": 23, ""tip_radius"": 0.2}"
B_CONE_p0550_s23,cone3d,cone,mould,0.4,23,d76,5.5,50.0,0.0,0.0010301650036126375,0.04999997094273567,"{""backing"": 2.0, ""depth"": 50.0, ""depth_jitter"": 0.0, ""face_h"": 60.0, ""face_w"": 60.0, ""height_seg"": 12, ""jitter"": 0.3, ""margin_depths"": 2.0, ""pitch"": 5.5, ""profile_power"": 1.0, ""radial_seg"": 24, ""seed"": 23, ""tip_radius"": 0.2}"
B_CONE_p0550_s23,cone3d,cone,mould,0.4,23,d76,5.5,50.0,-20.0,0.0013391993707045913,0.04999997094273567,"{""backing"": 2.0, ""depth"": 50.0, ""depth_jitter"": 0.0, ""face_h"": 60.0, ""face_w"": 60.0, ""height_seg"": 12, ""jitter"": 0.3, ""margin_depths"": 2.0, ""pitch"": 5.5, ""profile_power"": 1.0, ""radial_seg"": 24, ""seed"": 23, ""tip_radius"": 0.2}"
B_CONE_p0550_s23,cone3d,cone,mould,0.4,23,d76,5.5,50.0,-40.0,0.0019758727867156267,0.04999997094273567,"{""backing"": 2.0, ""depth"": 50.0, ""depth_jitter"": 0.0, ""face_h"": 60.0, ""face_w"": 60.0, ""height_seg"": 12, ""jitter"": 0.3, ""margin_depths"": 2.0, ""pitch"": 5.5, ""profile_power"": 1.0, ""radial_seg"": 24, ""seed"": 23, ""tip_radius"": 0.2}"
B_CONE_p0550_s23,cone3d,cone,mould,0.4,23,d76,5.5,50.0,20.0,0.0013404780765995383,0.04999997094273567,"{""backing"": 2.0, ""depth"": 50.0, ""depth_jitter"": 0.0, ""face_h"": 60.0, ""face_w"": 60.0, ""height_seg"": 12, ""jitter"": 0.3, ""margin_depths"": 2.0, ""pitch"": 5.5, ""profile_power"": 1.0, ""radial_seg"": 24, ""seed"": 23, ""tip_radius"": 0.2}"
B_CONE_p0550_s23,cone3d,cone,mould,0.4,23,d76,5.5,50.0,40.0,0.002042066538706422,0.04999997094273567,"{""backing"": 2.0, ""depth"": 50.0, ""depth_jitter"": 0.0, ""face_h"": 60.0, ""face_w"": 60.0, ""height_seg"": 12, ""jitter"": 0.3, ""margin_depths"": 2.0, ""pitch"": 5.5, ""profile_power"": 1.0, ""radial_seg"": 24, ""seed"": 23, ""tip_radius"": 0.2}"
B_CONE_p0550_s23,cone3d,cone,mould,0.4,23,d100,5.5,50.0,0.0,0.0008657085127197206,0.04999997094273567,"{""backing"": 2.0, ""depth"": 50.0, ""depth_jitter"": 0.0, ""face_h"": 60.0, ""face_w"": 60.0, ""height_seg"": 12, ""jitter"": 0.3, ""margin_depths"": 2.0, ""pitch"": 5.5, ""profile_power"": 1.0, ""radial_seg"": 24, ""seed"": 23, ""tip_radius"": 0.2}"
B_CONE_p0550_s23,cone3d,cone,mould,0.4,23,d100,5.5,50.0,-20.0,0.001447593909688294,0.04999997094273567,"{""backing"": 2.0, ""depth"": 50.0, ""depth_jitter"": 0.0, ""face_h"": 60.0, ""face_w"": 60.0, ""height_seg"": 12, ""jitter"": 0.3, ""margin_depths"": 2.0, ""pitch"": 5.5, ""profile_power"": 1.0, ""radial_seg"": 24, ""seed"": 23, ""tip_radius"": 0.2}"
B_CONE_p0550_s23,cone3d,cone,mould,0.4,23,d100,5.5,50.0,-40.0,0.0021356006618589163,0.04999997094273567,"{""backing"": 2.0, ""depth"": 50.0, ""depth_jitter"": 0.0, ""face_h"": 60.0, ""face_w"": 60.0, ""height_seg"": 12, ""jitter"": 0.3, ""margin_depths"": 2.0, ""pitch"": 5.5, ""profile_power"": 1.0, ""radial_seg"": 24, ""seed"": 23, ""tip_radius"": 0.2}"
B_CONE_p0550_s23,cone3d,cone,mould,0.4,23,d100,5.5,50.0,20.0,0.0014534707879647613,0.04999997094273567,"{""backing"": 2.0, ""depth"": 50.0, ""depth_jitter"": 0.0, ""face_h"": 60.0, ""face_w"": 60.0, ""height_seg"": 12, ""jitter"": 0.3, ""margin_depths"": 2.0, ""pitch"": 5.5, ""profile_power"": 1.0, ""radial_seg"": 24, ""seed"": 23, ""tip_radius"": 0.2}"
B_CONE_p0550_s23,cone3d,cone,mould,0.4,23,d100,5.5,50.0,40.0,0.0021548415534198284,0.04999997094273567,"{""backing"": 2.0, ""depth"": 50.0, ""depth_jitter"": 0.0, ""face_h"": 60.0, ""face_w"": 60.0, ""height_seg"": 12, ""jitter"": 0.3, ""margin_depths"": 2.0, ""pitch"": 5.5, ""profile_power"": 1.0, ""radial_seg"": 24, ""seed"": 23, ""tip_radius"": 0.2}"
P1_groove_p13_t04_s101,ridge,vgroove,print,0.4,101,d00,13.0,50.0,0.0,0.0010424094507470727,0.04999997094273567,"{""arc_segments"": 24, ""backing"": 2.0, ""depth"": 50.0, ""face_h"": 60.0, ""face_w"": 60.0, ""margin_depths"": 2.0, ""pitch_jitter"": 0.25, ""pitch_mean"": 13.0, ""pitch_seed"": 101, ""tip_round"": true, ""tip_width"": 0.4, ""valley_round"": 0.4}"
P1_groove_p13_t04_s101,ridge,vgroove,print,0.4,101,d00,13.0,50.0,-20.0,0.00028334002126939595,0.04999997094273567,"{""arc_segments"": 24, ""backing"": 2.0, ""depth"": 50.0, ""face_h"": 60.0, ""face_w"": 60.0, ""margin_depths"": 2.0, ""pitch_jitter"": 0.25, ""pitch_mean"": 13.0, ""pitch_seed"": 101, ""tip_round"": true, ""tip_width"": 0.4, ""valley_round"": 0.4}"
P1_groove_p13_t04_s101,ridge,vgroove,print,0.4,101,d00,13.0,50.0,-40.0,0.0003034978290088475,0.04999997094273567,"{""arc_segments"": 24, ""backing"": 2.0, ""depth"": 50.0, ""face_h"": 60.0, ""face_w"": 60.0, ""margin_depths"": 2.0, ""pitch_jitter"": 0.25, ""pitch_mean"": 13.0, ""pitch_seed"": 101, ""tip_round"": true, ""tip_width"": 0.4, ""valley_round"": 0.4}"
P1_groove_p13_t04_s101,ridge,vgroove,print,0.4,101,d00,13.0,50.0,20.0,0.00027429257170297205,0.04999997094273567,"{""arc_segments"": 24, ""backing"": 2.0, ""depth"": 50.0, ""face_h"": 60.0, ""face_w"": 60.0, ""margin_depths"": 2.0, ""pitch_jitter"": 0.25, ""pitch_mean"": 13.0, ""pitch_seed"": 101, ""tip_round"": true, ""tip_width"": 0.4, ""valley_round"": 0.4}"
P1_groove_p13_t04_s101,ridge,vgroove,print,0.4,101,d00,13.0,50.0,40.0,0.0003051166422665119,0.04999997094273567,"{""arc_segments"": 24, ""backing"": 2.0, ""depth"": 50.0, ""face_h"": 60.0, ""face_w"": 60.0, ""margin_depths"": 2.0, ""pitch_jitter"": 0.25, ""pitch_mean"": 13.0, ""pitch_seed"": 101, ""tip_round"": true, ""tip_width"": 0.4, ""valley_round"": 0.4}"
P1_groove_p13_t04_s101,ridge,vgroove,print,0.4,101,d76,13.0,50.0,0.0,0.001366258249618113,0.04999997094273567,"{""arc_segments"": 24, ""backing"": 2.0, ""depth"": 50.0, ""face_h"": 60.0, ""face_w"": 60.0, ""margin_depths"": 2.0, ""pitch_jitter"": 0.25, ""pitch_mean"": 13.0, ""pitch_seed"": 101, ""tip_round"": true, ""tip_width"": 0.4, ""valley_round"": 0.4}"
P1_groove_p13_t04_s101,ridge,vgroove,print,0.4,101,d76,13.0,50.0,-20.0,0.002132945926859975,0.04999997094273567,"{""arc_segments"": 24, ""backing"": 2.0, ""depth"": 50.0, ""face_h"": 60.0, ""face_w"": 60.0, ""margin_depths"": 2.0, ""pitch_jitter"": 0.25, ""pitch_mean"": 13.0, ""pitch_seed"": 101, ""tip_round"": true, ""tip_width"": 0.4, ""valley_round"": 0.4}"
P1_groove_p13_t04_s101,ridge,vgroove,print,0.4,101,d76,13.0,50.0,-40.0,0.0030699579510837793,0.04999997094273567,"{""arc_segments"": 24, ""backing"": 2.0, ""depth"": 50.0, ""face_h"": 60.0, ""face_w"": 60.0, ""margin_depths"": 2.0, ""pitch_jitter"": 0.25, ""pitch_mean"": 13.0, ""pitch_seed"": 101, ""tip_round"": true, ""tip_width"": 0.4, ""valley_round"": 0.4}"
P1_groove_p13_t04_s101,ridge,vgroove,print,0.4,101,d76,13.0,50.0,20.0,0.0020341905765235424,0.04999997094273567,"{""arc_segments"": 24, ""backing"": 2.0, ""depth"": 50.0, ""face_h"": 60.0, ""face_w"": 60.0, ""margin_depths"": 2.0, ""pitch_jitter"": 0.25, ""pitch_mean"": 13.0, ""pitch_seed"": 101, ""tip_round"": true, ""tip_width"": 0.4, ""valley_round"": 0.4}"
P1_groove_p13_t04_s101,ridge,vgroove,print,0.4,101,d76,13.0,50.0,40.0,0.0029992989730089903,0.04999997094273567,"{""arc_segments"": 24, ""backing"": 2.0, ""depth"": 50.0, ""face_h"": 60.0, ""face_w"": 60.0, ""margin_depths"": 2.0, ""pitch_jitter"": 0.25, ""pitch_mean"": 13.0, ""pitch_seed"": 101, ""tip_round"": true, ""tip_width"": 0.4, ""valley_round"": 0.4}"
P1_groove_p13_t04_s101,ridge,vgroove,print,0.4,101,d100,13.0,50.0,0.0,0.0015040652360767126,0.04999997094273567,"{""arc_segments"": 24, ""backing"": 2.0, ""depth"": 50.0, ""face_h"": 60.0, ""face_w"": 60.0, ""margin_depths"": 2.0, ""pitch_jitter"": 0.25, ""pitch_mean"": 13.0, ""pitch_seed"": 101, ""tip_round"": true, ""tip_width"": 0.4, ""valley_round"": 0.4}"
P1_groove_p13_t04_s101,ridge,vgroove,print,0.4,101,d100,13.0,50.0,-20.0,0.0027290727011859417,0.04999997094273567,"{""arc_segments"": 24, ""backing"": 2.0, ""depth"": 50.0, ""face_h"": 60.0, ""face_w"": 60.0, ""margin_depths"": 2.0, ""pitch_jitter"": 0.25, ""pitch_mean"": 13.0, ""pitch_seed"": 101, ""tip_round"": true, ""tip_width"": 0.4, ""valley_round"": 0.4}"
P1_groove_p13_t04_s101,ridge,vgroove,print,0.4,101,d100,13.0,50.0,-40.0,0.003950735088437796,0.04999997094273567,"{""arc_segments"": 24, ""backing"": 2.0, ""depth"": 50.0, ""face_h"": 60.0, ""face_w"": 60.0, ""margin_depths"": 2.0, ""pitch_jitter"": 0.25, ""pitch_mean"": 13.0, ""pitch_seed"": 101, ""tip_round"": true, ""tip_width"": 0.4, ""valley_round"": 0.4}"
P1_groove_p13_t04_s101,ridge,vgroove,print,0.4,101,d100,13.0,50.0,20.0,0.002586337272077799,0.04999997094273567,"{""arc_segments"": 24, ""backing"": 2.0, ""depth"": 50.0, ""face_h"": 60.0, ""face_w"": 60.0, ""margin_depths"": 2.0, ""pitch_jitter"": 0.25, ""pitch_mean"": 13.0, ""pitch_seed"": 101, ""tip_round"": true, ""tip_width"": 0.4, ""valley_round"": 0.4}"
P1_groove_p13_t04_s101,ridge,vgroove,print,0.4,101,d100,13.0,50.0,40.0,0.0038542943075299263,0.04999997094273567,"{""arc_segments"": 24, ""backing"": 2.0, ""depth"": 50.0, ""face_h"": 60.0, ""face_w"": 60.0, ""margin_depths"": 2.0, ""pitch_jitter"": 0.25, ""pitch_mean"": 13.0, ""pitch_seed"": 101, ""tip_round"": true, ""tip_width"": 0.4, ""valley_round"": 0.4}"
P1_groove_p075_t04_s101,ridge,vgroove,print,0.4,101,d00,7.5,50.0,0.0,0.0016928333789110184,0.04999997094273567,"{""arc_segments"": 24, ""backing"": 2.0, ""depth"": 50.0, ""face_h"": 60.0, ""face_w"": 60.0, ""margin_depths"": 2.0, ""pitch_jitter"": 0.25, ""pitch_mean"": 7.5, ""pitch_seed"": 101, ""tip_round"": true, ""tip_width"": 0.4, ""valley_round"": 0.4}"
P1_groove_p075_t04_s101,ridge,vgroove,print,0.4,101,d00,7.5,50.0,-20.0,0.0005446334253065288,0.04999997094273567,"{""arc_segments"": 24, ""backing"": 2.0, ""depth"": 50.0, ""face_h"": 60.0, ""face_w"": 60.0, ""margin_depths"": 2.0, ""pitch_jitter"": 0.25, ""pitch_mean"": 7.5, ""pitch_seed"": 101, ""tip_round"": true, ""tip_width"": 0.4, ""valley_round"": 0.4}"
P1_groove_p075_t04_s101,ridge,vgroove,print,0.4,101,d00,7.5,50.0,-40.0,0.0005981106660328805,0.04999997094273567,"{""arc_segments"": 24, ""backing"": 2.0, ""depth"": 50.0, ""face_h"": 60.0, ""face_w"": 60.0, ""margin_depths"": 2.0, ""pitch_jitter"": 0.25, ""pitch_mean"": 7.5, ""pitch_seed"": 101, ""tip_round"": true, ""tip_width"": 0.4, ""valley_round"": 0.4}"
P1_groove_p075_t04_s101,ridge,vgroove,print,0.4,101,d00,7.5,50.0,20.0,0.0005600188160315156,0.04999997094273567,"{""arc_segments"": 24, ""backing"": 2.0, ""depth"": 50.0, ""face_h"": 60.0, ""face_w"": 60.0, ""margin_depths"": 2.0, ""pitch_jitter"": 0.25, ""pitch_mean"": 7.5, ""pitch_seed"": 101, ""tip_round"": true, ""tip_width"": 0.4, ""valley_round"": 0.4}"
P1_groove_p075_t04_s101,ridge,vgroove,print,0.4,101,d00,7.5,50.0,40.0,0.0005919529357925057,0.04999997094273567,"{""arc_segments"": 24, ""backing"": 2.0, ""depth"": 50.0, ""face_h"": 60.0, ""face_w"": 60.0, ""margin_depths"": 2.0, ""pitch_jitter"": 0.25, ""pitch_mean"": 7.5, ""pitch_seed"": 101, ""tip_round"": true, ""tip_width"": 0.4, ""valley_round"": 0.4}"
P1_groove_p075_t04_s101,ridge,vgroove,print,0.4,101,d76,7.5,50.0,0.0,0.0012618827167898417,0.04999997094273567,"{""arc_segments"": 24, ""backing"": 2.0, ""depth"": 50.0, ""face_h"": 60.0, ""face_w"": 60.0, ""margin_depths"": 2.0, ""pitch_jitter"": 0.25, ""pitch_mean"": 7.5, ""pitch_seed"": 101, ""tip_round"": true, ""tip_width"": 0.4, ""valley_round"": 0.4}"
P1_groove_p075_t04_s101,ridge,vgroove,print,0.4,101,d76,7.5,50.0,-20.0,0.0018143357010558248,0.04999997094273567,"{""arc_segments"": 24, ""backing"": 2.0, ""depth"": 50.0, ""face_h"": 60.0, ""face_w"": 60.0, ""margin_depths"": 2.0, ""pitch_jitter"": 0.25, ""pitch_mean"": 7.5, ""pitch_seed"": 101, ""tip_round"": true, ""tip_width"": 0.4, ""valley_round"": 0.4}"
P1_groove_p075_t04_s101,ridge,vgroove,print,0.4,101,d76,7.5,50.0,-40.0,0.002697654766961932,0.04999997094273567,"{""arc_segments"": 24, ""backing"": 2.0, ""depth"": 50.0, ""face_h"": 60.0, ""face_w"": 60.0, ""margin_depths"": 2.0, ""pitch_jitter"": 0.25, ""pitch_mean"": 7.5, ""pitch_seed"": 101, ""tip_round"": true, ""tip_width"": 0.4, ""valley_round"": 0.4}"
P1_groove_p075_t04_s101,ridge,vgroove,print,0.4,101,d76,7.5,50.0,20.0,0.0019362573511898518,0.04999997094273567,"{""arc_segments"": 24, ""backing"": 2.0, ""depth"": 50.0, ""face_h"": 60.0, ""face_w"": 60.0, ""margin_depths"": 2.0, ""pitch_jitter"": 0.25, ""pitch_mean"": 7.5, ""pitch_seed"": 101, ""tip_round"": true, ""tip_width"": 0.4, ""valley_round"": 0.4}"
P1_groove_p075_t04_s101,ridge,vgroove,print,0.4,101,d76,7.5,50.0,40.0,0.0027904300950467587,0.04999997094273567,"{""arc_segments"": 24, ""backing"": 2.0, ""depth"": 50.0, ""face_h"": 60.0, ""face_w"": 60.0, ""margin_depths"": 2.0, ""pitch_jitter"": 0.25, ""pitch_mean"": 7.5, ""pitch_seed"": 101, ""tip_round"": true, ""tip_width"": 0.4, ""valley_round"": 0.4}"
P1_groove_p075_t04_s101,ridge,vgroove,print,0.4,101,d100,7.5,50.0,0.0,0.001154525438323617,0.04999997094273567,"{""arc_segments"": 24, ""backing"": 2.0, ""depth"": 50.0, ""face_h"": 60.0, ""face_w"": 60.0, ""margin_depths"": 2.0, ""pitch_jitter"": 0.25, ""pitch_mean"": 7.5, ""pitch_seed"": 101, ""tip_round"": true, ""tip_width"": 0.4, ""valley_round"": 0.4}"
P1_groove_p075_t04_s101,ridge,vgroove,print,0.4,101,d100,7.5,50.0,-20.0,0.0022194008342921734,0.04999997094273567,"{""arc_segments"": 24, ""backing"": 2.0, ""depth"": 50.0, ""face_h"": 60.0, ""face_w"": 60.0, ""margin_depths"": 2.0, ""pitch_jitter"": 0.25, ""pitch_mean"": 7.5, ""pitch_seed"": 101, ""tip_round"": true, ""tip_width"": 0.4, ""valley_round"": 0.4}"
P1_groove_p075_t04_s101,ridge,vgroove,print,0.4,101,d100,7.5,50.0,-40.0,0.0033720198553055525,0.04999997094273567,"{""arc_segments"": 24, ""backing"": 2.0, ""depth"": 50.0, ""face_h"": 60.0, ""face_w"": 60.0, ""margin_depths"": 2.0, ""pitch_jitter"": 0.25, ""pitch_mean"": 7.5, ""pitch_seed"": 101, ""tip_round"": true, ""tip_width"": 0.4, ""valley_round"": 0.4}"
P1_groove_p075_t04_s101,ridge,vgroove,print,0.4,101,d100,7.5,50.0,20.0,0.00238512409850955,0.04999997094273567,"{""arc_segments"": 24, ""backing"": 2.0, ""depth"": 50.0, ""face_h"": 60.0, ""face_w"": 60.0, ""margin_depths"": 2.0, ""pitch_jitter"": 0.25, ""pitch_mean"": 7.5, ""pitch_seed"": 101, ""tip_round"": true, ""tip_width"": 0.4, ""valley_round"": 0.4}"
P1_groove_p075_t04_s101,ridge,vgroove,print,0.4,101,d100,7.5,50.0,40.0,0.0034909825772047043,0.04999997094273567,"{""arc_segments"": 24, ""backing"": 2.0, ""depth"": 50.0, ""face_h"": 60.0, ""face_w"": 60.0, ""margin_depths"": 2.0, ""pitch_jitter"": 0.25, ""pitch_mean"": 7.5, ""pitch_seed"": 101, ""tip_round"": true, ""tip_width"": 0.4, ""valley_round"": 0.4}"
P1_groove_p13_t08_s101,ridge,vgroove,print,0.8,101,d00,13.0,50.0,0.0,0.0011599624995142221,0.04999997094273567,"{""arc_segments"": 24, ""backing"": 2.0, ""depth"": 50.0, ""face_h"": 60.0, ""face_w"": 60.0, ""margin_depths"": 2.0, ""pitch_jitter"": 0.25, ""pitch_mean"": 13.0, ""pitch_seed"": 101, ""tip_round"": true, ""tip_width"": 0.8, ""valley_round"": 0.4}"
P1_groove_p13_t08_s101,ridge,vgroove,print,0.8,101,d00,13.0,50.0,-20.0,0.0004083194653503597,0.04999997094273567,"{""arc_segments"": 24, ""backing"": 2.0, ""depth"": 50.0, ""face_h"": 60.0, ""face_w"": 60.0, ""margin_depths"": 2.0, ""pitch_jitter"": 0.25, ""pitch_mean"": 13.0, ""pitch_seed"": 101, ""tip_round"": true, ""tip_width"": 0.8, ""valley_round"": 0.4}"
P1_groove_p13_t08_s101,ridge,vgroove,print,0.8,101,d00,13.0,50.0,-40.0,0.0004766477213706821,0.04999997094273567,"{""arc_segments"": 24, ""backing"": 2.0, ""depth"": 50.0, ""face_h"": 60.0, ""face_w"": 60.0, ""margin_depths"": 2.0, ""pitch_jitter"": 0.25, ""pitch_mean"": 13.0, ""pitch_seed"": 101, ""tip_round"": true, ""tip_width"": 0.8, ""valley_round"": 0.4}"
P1_groove_p13_t08_s101,ridge,vgroove,print,0.8,101,d00,13.0,50.0,20.0,0.0004003611102234572,0.04999997094273567,"{""arc_segments"": 24, ""backing"": 2.0, ""depth"": 50.0, ""face_h"": 60.0, ""face_w"": 60.0, ""margin_depths"": 2.0, ""pitch_jitter"": 0.25, ""pitch_mean"": 13.0, ""pitch_seed"": 101, ""tip_round"": true, ""tip_width"": 0.8, ""valley_round"": 0.4}"
P1_groove_p13_t08_s101,ridge,vgroove,print,0.8,101,d00,13.0,50.0,40.0,0.000469275692012161,0.04999997094273567,"{""arc_segments"": 24, ""backing"": 2.0, ""depth"": 50.0, ""face_h"": 60.0, ""face_w"": 60.0, ""margin_depths"": 2.0, ""pitch_jitter"": 0.25, ""pitch_mean"": 13.0, ""pitch_seed"": 101, ""tip_round"": true, ""tip_width"": 0.8, ""valley_round"": 0.4}"
P1_groove_p13_t08_s101,ridge,vgroove,print,0.8,101,d76,13.0,50.0,0.0,0.0014588135527446866,0.04999997094273567,"{""arc_segments"": 24, ""backing"": 2.0, ""depth"": 50.0, ""face_h"": 60.0, ""face_w"": 60.0, ""margin_depths"": 2.0, ""pitch_jitter"": 0.25, ""pitch_mean"": 13.0, ""pitch_seed"": 101, ""tip_round"": true, ""tip_width"": 0.8, ""valley_round"": 0.4}"
P1_groove_p13_t08_s101,ridge,vgroove,print,0.8,101,d76,13.0,50.0,-20.0,0.0022168103605508804,0.04999997094273567,"{""arc_segments"": 24, ""backing"": 2.0, ""depth"": 50.0, ""face_h"": 60.0, ""face_w"": 60.0, ""margin_depths"": 2.0, ""pitch_jitter"": 0.25, ""pitch_mean"": 13.0, ""pitch_seed"": 101, ""tip_round"": true, ""tip_width"": 0.8, ""valley_round"": 0.4}"
P1_groove_p13_t08_s101,ridge,vgroove,print,0.8,101,d76,13.0,50.0,-40.0,0.0031549350824207067,0.04999997094273567,"{""arc_segments"": 24, ""backing"": 2.0, ""depth"": 50.0, ""face_h"": 60.0, ""face_w"": 60.0, ""margin_depths"": 2.0, ""pitch_jitter"": 0.25, ""pitch_mean"": 13.0, ""pitch_seed"": 101, ""tip_round"": true, ""tip_width"": 0.8, ""valley_round"": 0.4}"
P1_groove_p13_t08_s101,ridge,vgroove,print,0.8,101,d76,13.0,50.0,20.0,0.002113708294928074,0.04999997094273567,"{""arc_segments"": 24, ""backing"": 2.0, ""depth"": 50.0, ""face_h"": 60.0, ""face_w"": 60.0, ""margin_depths"": 2.0, ""pitch_jitter"": 0.25, ""pitch_mean"": 13.0, ""pitch_seed"": 101, ""tip_round"": true, ""tip_width"": 0.8, ""valley_round"": 0.4}"
P1_groove_p13_t08_s101,ridge,vgroove,print,0.8,101,d76,13.0,50.0,40.0,0.0030736227054148912,0.04999997094273567,"{""arc_segments"": 24, ""backing"": 2.0, ""depth"": 50.0, ""face_h"": 60.0, ""face_w"": 60.0, ""margin_depths"": 2.0, ""pitch_jitter"": 0.25, ""pitch_mean"": 13.0, ""pitch_seed"": 101, ""tip_round"": true, ""tip_width"": 0.8, ""valley_round"": 0.4}"
P1_groove_p13_t08_s101,ridge,vgroove,print,0.8,101,d100,13.0,50.0,0.0,0.0015941475285217166,0.04999997094273567,"{""arc_segments"": 24, ""backing"": 2.0, ""depth"": 50.0, ""face_h"": 60.0, ""face_w"": 60.0, ""margin_depths"": 2.0, ""pitch_jitter"": 0.25, ""pitch_mean"": 13.0, ""pitch_seed"": 101, ""tip_round"": true, ""tip_width"": 0.8, ""valley_round"": 0.4}"
P1_groove_p13_t08_s101,ridge,vgroove,print,0.8,101,d100,13.0,50.0,-20.0,0.002803951734676957,0.04999997094273567,"{""arc_segments"": 24, ""backing"": 2.0, ""depth"": 50.0, ""face_h"": 60.0, ""face_w"": 60.0, ""margin_depths"": 2.0, ""pitch_jitter"": 0.25, ""pitch_mean"": 13.0, ""pitch_seed"": 101, ""tip_round"": true, ""tip_width"": 0.8, ""valley_round"": 0.4}"
P1_groove_p13_t08_s101,ridge,vgroove,print,0.8,101,d100,13.0,50.0,-40.0,0.004011485725641251,0.04999997094273567,"{""arc_segments"": 24, ""backing"": 2.0, ""depth"": 50.0, ""face_h"": 60.0, ""face_w"": 60.0, ""margin_depths"": 2.0, ""pitch_jitter"": 0.25, ""pitch_mean"": 13.0, ""pitch_seed"": 101, ""tip_round"": true, ""tip_width"": 0.8, ""valley_round"": 0.4}"
P1_groove_p13_t08_s101,ridge,vgroove,print,0.8,101,d100,13.0,50.0,20.0,0.0026524951681494713,0.04999997094273567,"{""arc_segments"": 24, ""backing"": 2.0, ""depth"": 50.0, ""face_h"": 60.0, ""face_w"": 60.0, ""margin_depths"": 2.0, ""pitch_jitter"": 0.25, ""pitch_mean"": 13.0, ""pitch_seed"": 101, ""tip_round"": true, ""tip_width"": 0.8, ""valley_round"": 0.4}"
P1_groove_p13_t08_s101,ridge,vgroove,print,0.8,101,d100,13.0,50.0,40.0,0.0039041044656187296,0.04999997094273567,"{""arc_segments"": 24, ""backing"": 2.0, ""depth"": 50.0, ""face_h"": 60.0, ""face_w"": 60.0, ""margin_depths"": 2.0, ""pitch_jitter"": 0.25, ""pitch_mean"": 13.0, ""pitch_seed"": 101, ""tip_round"": true, ""tip_width"": 0.8, ""valley_round"": 0.4}"
P1_groove_serr_p20_s101,ridge,vgroove,print,0.4,101,d00,20.0,50.0,0.0,0.0005694656283594668,0.04999997094273567,"{""arc_segments"": 24, ""backing"": 2.0, ""depth"": 50.0, ""face_h"": 60.0, ""face_w"": 60.0, ""margin_depths"": 2.0, ""micro_depth"": 0.3, ""micro_pitch"": 1.0, ""pitch_jitter"": 0.25, ""pitch_mean"": 20.0, ""pitch_seed"": 101, ""tip_round"": true, ""tip_width"": 0.4, ""valley_round"": 0.4}"
P1_groove_serr_p20_s101,ridge,vgroove,print,0.4,101,d00,20.0,50.0,-20.0,0.0006579895853064954,0.04999997094273567,"{""arc_segments"": 24, ""backing"": 2.0, ""depth"": 50.0, ""face_h"": 60.0, ""face_w"": 60.0, ""margin_depths"": 2.0, ""micro_depth"": 0.3, ""micro_pitch"": 1.0, ""pitch_jitter"": 0.25, ""pitch_mean"": 20.0, ""pitch_seed"": 101, ""tip_round"": true, ""tip_width"": 0.4, ""valley_round"": 0.4}"
P1_groove_serr_p20_s101,ridge,vgroove,print,0.4,101,d00,20.0,50.0,-40.0,0.0016539343632757664,0.04999997094273567,"{""arc_segments"": 24, ""backing"": 2.0, ""depth"": 50.0, ""face_h"": 60.0, ""face_w"": 60.0, ""margin_depths"": 2.0, ""micro_depth"": 0.3, ""micro_pitch"": 1.0, ""pitch_jitter"": 0.25, ""pitch_mean"": 20.0, ""pitch_seed"": 101, ""tip_round"": true, ""tip_width"": 0.4, ""valley_round"": 0.4}"
P1_groove_serr_p20_s101,ridge,vgroove,print,0.4,101,d00,20.0,50.0,20.0,0.0005767960683442652,0.04999997094273567,"{""arc_segments"": 24, ""backing"": 2.0, ""depth"": 50.0, ""face_h"": 60.0, ""face_w"": 60.0, ""margin_depths"": 2.0, ""micro_depth"": 0.3, ""micro_pitch"": 1.0, ""pitch_jitter"": 0.25, ""pitch_mean"": 20.0, ""pitch_seed"": 101, ""tip_round"": true, ""tip_width"": 0.4, ""valley_round"": 0.4}"
P1_groove_serr_p20_s101,ridge,vgroove,print,0.4,101,d00,20.0,50.0,40.0,0.0017514938954263926,0.04999997094273567,"{""arc_segments"": 24, ""backing"": 2.0, ""depth"": 50.0, ""face_h"": 60.0, ""face_w"": 60.0, ""margin_depths"": 2.0, ""micro_depth"": 0.3, ""micro_pitch"": 1.0, ""pitch_jitter"": 0.25, ""pitch_mean"": 20.0, ""pitch_seed"": 101, ""tip_round"": true, ""tip_width"": 0.4, ""valley_round"": 0.4}"
P1_groove_serr_p20_s101,ridge,vgroove,print,0.4,101,d76,20.0,50.0,0.0,0.0027847776655107737,0.04999997094273567,"{""arc_segments"": 24, ""backing"": 2.0, ""depth"": 50.0, ""face_h"": 60.0, ""face_w"": 60.0, ""margin_depths"": 2.0, ""micro_depth"": 0.3, ""micro_pitch"": 1.0, ""pitch_jitter"": 0.25, ""pitch_mean"": 20.0, ""pitch_seed"": 101, ""tip_round"": true, ""tip_width"": 0.4, ""valley_round"": 0.4}"
P1_groove_serr_p20_s101,ridge,vgroove,print,0.4,101,d76,20.0,50.0,-20.0,0.0029029706493020058,0.04999997094273567,"{""arc_segments"": 24, ""backing"": 2.0, ""depth"": 50.0, ""face_h"": 60.0, ""face_w"": 60.0, ""margin_depths"": 2.0, ""micro_depth"": 0.3, ""micro_pitch"": 1.0, ""pitch_jitter"": 0.25, ""pitch_mean"": 20.0, ""pitch_seed"": 101, ""tip_round"": true, ""tip_width"": 0.4, ""valley_round"": 0.4}"
P1_groove_serr_p20_s101,ridge,vgroove,print,0.4,101,d76,20.0,50.0,-40.0,0.003630281426012516,0.04999997094273567,"{""arc_segments"": 24, ""backing"": 2.0, ""depth"": 50.0, ""face_h"": 60.0, ""face_w"": 60.0, ""margin_depths"": 2.0, ""micro_depth"": 0.3, ""micro_pitch"": 1.0, ""pitch_jitter"": 0.25, ""pitch_mean"": 20.0, ""pitch_seed"": 101, ""tip_round"": true, ""tip_width"": 0.4, ""valley_round"": 0.4}"
P1_groove_serr_p20_s101,ridge,vgroove,print,0.4,101,d76,20.0,50.0,20.0,0.002943144179880619,0.04999997094273567,"{""arc_segments"": 24, ""backing"": 2.0, ""depth"": 50.0, ""face_h"": 60.0, ""face_w"": 60.0, ""margin_depths"": 2.0, ""micro_depth"": 0.3, ""micro_pitch"": 1.0, ""pitch_jitter"": 0.25, ""pitch_mean"": 20.0, ""pitch_seed"": 101, ""tip_round"": true, ""tip_width"": 0.4, ""valley_round"": 0.4}"
P1_groove_serr_p20_s101,ridge,vgroove,print,0.4,101,d76,20.0,50.0,40.0,0.0036857384257018566,0.04999997094273567,"{""arc_segments"": 24, ""backing"": 2.0, ""depth"": 50.0, ""face_h"": 60.0, ""face_w"": 60.0, ""margin_depths"": 2.0, ""micro_depth"": 0.3, ""micro_pitch"": 1.0, ""pitch_jitter"": 0.25, ""pitch_mean"": 20.0, ""pitch_seed"": 101, ""tip_round"": true, ""tip_width"": 0.4, ""valley_round"": 0.4}"
P1_groove_serr_p20_s101,ridge,vgroove,print,0.4,101,d100,20.0,50.0,0.0,0.003510459791868925,0.04999997094273567,"{""arc_segments"": 24, ""backing"": 2.0, ""depth"": 50.0, ""face_h"": 60.0, ""face_w"": 60.0, ""margin_depths"": 2.0, ""micro_depth"": 0.3, ""micro_pitch"": 1.0, ""pitch_jitter"": 0.25, ""pitch_mean"": 20.0, ""pitch_seed"": 101, ""tip_round"": true, ""tip_width"": 0.4, ""valley_round"": 0.4}"
P1_groove_serr_p20_s101,ridge,vgroove,print,0.4,101,d100,20.0,50.0,-20.0,0.003624351229518652,0.04999997094273567,"{""arc_segments"": 24, ""backing"": 2.0, ""depth"": 50.0, ""face_h"": 60.0, ""face_w"": 60.0, ""margin_depths"": 2.0, ""micro_depth"": 0.3, ""micro_pitch"": 1.0, ""pitch_jitter"": 0.25, ""pitch_mean"": 20.0, ""pitch_seed"": 101, ""tip_round"": true, ""tip_width"": 0.4, ""valley_round"": 0.4}"
P1_groove_serr_p20_s101,ridge,vgroove,print,0.4,101,d100,20.0,50.0,-40.0,0.004255467560142279,0.04999997094273567,"{""arc_segments"": 24, ""backing"": 2.0, ""depth"": 50.0, ""face_h"": 60.0, ""face_w"": 60.0, ""margin_depths"": 2.0, ""micro_depth"": 0.3, ""micro_pitch"": 1.0, ""pitch_jitter"": 0.25, ""pitch_mean"": 20.0, ""pitch_seed"": 101, ""tip_round"": true, ""tip_width"": 0.4, ""valley_round"": 0.4}"
P1_groove_serr_p20_s101,ridge,vgroove,print,0.4,101,d100,20.0,50.0,20.0,0.003688088385388255,0.04999997094273567,"{""arc_segments"": 24, ""backing"": 2.0, ""depth"": 50.0, ""face_h"": 60.0, ""face_w"": 60.0, ""margin_depths"": 2.0, ""micro_depth"": 0.3, ""micro_pitch"": 1.0, ""pitch_jitter"": 0.25, ""pitch_mean"": 20.0, ""pitch_seed"": 101, ""tip_round"": true, ""tip_width"": 0.4, ""valley_round"": 0.4}"
P1_groove_serr_p20_s101,ridge,vgroove,print,0.4,101,d100,20.0,50.0,40.0,0.00429536821320653,0.04999997094273567,"{""arc_segments"": 24, ""backing"": 2.0, ""depth"": 50.0, ""face_h"": 60.0, ""face_w"": 60.0, ""margin_depths"": 2.0, ""micro_depth"": 0.3, ""micro_pitch"": 1.0, ""pitch_jitter"": 0.25, ""pitch_mean"": 20.0, ""pitch_seed"": 101, ""tip_round"": true, ""tip_width"": 0.4, ""valley_round"": 0.4}"
B_CONE_p0550_s101,cone3d,cone,mould,0.4,101,d00,5.5,50.0,0.0,0.0018160846084356308,0.04999997094273567,"{""backing"": 2.0, ""depth"": 50.0, ""depth_jitter"": 0.0, ""face_h"": 60.0, ""face_w"": 60.0, ""height_seg"": 12, ""jitter"": 0.3, ""margin_depths"": 2.0, ""pitch"": 5.5, ""profile_power"": 1.0, ""radial_seg"": 24, ""seed"": 101, ""tip_radius"": 0.2}"
B_CONE_p0550_s101,cone3d,cone,mould,0.4,101,d00,5.5,50.0,-20.0,0.0013827799120917916,0.04999997094273567,"{""backing"": 2.0, ""depth"": 50.0, ""depth_jitter"": 0.0, ""face_h"": 60.0, ""face_w"": 60.0, ""height_seg"": 12, ""jitter"": 0.3, ""margin_depths"": 2.0, ""pitch"": 5.5, ""profile_power"": 1.0, ""radial_seg"": 24, ""seed"": 101, ""tip_radius"": 0.2}"
B_CONE_p0550_s101,cone3d,cone,mould,0.4,101,d00,5.5,50.0,-40.0,0.002014544326812029,0.04999997094273567,"{""backing"": 2.0, ""depth"": 50.0, ""depth_jitter"": 0.0, ""face_h"": 60.0, ""face_w"": 60.0, ""height_seg"": 12, ""jitter"": 0.3, ""margin_depths"": 2.0, ""pitch"": 5.5, ""profile_power"": 1.0, ""radial_seg"": 24, ""seed"": 101, ""tip_radius"": 0.2}"
B_CONE_p0550_s101,cone3d,cone,mould,0.4,101,d00,5.5,50.0,20.0,0.0014311947161331773,0.04999997094273567,"{""backing"": 2.0, ""depth"": 50.0, ""depth_jitter"": 0.0, ""face_h"": 60.0, ""face_w"": 60.0, ""height_seg"": 12, ""jitter"": 0.3, ""margin_depths"": 2.0, ""pitch"": 5.5, ""profile_power"": 1.0, ""radial_seg"": 24, ""seed"": 101, ""tip_radius"": 0.2}"
B_CONE_p0550_s101,cone3d,cone,mould,0.4,101,d00,5.5,50.0,40.0,0.0021710095461457968,0.04999997094273567,"{""backing"": 2.0, ""depth"": 50.0, ""depth_jitter"": 0.0, ""face_h"": 60.0, ""face_w"": 60.0, ""height_seg"": 12, ""jitter"": 0.3, ""margin_depths"": 2.0, ""pitch"": 5.5, ""profile_power"": 1.0, ""radial_seg"": 24, ""seed"": 101, ""tip_radius"": 0.2}"
B_CONE_p0550_s101,cone3d,cone,mould,0.4,101,d76,5.5,50.0,0.0,0.0010192152112722397,0.04999997094273567,"{""backing"": 2.0, ""depth"": 50.0, ""depth_jitter"": 0.0, ""face_h"": 60.0, ""face_w"": 60.0, ""height_seg"": 12, ""jitter"": 0.3, ""margin_depths"": 2.0, ""pitch"": 5.5, ""profile_power"": 1.0, ""radial_seg"": 24, ""seed"": 101, ""tip_radius"": 0.2}"
B_CONE_p0550_s101,cone3d,cone,mould,0.4,101,d76,5.5,50.0,-20.0,0.0013236647937446833,0.04999997094273567,"{""backing"": 2.0, ""depth"": 50.0, ""depth_jitter"": 0.0, ""face_h"": 60.0, ""face_w"": 60.0, ""height_seg"": 12, ""jitter"": 0.3, ""margin_depths"": 2.0, ""pitch"": 5.5, ""profile_power"": 1.0, ""radial_seg"": 24, ""seed"": 101, ""tip_radius"": 0.2}"
B_CONE_p0550_s101,cone3d,cone,mould,0.4,101,d76,5.5,50.0,-40.0,0.0018916236003860831,0.04999997094273567,"{""backing"": 2.0, ""depth"": 50.0, ""depth_jitter"": 0.0, ""face_h"": 60.0, ""face_w"": 60.0, ""height_seg"": 12, ""jitter"": 0.3, ""margin_depths"": 2.0, ""pitch"": 5.5, ""profile_power"": 1.0, ""radial_seg"": 24, ""seed"": 101, ""tip_radius"": 0.2}"
B_CONE_p0550_s101,cone3d,cone,mould,0.4,101,d76,5.5,50.0,20.0,0.0013725755270570517,0.04999997094273567,"{""backing"": 2.0, ""depth"": 50.0, ""depth_jitter"": 0.0, ""face_h"": 60.0, ""face_w"": 60.0, ""height_seg"": 12, ""jitter"": 0.3, ""margin_depths"": 2.0, ""pitch"": 5.5, ""profile_power"": 1.0, ""radial_seg"": 24, ""seed"": 101, ""tip_radius"": 0.2}"
B_CONE_p0550_s101,cone3d,cone,mould,0.4,101,d76,5.5,50.0,40.0,0.002014830010011792,0.04999997094273567,"{""backing"": 2.0, ""depth"": 50.0, ""depth_jitter"": 0.0, ""face_h"": 60.0, ""face_w"": 60.0, ""height_seg"": 12, ""jitter"": 0.3, ""margin_depths"": 2.0, ""pitch"": 5.5, ""profile_power"": 1.0, ""radial_seg"": 24, ""seed"": 101, ""tip_radius"": 0.2}"
B_CONE_p0550_s101,cone3d,cone,mould,0.4,101,d100,5.5,50.0,0.0,0.0008685291395522654,0.04999997094273567,"{""backing"": 2.0, ""depth"": 50.0, ""depth_jitter"": 0.0, ""face_h"": 60.0, ""face_w"": 60.0, ""height_seg"": 12, ""jitter"": 0.3, ""margin_depths"": 2.0, ""pitch"": 5.5, ""profile_power"": 1.0, ""radial_seg"": 24, ""seed"": 101, ""tip_radius"": 0.2}"
B_CONE_p0550_s101,cone3d,cone,mould,0.4,101,d100,5.5,50.0,-20.0,0.0014308578101918101,0.04999997094273567,"{""backing"": 2.0, ""depth"": 50.0, ""depth_jitter"": 0.0, ""face_h"": 60.0, ""face_w"": 60.0, ""height_seg"": 12, ""jitter"": 0.3, ""margin_depths"": 2.0, ""pitch"": 5.5, ""profile_power"": 1.0, ""radial_seg"": 24, ""seed"": 101, ""tip_radius"": 0.2}"
B_CONE_p0550_s101,cone3d,cone,mould,0.4,101,d100,5.5,50.0,-40.0,0.0020498468074947596,0.04999997094273567,"{""backing"": 2.0, ""depth"": 50.0, ""depth_jitter"": 0.0, ""face_h"": 60.0, ""face_w"": 60.0, ""height_seg"": 12, ""jitter"": 0.3, ""margin_depths"": 2.0, ""pitch"": 5.5, ""profile_power"": 1.0, ""radial_seg"": 24, ""seed"": 101, ""tip_radius"": 0.2}"
B_CONE_p0550_s101,cone3d,cone,mould,0.4,101,d100,5.5,50.0,20.0,0.0014666522620245814,0.04999997094273567,"{""backing"": 2.0, ""depth"": 50.0, ""depth_jitter"": 0.0, ""face_h"": 60.0, ""face_w"": 60.0, ""height_seg"": 12, ""jitter"": 0.3, ""margin_depths"": 2.0, ""pitch"": 5.5, ""profile_power"": 1.0, ""radial_seg"": 24, ""seed"": 101, ""tip_radius"": 0.2}"
B_CONE_p0550_s101,cone3d,cone,mould,0.4,101,d100,5.5,50.0,40.0,0.0021485041361302137,0.04999997094273567,"{""backing"": 2.0, ""depth"": 50.0, ""depth_jitter"": 0.0, ""face_h"": 60.0, ""face_w"": 60.0, ""height_seg"": 12, ""jitter"": 0.3, ""margin_depths"": 2.0, ""pitch"": 5.5, ""profile_power"": 1.0, ""radial_seg"": 24, ""seed"": 101, ""tip_radius"": 0.2}"
P1_groove_p13_t04_s102,ridge,vgroove,print,0.4,102,d00,13.0,50.0,0.0,0.0014301510527729988,0.04999997094273567,"{""arc_segments"": 24, ""backing"": 2.0, ""depth"": 50.0, ""face_h"": 60.0, ""face_w"": 60.0, ""margin_depths"": 2.0, ""pitch_jitter"": 0.25, ""pitch_mean"": 13.0, ""pitch_seed"": 102, ""tip_round"": true, ""tip_width"": 0.4, ""valley_round"": 0.4}"
P1_groove_p13_t04_s102,ridge,vgroove,print,0.4,102,d00,13.0,50.0,-20.0,0.00041946215787902474,0.04999997094273567,"{""arc_segments"": 24, ""backing"": 2.0, ""depth"": 50.0, ""face_h"": 60.0, ""face_w"": 60.0, ""margin_depths"": 2.0, ""pitch_jitter"": 0.25, ""pitch_mean"": 13.0, ""pitch_seed"": 102, ""tip_round"": true, ""tip_width"": 0.4, ""valley_round"": 0.4}"
P1_groove_p13_t04_s102,ridge,vgroove,print,0.4,102,d00,13.0,50.0,-40.0,0.00047108641592785716,0.04999997094273567,"{""arc_segments"": 24, ""backing"": 2.0, ""depth"": 50.0, ""face_h"": 60.0, ""face_w"": 60.0, ""margin_depths"": 2.0, ""pitch_jitter"": 0.25, ""pitch_mean"": 13.0, ""pitch_seed"": 102, ""tip_round"": true, ""tip_width"": 0.4, ""valley_round"": 0.4}"
P1_groove_p13_t04_s102,ridge,vgroove,print,0.4,102,d00,13.0,50.0,20.0,0.0004113832546863705,0.04999997094273567,"{""arc_segments"": 24, ""backing"": 2.0, ""depth"": 50.0, ""face_h"": 60.0, ""face_w"": 60.0, ""margin_depths"": 2.0, ""pitch_jitter"": 0.25, ""pitch_mean"": 13.0, ""pitch_seed"": 102, ""tip_round"": true, ""tip_width"": 0.4, ""valley_round"": 0.4}"
P1_groove_p13_t04_s102,ridge,vgroove,print,0.4,102,d00,13.0,50.0,40.0,0.00044520918163470924,0.04999997094273567,"{""arc_segments"": 24, ""backing"": 2.0, ""depth"": 50.0, ""face_h"": 60.0, ""face_w"": 60.0, ""margin_depths"": 2.0, ""pitch_jitter"": 0.25, ""pitch_mean"": 13.0, ""pitch_seed"": 102, ""tip_round"": true, ""tip_width"": 0.4, ""valley_round"": 0.4}"
P1_groove_p13_t04_s102,ridge,vgroove,print,0.4,102,d76,13.0,50.0,0.0,0.001514007686637342,0.04999997094273567,"{""arc_segments"": 24, ""backing"": 2.0, ""depth"": 50.0, ""face_h"": 60.0, ""face_w"": 60.0, ""margin_depths"": 2.0, ""pitch_jitter"": 0.25, ""pitch_mean"": 13.0, ""pitch_seed"": 102, ""tip_round"": true, ""tip_width"": 0.4, ""valley_round"": 0.4}"
P1_groove_p13_t04_s102,ridge,vgroove,print,0.4,102,d76,13.0,50.0,-20.0,0.0021224578376859426,0.04999997094273567,"{""arc_segments"": 24, ""backing"": 2.0, ""depth"": 50.0, ""face_h"": 60.0, ""face_w"": 60.0, ""margin_depths"": 2.0, ""pitch_jitter"": 0.25, ""pitch_mean"": 13.0, ""pitch_seed"": 102, ""tip_round"": true, ""tip_width"": 0.4, ""valley_round"": 0.4}"
P1_groove_p13_t04_s102,ridge,vgroove,print,0.4,102,d76,13.0,50.0,-40.0,0.003000750904902816,0.04999997094273567,"{""arc_segments"": 24, ""backing"": 2.0, ""depth"": 50.0, ""face_h"": 60.0, ""face_w"": 60.0, ""margin_depths"": 2.0, ""pitch_jitter"": 0.25, ""pitch_mean"": 13.0, ""pitch_seed"": 102, ""tip_round"": true, ""tip_width"": 0.4, ""valley_round"": 0.4}"
P1_groove_p13_t04_s102,ridge,vgroove,print,0.4,102,d76,13.0,50.0,20.0,0.0019765335600823164,0.04999997094273567,"{""arc_segments"": 24, ""backing"": 2.0, ""depth"": 50.0, ""face_h"": 60.0, ""face_w"": 60.0, ""margin_depths"": 2.0, ""pitch_jitter"": 0.25, ""pitch_mean"": 13.0, ""pitch_seed"": 102, ""tip_round"": true, ""tip_width"": 0.4, ""valley_round"": 0.4}"
P1_groove_p13_t04_s102,ridge,vgroove,print,0.4,102,d76,13.0,50.0,40.0,0.0028846142813563347,0.04999997094273567,"{""arc_segments"": 24, ""backing"": 2.0, ""depth"": 50.0, ""face_h"": 60.0, ""face_w"": 60.0, ""margin_depths"": 2.0, ""pitch_jitter"": 0.25, ""pitch_mean"": 13.0, ""pitch_seed"": 102, ""tip_round"": true, ""tip_width"": 0.4, ""valley_round"": 0.4}"
P1_groove_p13_t04_s102,ridge,vgroove,print,0.4,102,d100,13.0,50.0,0.0,0.0015621091006323695,0.04999997094273567,"{""arc_segments"": 24, ""backing"": 2.0, ""depth"": 50.0, ""face_h"": 60.0, ""face_w"": 60.0, ""margin_depths"": 2.0, ""pitch_jitter"": 0.25, ""pitch_mean"": 13.0, ""pitch_seed"": 102, ""tip_round"": true, ""tip_width"": 0.4, ""valley_round"": 0.4}"
P1_groove_p13_t04_s102,ridge,vgroove,print,0.4,102,d100,13.0,50.0,-20.0,0.002677987329661846,0.04999997094273567,"{""arc_segments"": 24, ""backing"": 2.0, ""depth"": 50.0, ""face_h"": 60.0, ""face_w"": 60.0, ""margin_depths"": 2.0, ""pitch_jitter"": 0.25, ""pitch_mean"": 13.0, ""pitch_seed"": 102, ""tip_round"": true, ""tip_width"": 0.4, ""valley_round"": 0.4}"
P1_groove_p13_t04_s102,ridge,vgroove,print,0.4,102,d100,13.0,50.0,-40.0,0.0038223981391638517,0.04999997094273567,"{""arc_segments"": 24, ""backing"": 2.0, ""depth"": 50.0, ""face_h"": 60.0, ""face_w"": 60.0, ""margin_depths"": 2.0, ""pitch_jitter"": 0.25, ""pitch_mean"": 13.0, ""pitch_seed"": 102, ""tip_round"": true, ""tip_width"": 0.4, ""valley_round"": 0.4}"
P1_groove_p13_t04_s102,ridge,vgroove,print,0.4,102,d100,13.0,50.0,20.0,0.0024732130113989115,0.04999997094273567,"{""arc_segments"": 24, ""backing"": 2.0, ""depth"": 50.0, ""face_h"": 60.0, ""face_w"": 60.0, ""margin_depths"": 2.0, ""pitch_jitter"": 0.25, ""pitch_mean"": 13.0, ""pitch_seed"": 102, ""tip_round"": true, ""tip_width"": 0.4, ""valley_round"": 0.4}"
P1_groove_p13_t04_s102,ridge,vgroove,print,0.4,102,d100,13.0,50.0,40.0,0.0036545863840729,0.04999997094273567,"{""arc_segments"": 24, ""backing"": 2.0, ""depth"": 50.0, ""face_h"": 60.0, ""face_w"": 60.0, ""margin_depths"": 2.0, ""pitch_jitter"": 0.25, ""pitch_mean"": 13.0, ""pitch_seed"": 102, ""tip_round"": true, ""tip_width"": 0.4, ""valley_round"": 0.4}"
P1_groove_p075_t04_s102,ridge,vgroove,print,0.4,102,d00,7.5,50.0,0.0,0.0018391563789919019,0.04999997094273567,"{""arc_segments"": 24, ""backing"": 2.0, ""depth"": 50.0, ""face_h"": 60.0, ""face_w"": 60.0, ""margin_depths"": 2.0, ""pitch_jitter"": 0.25, ""pitch_mean"": 7.5, ""pitch_seed"": 102, ""tip_round"": true, ""tip_width"": 0.4, ""valley_round"": 0.4}"
P1_groove_p075_t04_s102,ridge,vgroove,print,0.4,102,d00,7.5,50.0,-20.0,0.0006815437809564173,0.04999997094273567,"{""arc_segments"": 24, ""backing"": 2.0, ""depth"": 50.0, ""face_h"": 60.0, ""face_w"": 60.0, ""margin_depths"": 2.0, ""pitch_jitter"": 0.25, ""pitch_mean"": 7.5, ""pitch_seed"": 102, ""tip_round"": true, ""tip_width"": 0.4, ""valley_round"": 0.4}"
P1_groove_p075_t04_s102,ridge,vgroove,print,0.4,102,d00,7.5,50.0,-40.0,0.0007660019909963012,0.04999997094273567,"{""arc_segments"": 24, ""backing"": 2.0, ""depth"": 50.0, ""face_h"": 60.0, ""face_w"": 60.0, ""margin_depths"": 2.0, ""pitch_jitter"": 0.25, ""pitch_mean"": 7.5, ""pitch_seed"": 102, ""tip_round"": true, ""tip_width"": 0.4, ""valley_round"": 0.4}"
P1_groove_p075_t04_s102,ridge,vgroove,print,0.4,102,d00,7.5,50.0,20.0,0.00065071159042418,0.04999997094273567,"{""arc_segments"": 24, ""backing"": 2.0, ""depth"": 50.0, ""face_h"": 60.0, ""face_w"": 60.0, ""margin_depths"": 2.0, ""pitch_jitter"": 0.25, ""pitch_mean"": 7.5, ""pitch_seed"": 102, ""tip_round"": true, ""tip_width"": 0.4, ""valley_round"": 0.4}"
P1_groove_p075_t04_s102,ridge,vgroove,print,0.4,102,d00,7.5,50.0,40.0,0.000732479034923017,0.04999997094273567,"{""arc_segments"": 24, ""backing"": 2.0, ""depth"": 50.0, ""face_h"": 60.0, ""face_w"": 60.0, ""margin_depths"": 2.0, ""pitch_jitter"": 0.25, ""pitch_mean"": 7.5, ""pitch_seed"": 102, ""tip_round"": true, ""tip_width"": 0.4, ""valley_round"": 0.4}"
P1_groove_p075_t04_s102,ridge,vgroove,print,0.4,102,d76,7.5,50.0,0.0,0.0014352187281474471,0.04999997094273567,"{""arc_segments"": 24, ""backing"": 2.0, ""depth"": 50.0, ""face_h"": 60.0, ""face_w"": 60.0, ""margin_depths"": 2.0, ""pitch_jitter"": 0.25, ""pitch_mean"": 7.5, ""pitch_seed"": 102, ""tip_round"": true, ""tip_width"": 0.4, ""valley_round"": 0.4}"
P1_groove_p075_t04_s102,ridge,vgroove,print,0.4,102,d76,7.5,50.0,-20.0,0.002065027831122279,0.04999997094273567,"{""arc_segments"": 24, ""backing"": 2.0, ""depth"": 50.0, ""face_h"": 60.0, ""face_w"": 60.0, ""margin_depths"": 2.0, ""pitch_jitter"": 0.25, ""pitch_mean"": 7.5, ""pitch_seed"": 102, ""tip_round"": true, ""tip_width"": 0.4, ""valley_round"": 0.4}"
P1_groove_p075_t04_s102,ridge,vgroove,print,0.4,102,d76,7.5,50.0,-40.0,0.0029193805530667305,0.04999997094273567,"{""arc_segments"": 24, ""backing"": 2.0, ""depth"": 50.0, ""face_h"": 60.0, ""face_w"": 60.0, ""margin_depths"": 2.0, ""pitch_jitter"": 0.25, ""pitch_mean"": 7.5, ""pitch_seed"": 102, ""tip_round"": true, ""tip_width"": 0.4, ""valley_round"": 0.4}"
P1_groove_p075_t04_s102,ridge,vgroove,print,0.4,102,d76,7.5,50.0,20.0,0.0019014960853382945,0.04999997094273567,"{""arc_segments"": 24, ""backing"": 2.0, ""depth"": 50.0, ""face_h"": 60.0, ""face_w"": 60.0, ""margin_depths"": 2.0, ""pitch_jitter"": 0.25, ""pitch_mean"": 7.5, ""pitch_seed"": 102, ""tip_round"": true, ""tip_width"": 0.4, ""valley_round"": 0.4}"
P1_groove_p075_t04_s102,ridge,vgroove,print,0.4,102,d76,7.5,50.0,40.0,0.0027352236211299896,0.04999997094273567,"{""arc_segments"": 24, ""backing"": 2.0, ""depth"": 50.0, ""face_h"": 60.0, ""face_w"": 60.0, ""margin_depths"": 2.0, ""pitch_jitter"": 0.25, ""pitch_mean"": 7.5, ""pitch_seed"": 102, ""tip_round"": true, ""tip_width"": 0.4, ""valley_round"": 0.4}"
P1_groove_p075_t04_s102,ridge,vgroove,print,0.4,102,d100,7.5,50.0,0.0,0.0013295650715008378,0.04999997094273567,"{""arc_segments"": 24, ""backing"": 2.0, ""depth"": 50.0, ""face_h"": 60.0, ""face_w"": 60.0, ""margin_depths"": 2.0, ""pitch_jitter"": 0.25, ""pitch_mean"": 7.5, ""pitch_seed"": 102, ""tip_round"": true, ""tip_width"": 0.4, ""valley_round"": 0.4}"
P1_groove_p075_t04_s102,ridge,vgroove,print,0.4,102,d100,7.5,50.0,-20.0,0.0025151383597403765,0.04999997094273567,"{""arc_segments"": 24, ""backing"": 2.0, ""depth"": 50.0, ""face_h"": 60.0, ""face_w"": 60.0, ""margin_depths"": 2.0, ""pitch_jitter"": 0.25, ""pitch_mean"": 7.5, ""pitch_seed"": 102, ""tip_round"": true, ""tip_width"": 0.4, ""valley_round"": 0.4}"
P1_groove_p075_t04_s102,ridge,vgroove,print,0.4,102,d100,7.5,50.0,-40.0,0.0036093152593821287,0.04999997094273567,"{""arc_segments"": 24, ""backing"": 2.0, ""depth"": 50.0, ""face_h"": 60.0, ""face_w"": 60.0, ""margin_depths"": 2.0, ""pitch_jitter"": 0.25, ""pitch_mean"": 7.5, ""pitch_seed"": 102, ""tip_round"": true, ""tip_width"": 0.4, ""valley_round"": 0.4}"
P1_groove_p075_t04_s102,ridge,vgroove,print,0.4,102,d100,7.5,50.0,20.0,0.002306894399225712,0.04999997094273567,"{""arc_segments"": 24, ""backing"": 2.0, ""depth"": 50.0, ""face_h"": 60.0, ""face_w"": 60.0, ""margin_depths"": 2.0, ""pitch_jitter"": 0.25, ""pitch_mean"": 7.5, ""pitch_seed"": 102, ""tip_round"": true, ""tip_width"": 0.4, ""valley_round"": 0.4}"
P1_groove_p075_t04_s102,ridge,vgroove,print,0.4,102,d100,7.5,50.0,40.0,0.003378751454874873,0.04999997094273567,"{""arc_segments"": 24, ""backing"": 2.0, ""depth"": 50.0, ""face_h"": 60.0, ""face_w"": 60.0, ""margin_depths"": 2.0, ""pitch_jitter"": 0.25, ""pitch_mean"": 7.5, ""pitch_seed"": 102, ""tip_round"": true, ""tip_width"": 0.4, ""valley_round"": 0.4}"
P1_groove_p13_t08_s102,ridge,vgroove,print,0.8,102,d00,13.0,50.0,0.0,0.0016518401680514216,0.04999997094273567,"{""arc_segments"": 24, ""backing"": 2.0, ""depth"": 50.0, ""face_h"": 60.0, ""face_w"": 60.0, ""margin_depths"": 2.0, ""pitch_jitter"": 0.25, ""pitch_mean"": 13.0, ""pitch_seed"": 102, ""tip_round"": true, ""tip_width"": 0.8, ""valley_round"": 0.4}"
P1_groove_p13_t08_s102,ridge,vgroove,print,0.8,102,d00,13.0,50.0,-20.0,0.0006665724795311689,0.04999997094273567,"{""arc_segments"": 24, ""backing"": 2.0, ""depth"": 50.0, ""face_h"": 60.0, ""face_w"": 60.0, ""margin_depths"": 2.0, ""pitch_jitter"": 0.25, ""pitch_mean"": 13.0, ""pitch_seed"": 102, ""tip_round"": true, ""tip_width"": 0.8, ""valley_round"": 0.4}"
P1_groove_p13_t08_s102,ridge,vgroove,print,0.8,102,d00,13.0,50.0,-40.0,0.0007976136985234916,0.04999997094273567,"{""arc_segments"": 24, ""backing"": 2.0, ""depth"": 50.0, ""face_h"": 60.0, ""face_w"": 60.0, ""margin_depths"": 2.0, ""pitch_jitter"": 0.25, ""pitch_mean"": 13.0, ""pitch_seed"": 102, ""tip_round"": true, ""tip_width"": 0.8, ""valley_round"": 0.4}"
P1_groove_p13_t08_s102,ridge,vgroove,print,0.8,102,d00,13.0,50.0,20.0,0.0006693917675875127,0.04999997094273567,"{""arc_segments"": 24, ""backing"": 2.0, ""depth"": 50.0, ""face_h"": 60.0, ""face_w"": 60.0, ""margin_depths"": 2.0, ""pitch_jitter"": 0.25, ""pitch_mean"": 13.0, ""pitch_seed"": 102, ""tip_round"": true, ""tip_width"": 0.8, ""valley_round"": 0.4}"
P1_groove_p13_t08_s102,ridge,vgroove,print,0.8,102,d00,13.0,50.0,40.0,0.0007987366989254951,0.04999997094273567,"{""arc_segments"": 24, ""backing"": 2.0, ""depth"": 50.0, ""face_h"": 60.0, ""face_w"": 60.0, ""margin_depths"": 2.0, ""pitch_jitter"": 0.25, ""pitch_mean"": 13.0, ""pitch_seed"": 102, ""tip_round"": true, ""tip_width"": 0.8, ""valley_round"": 0.4}"
P1_groove_p13_t08_s102,ridge,vgroove,print,0.8,102,d76,13.0,50.0,0.0,0.001715429243631661,0.04999997094273567,"{""arc_segments"": 24, ""backing"": 2.0, ""depth"": 50.0, ""face_h"": 60.0, ""face_w"": 60.0, ""margin_depths"": 2.0, ""pitch_jitter"": 0.25, ""pitch_mean"": 13.0, ""pitch_seed"": 102, ""tip_round"": true, ""tip_width"": 0.8, ""valley_round"": 0.4}"
P1_groove_p13_t08_s102,ridge,vgroove,print,0.8,102,d76,13.0,50.0,-20.0,0.002298216102644801,0.04999997094273567,"{""arc_segments"": 24, ""backing"": 2.0, ""depth"": 50.0, ""face_h"": 60.0, ""face_w"": 60.0, ""margin_depths"": 2.0, ""pitch_jitter"": 0.25, ""pitch_mean"": 13.0, ""pitch_seed"": 102, ""tip_round"": true, ""tip_width"": 0.8, ""valley_round"": 0.4}"
P1_groove_p13_t08_s102,ridge,vgroove,print,0.8,102,d76,13.0,50.0,-40.0,0.003187410533428192,0.04999997094273567,"{""arc_segments"": 24, ""backing"": 2.0, ""depth"": 50.0, ""face_h"": 60.0, ""face_w"": 60.0, ""margin_depths"": 2.0, ""pitch_jitter"": 0.25, ""pitch_mean"": 13.0, ""pitch_seed"": 102, ""tip_round"": true, ""tip_width"": 0.8, ""valley_round"": 0.4}"
P1_groove_p13_t08_s102,ridge,vgroove,print,0.8,102,d76,13.0,50.0,20.0,0.0021654251031577587,0.04999997094273567,"{""arc_segments"": 24, ""backing"": 2.0, ""depth"": 50.0, ""face_h"": 60.0, ""face_w"": 60.0, ""margin_depths"": 2.0, ""pitch_jitter"": 0.25, ""pitch_mean"": 13.0, ""pitch_seed"": 102, ""tip_round"": true, ""tip_width"": 0.8, ""valley_round"": 0.4}"
P1_groove_p13_t08_s102,ridge,vgroove,print,0.8,102,d76,13.0,50.0,40.0,0.0030746962875127792,0.04999997094273567,"{""arc_segments"": 24, ""backing"": 2.0, ""depth"": 50.0, ""face_h"": 60.0, ""face_w"": 60.0, ""margin_depths"": 2.0, ""pitch_jitter"": 0.25, ""pitch_mean"": 13.0, ""pitch_seed"": 102, ""tip_round"": true, ""tip_width"": 0.8, ""valley_round"": 0.4}"
P1_groove_p13_t08_s102,ridge,vgroove,print,0.8,102,d100,13.0,50.0,0.0,0.0017660598969087005,0.04999997094273567,"{""arc_segments"": 24, ""backing"": 2.0, ""depth"": 50.0, ""face_h"": 60.0, ""face_w"": 60.0, ""margin_depths"": 2.0, ""pitch_jitter"": 0.25, ""pitch_mean"": 13.0, ""pitch_seed"": 102, ""tip_round"": true, ""tip_width"": 0.8, ""valley_round"": 0.4}"
P1_groove_p13_t08_s102,ridge,vgroove,print,0.8,102,d100,13.0,50.0,-20.0,0.0028368663042783737,0.04999997094273567,"{""arc_segments"": 24, ""backing"": 2.0, ""depth"": 50.0, ""face_h"": 60.0, ""face_w"": 60.0, ""margin_depths"": 2.0, ""pitch_jitter"": 0.25, ""pitch_mean"": 13.0, ""pitch_seed"": 102, ""tip_round"": true, ""tip_width"": 0.8, ""valley_round"": 0.4}"
P1_groove_p13_t08_s102,ridge,vgroove,print,0.8,102,d100,13.0,50.0,-40.0,0.003953603561967611,0.04999997094273567,"{""arc_segments"": 24, ""backing"": 2.0, ""depth"": 50.0, ""face_h"": 60.0, ""face_w"": 60.0, ""margin_depths"": 2.0, ""pitch_jitter"": 0.25, ""pitch_mean"": 13.0, ""pitch_seed"": 102, ""tip_round"": true, ""tip_width"": 0.8, ""valley_round"": 0.4}"
P1_groove_p13_t08_s102,ridge,vgroove,print,0.8,102,d100,13.0,50.0,20.0,0.0026434564497321844,0.04999997094273567,"{""arc_segments"": 24, ""backing"": 2.0, ""depth"": 50.0, ""face_h"": 60.0, ""face_w"": 60.0, ""margin_depths"": 2.0, ""pitch_jitter"": 0.25, ""pitch_mean"": 13.0, ""pitch_seed"": 102, ""tip_round"": true, ""tip_width"": 0.8, ""valley_round"": 0.4}"
P1_groove_p13_t08_s102,ridge,vgroove,print,0.8,102,d100,13.0,50.0,40.0,0.0037946603260934353,0.04999997094273567,"{""arc_segments"": 24, ""backing"": 2.0, ""depth"": 50.0, ""face_h"": 60.0, ""face_w"": 60.0, ""margin_depths"": 2.0, ""pitch_jitter"": 0.25, ""pitch_mean"": 13.0, ""pitch_seed"": 102, ""tip_round"": true, ""tip_width"": 0.8, ""valley_round"": 0.4}"
P1_groove_serr_p20_s102,ridge,vgroove,print,0.4,102,d00,20.0,50.0,0.0,0.0004402240738272667,0.04999997094273567,"{""arc_segments"": 24, ""backing"": 2.0, ""depth"": 50.0, ""face_h"": 60.0, ""face_w"": 60.0, ""margin_depths"": 2.0, ""micro_depth"": 0.3, ""micro_pitch"": 1.0, ""pitch_jitter"": 0.25, ""pitch_mean"": 20.0, ""pitch_seed"": 102, ""tip_round"": true, ""tip_width"": 0.4, ""valley_round"": 0.4}"
P1_groove_serr_p20_s102,ridge,vgroove,print,0.4,102,d00,20.0,50.0,-20.0,0.0008600559667684138,0.04999997094273567,"{""arc_segments"": 24, ""backing"": 2.0, ""depth"": 50.0, ""face_h"": 60.0, ""face_w"": 60.0, ""margin_depths"": 2.0, ""micro_depth"": 0.3, ""micro_pitch"": 1.0, ""pitch_jitter"": 0.25, ""pitch_mean"": 20.0, ""pitch_seed"": 102, ""tip_round"": true, ""tip_width"": 0.4, ""valley_round"": 0.4}"
P1_groove_serr_p20_s102,ridge,vgroove,print,0.4,102,d00,20.0,50.0,-40.0,0.0036419916432350874,0.04999997094273567,"{""arc_segments"": 24, ""backing"": 2.0, ""depth"": 50.0, ""face_h"": 60.0, ""face_w"": 60.0, ""margin_depths"": 2.0, ""micro_depth"": 0.3, ""micro_pitch"": 1.0, ""pitch_jitter"": 0.25, ""pitch_mean"": 20.0, ""pitch_seed"": 102, ""tip_round"": true, ""tip_width"": 0.4, ""valley_round"": 0.4}"
P1_groove_serr_p20_s102,ridge,vgroove,print,0.4,102,d00,20.0,50.0,20.0,0.0009248305577784777,0.04999997094273567,"{""arc_segments"": 24, ""backing"": 2.0, ""depth"": 50.0, ""face_h"": 60.0, ""face_w"": 60.0, ""margin_depths"": 2.0, ""micro_depth"": 0.3, ""micro_pitch"": 1.0, ""pitch_jitter"": 0.25, ""pitch_mean"": 20.0, ""pitch_seed"": 102, ""tip_round"": true, ""tip_width"": 0.4, ""valley_round"": 0.4}"
P1_groove_serr_p20_s102,ridge,vgroove,print,0.4,102,d00,20.0,50.0,40.0,0.003947717137634754,0.04999997094273567,"{""arc_segments"": 24, ""backing"": 2.0, ""depth"": 50.0, ""face_h"": 60.0, ""face_w"": 60.0, ""margin_depths"": 2.0, ""micro_depth"": 0.3, ""micro_pitch"": 1.0, ""pitch_jitter"": 0.25, ""pitch_mean"": 20.0, ""pitch_seed"": 102, ""tip_round"": true, ""tip_width"": 0.4, ""valley_round"": 0.4}"
P1_groove_serr_p20_s102,ridge,vgroove,print,0.4,102,d76,20.0,50.0,0.0,0.002800124930217862,0.04999997094273567,"{""arc_segments"": 24, ""backing"": 2.0, ""depth"": 50.0, ""face_h"": 60.0, ""face_w"": 60.0, ""margin_depths"": 2.0, ""micro_depth"": 0.3, ""micro_pitch"": 1.0, ""pitch_jitter"": 0.25, ""pitch_mean"": 20.0, ""pitch_seed"": 102, ""tip_round"": true, ""tip_width"": 0.4, ""valley_round"": 0.4}"
P1_groove_serr_p20_s102,ridge,vgroove,print,0.4,102,d76,20.0,50.0,-20.0,0.0030729223508387804,0.04999997094273567,"{""arc_segments"": 24, ""backing"": 2.0, ""depth"": 50.0, ""face_h"": 60.0, ""face_w"": 60.0, ""margin_depths"": 2.0, ""micro_depth"": 0.3, ""micro_pitch"": 1.0, ""pitch_jitter"": 0.25, ""pitch_mean"": 20.0, ""pitch_seed"": 102, ""tip_round"": true, ""tip_width"": 0.4, ""valley_round"": 0.4}"
P1_groove_serr_p20_s102,ridge,vgroove,print,0.4,102,d76,20.0,50.0,-40.0,0.0042746104300022125,0.04999997094273567,"{""arc_segments"": 24, ""backing"": 2.0, ""depth"": 50.0, ""face_h"": 60.0, ""face_w"": 60.0, ""margin_depths"": 2.0, ""micro_depth"": 0.3, ""micro_pitch"": 1.0, ""pitch_jitter"": 0.25, ""pitch_mean"": 20.0, ""pitch_seed"": 102, ""tip_round"": true, ""tip_width"": 0.4, ""valley_round"": 0.4}"
P1_groove_serr_p20_s102,ridge,vgroove,print,0.4,102,d76,20.0,50.0,20.0,0.003302263794466853,0.04999997094273567,"{""arc_segments"": 24, ""backing"": 2.0, ""depth"": 50.0, ""face_h"": 60.0, ""face_w"": 60.0, ""margin_depths"": 2.0, ""micro_depth"": 0.3, ""micro_pitch"": 1.0, ""pitch_jitter"": 0.25, ""pitch_mean"": 20.0, ""pitch_seed"": 102, ""tip_round"": true, ""tip_width"": 0.4, ""valley_round"": 0.4}"
P1_groove_serr_p20_s102,ridge,vgroove,print,0.4,102,d76,20.0,50.0,40.0,0.00444700988009572,0.04999997094273567,"{""arc_segments"": 24, ""backing"": 2.0, ""depth"": 50.0, ""face_h"": 60.0, ""face_w"": 60.0, ""margin_depths"": 2.0, ""micro_depth"": 0.3, ""micro_pitch"": 1.0, ""pitch_jitter"": 0.25, ""pitch_mean"": 20.0, ""pitch_seed"": 102, ""tip_round"": true, ""tip_width"": 0.4, ""valley_round"": 0.4}"
P1_groove_serr_p20_s102,ridge,vgroove,print,0.4,102,d100,20.0,50.0,0.0,0.0035607803147286177,0.04999997094273567,"{""arc_segments"": 24, ""backing"": 2.0, ""depth"": 50.0, ""face_h"": 60.0, ""face_w"": 60.0, ""margin_depths"": 2.0, ""micro_depth"": 0.3, ""micro_pitch"": 1.0, ""pitch_jitter"": 0.25, ""pitch_mean"": 20.0, ""pitch_seed"": 102, ""tip_round"": true, ""tip_width"": 0.4, ""valley_round"": 0.4}"
P1_groove_serr_p20_s102,ridge,vgroove,print,0.4,102,d100,20.0,50.0,-20.0,0.0037784958258271217,0.04999997094273567,"{""arc_segments"": 24, ""backing"": 2.0, ""depth"": 50.0, ""face_h"": 60.0, ""face_w"": 60.0, ""margin_depths"": 2.0, ""micro_depth"": 0.3, ""micro_pitch"": 1.0, ""pitch_jitter"": 0.25, ""pitch_mean"": 20.0, ""pitch_seed"": 102, ""tip_round"": true, ""tip_width"": 0.4, ""valley_round"": 0.4}"
P1_groove_serr_p20_s102,ridge,vgroove,print,0.4,102,d100,20.0,50.0,-40.0,0.00448191910982132,0.04999997094273567,"{""arc_segments"": 24, ""backing"": 2.0, ""depth"": 50.0, ""face_h"": 60.0, ""face_w"": 60.0, ""margin_depths"": 2.0, ""micro_depth"": 0.3, ""micro_pitch"": 1.0, ""pitch_jitter"": 0.25, ""pitch_mean"": 20.0, ""pitch_seed"": 102, ""tip_round"": true, ""tip_width"": 0.4, ""valley_round"": 0.4}"
P1_groove_serr_p20_s102,ridge,vgroove,print,0.4,102,d100,20.0,50.0,20.0,0.004054719116538763,0.04999997094273567,"{""arc_segments"": 24, ""backing"": 2.0, ""depth"": 50.0, ""face_h"": 60.0, ""face_w"": 60.0, ""margin_depths"": 2.0, ""micro_depth"": 0.3, ""micro_pitch"": 1.0, ""pitch_jitter"": 0.25, ""pitch_mean"": 20.0, ""pitch_seed"": 102, ""tip_round"": true, ""tip_width"": 0.4, ""valley_round"": 0.4}"
P1_groove_serr_p20_s102,ridge,vgroove,print,0.4,102,d100,20.0,50.0,40.0,0.0046196598559618,0.04999997094273567,"{""arc_segments"": 24, ""backing"": 2.0, ""depth"": 50.0, ""face_h"": 60.0, ""face_w"": 60.0, ""margin_depths"": 2.0, ""micro_depth"": 0.3, ""micro_pitch"": 1.0, ""pitch_jitter"": 0.25, ""pitch_mean"": 20.0, ""pitch_seed"": 102, ""tip_round"": true, ""tip_width"": 0.4, ""valley_round"": 0.4}"
B_CONE_p0550_s102,cone3d,cone,mould,0.4,102,d00,5.5,50.0,0.0,0.0017449677689000964,0.04999997094273567,"{""backing"": 2.0, ""depth"": 50.0, ""depth_jitter"": 0.0, ""face_h"": 60.0, ""face_w"": 60.0, ""height_seg"": 12, ""jitter"": 0.3, ""margin_depths"": 2.0, ""pitch"": 5.5, ""profile_power"": 1.0, ""radial_seg"": 24, ""seed"": 102, ""tip_radius"": 0.2}"
B_CONE_p0550_s102,cone3d,cone,mould,0.4,102,d00,5.5,50.0,-20.0,0.0013741456205025315,0.04999997094273567,"{""backing"": 2.0, ""depth"": 50.0, ""depth_jitter"": 0.0, ""face_h"": 60.0, ""face_w"": 60.0, ""height_seg"": 12, ""jitter"": 0.3, ""margin_depths"": 2.0, ""pitch"": 5.5, ""profile_power"": 1.0, ""radial_seg"": 24, ""seed"": 102, ""tip_radius"": 0.2}"
B_CONE_p0550_s102,cone3d,cone,mould,0.4,102,d00,5.5,50.0,-40.0,0.0020256717689335346,0.04999997094273567,"{""backing"": 2.0, ""depth"": 50.0, ""depth_jitter"": 0.0, ""face_h"": 60.0, ""face_w"": 60.0, ""height_seg"": 12, ""jitter"": 0.3, ""margin_depths"": 2.0, ""pitch"": 5.5, ""profile_power"": 1.0, ""radial_seg"": 24, ""seed"": 102, ""tip_radius"": 0.2}"
B_CONE_p0550_s102,cone3d,cone,mould,0.4,102,d00,5.5,50.0,20.0,0.001313510350883007,0.04999997094273567,"{""backing"": 2.0, ""depth"": 50.0, ""depth_jitter"": 0.0, ""face_h"": 60.0, ""face_w"": 60.0, ""height_seg"": 12, ""jitter"": 0.3, ""margin_depths"": 2.0, ""pitch"": 5.5, ""profile_power"": 1.0, ""radial_seg"": 24, ""seed"": 102, ""tip_radius"": 0.2}"
B_CONE_p0550_s102,cone3d,cone,mould,0.4,102,d00,5.5,50.0,40.0,0.0021538168657571077,0.04999997094273567,"{""backing"": 2.0, ""depth"": 50.0, ""depth_jitter"": 0.0, ""face_h"": 60.0, ""face_w"": 60.0, ""height_seg"": 12, ""jitter"": 0.3, ""margin_depths"": 2.0, ""pitch"": 5.5, ""profile_power"": 1.0, ""radial_seg"": 24, ""seed"": 102, ""tip_radius"": 0.2}"
B_CONE_p0550_s102,cone3d,cone,mould,0.4,102,d76,5.5,50.0,0.0,0.0009975809371098876,0.04999997094273567,"{""backing"": 2.0, ""depth"": 50.0, ""depth_jitter"": 0.0, ""face_h"": 60.0, ""face_w"": 60.0, ""height_seg"": 12, ""jitter"": 0.3, ""margin_depths"": 2.0, ""pitch"": 5.5, ""profile_power"": 1.0, ""radial_seg"": 24, ""seed"": 102, ""tip_radius"": 0.2}"
B_CONE_p0550_s102,cone3d,cone,mould,0.4,102,d76,5.5,50.0,-20.0,0.0013406744692474604,0.04999997094273567,"{""backing"": 2.0, ""depth"": 50.0, ""depth_jitter"": 0.0, ""face_h"": 60.0, ""face_w"": 60.0, ""height_seg"": 12, ""jitter"": 0.3, ""margin_depths"": 2.0, ""pitch"": 5.5, ""profile_power"": 1.0, ""radial_seg"": 24, ""seed"": 102, ""tip_radius"": 0.2}"
B_CONE_p0550_s102,cone3d,cone,mould,0.4,102,d76,5.5,50.0,-40.0,0.0019653537310659885,0.04999997094273567,"{""backing"": 2.0, ""depth"": 50.0, ""depth_jitter"": 0.0, ""face_h"": 60.0, ""face_w"": 60.0, ""height_seg"": 12, ""jitter"": 0.3, ""margin_depths"": 2.0, ""pitch"": 5.5, ""profile_power"": 1.0, ""radial_seg"": 24, ""seed"": 102, ""tip_radius"": 0.2}"
B_CONE_p0550_s102,cone3d,cone,mould,0.4,102,d76,5.5,50.0,20.0,0.0012948211515322328,0.04999997094273567,"{""backing"": 2.0, ""depth"": 50.0, ""depth_jitter"": 0.0, ""face_h"": 60.0, ""face_w"": 60.0, ""height_seg"": 12, ""jitter"": 0.3, ""margin_depths"": 2.0, ""pitch"": 5.5, ""profile_power"": 1.0, ""radial_seg"": 24, ""seed"": 102, ""tip_radius"": 0.2}"
B_CONE_p0550_s102,cone3d,cone,mould,0.4,102,d76,5.5,50.0,40.0,0.002010154537856579,0.04999997094273567,"{""backing"": 2.0, ""depth"": 50.0, ""depth_jitter"": 0.0, ""face_h"": 60.0, ""face_w"": 60.0, ""height_seg"": 12, ""jitter"": 0.3, ""margin_depths"": 2.0, ""pitch"": 5.5, ""profile_power"": 1.0, ""radial_seg"": 24, ""seed"": 102, ""tip_radius"": 0.2}"
B_CONE_p0550_s102,cone3d,cone,mould,0.4,102,d100,5.5,50.0,0.0,0.0008448271546512842,0.04999997094273567,"{""backing"": 2.0, ""depth"": 50.0, ""depth_jitter"": 0.0, ""face_h"": 60.0, ""face_w"": 60.0, ""height_seg"": 12, ""jitter"": 0.3, ""margin_depths"": 2.0, ""pitch"": 5.5, ""profile_power"": 1.0, ""radial_seg"": 24, ""seed"": 102, ""tip_radius"": 0.2}"
B_CONE_p0550_s102,cone3d,cone,mould,0.4,102,d100,5.5,50.0,-20.0,0.001438344013877213,0.04999997094273567,"{""backing"": 2.0, ""depth"": 50.0, ""depth_jitter"": 0.0, ""face_h"": 60.0, ""face_w"": 60.0, ""height_seg"": 12, ""jitter"": 0.3, ""margin_depths"": 2.0, ""pitch"": 5.5, ""profile_power"": 1.0, ""radial_seg"": 24, ""seed"": 102, ""tip_radius"": 0.2}"
B_CONE_p0550_s102,cone3d,cone,mould,0.4,102,d100,5.5,50.0,-40.0,0.0021082605235278606,0.04999997094273567,"{""backing"": 2.0, ""depth"": 50.0, ""depth_jitter"": 0.0, ""face_h"": 60.0, ""face_w"": 60.0, ""height_seg"": 12, ""jitter"": 0.3, ""margin_depths"": 2.0, ""pitch"": 5.5, ""profile_power"": 1.0, ""radial_seg"": 24, ""seed"": 102, ""tip_radius"": 0.2}"
B_CONE_p0550_s102,cone3d,cone,mould,0.4,102,d100,5.5,50.0,20.0,0.0014114604564383626,0.04999997094273567,"{""backing"": 2.0, ""depth"": 50.0, ""depth_jitter"": 0.0, ""face_h"": 60.0, ""face_w"": 60.0, ""height_seg"": 12, ""jitter"": 0.3, ""margin_depths"": 2.0, ""pitch"": 5.5, ""profile_power"": 1.0, ""radial_seg"": 24, ""seed"": 102, ""tip_radius"": 0.2}"
B_CONE_p0550_s102,cone3d,cone,mould,0.4,102,d100,5.5,50.0,40.0,0.002092109527438879,0.04999997094273567,"{""backing"": 2.0, ""depth"": 50.0, ""depth_jitter"": 0.0, ""face_h"": 60.0, ""face_w"": 60.0, ""height_seg"": 12, ""jitter"": 0.3, ""margin_depths"": 2.0, ""pitch"": 5.5, ""profile_power"": 1.0, ""radial_seg"": 24, ""seed"": 102, ""tip_radius"": 0.2}"
