tag,family,topology,shape,pitch,open_frac,wall,edge_frac_est,seed,diffuse_frac,theta,rho,control,params_json
PF_p0550_o00,perf,perforated pyramid,perforated pyramid,5.5,0.0,0.5,0.18182,23,d00,0.0,0.0023311651311814785,0.04999997094273567,"{""backing"": 2.0, ""depth"": 50.0, ""face_h"": 60.0, ""face_w"": 60.0, ""margin_depths"": 2.0, ""nu"": 4, ""nv"": 6, ""open_frac"": 0.0, ""pitch"": 5.5, ""seed"": 23, ""wall"": 0.5}"
PF_p0550_o00,perf,perforated pyramid,perforated pyramid,5.5,0.0,0.5,0.18182,23,d00,-20.0,0.0019730674102902412,0.04999997094273567,"{""backing"": 2.0, ""depth"": 50.0, ""face_h"": 60.0, ""face_w"": 60.0, ""margin_depths"": 2.0, ""nu"": 4, ""nv"": 6, ""open_frac"": 0.0, ""pitch"": 5.5, ""seed"": 23, ""wall"": 0.5}"
PF_p0550_o00,perf,perforated pyramid,perforated pyramid,5.5,0.0,0.5,0.18182,23,d00,20.0,0.0019649432506412268,0.04999997094273567,"{""backing"": 2.0, ""depth"": 50.0, ""face_h"": 60.0, ""face_w"": 60.0, ""margin_depths"": 2.0, ""nu"": 4, ""nv"": 6, ""open_frac"": 0.0, ""pitch"": 5.5, ""seed"": 23, ""wall"": 0.5}"
PF_p0550_o00,perf,perforated pyramid,perforated pyramid,5.5,0.0,0.5,0.18182,23,d00,-40.0,0.002158306073397398,0.04999997094273567,"{""backing"": 2.0, ""depth"": 50.0, ""face_h"": 60.0, ""face_w"": 60.0, ""margin_depths"": 2.0, ""nu"": 4, ""nv"": 6, ""open_frac"": 0.0, ""pitch"": 5.5, ""seed"": 23, ""wall"": 0.5}"
PF_p0550_o00,perf,perforated pyramid,perforated pyramid,5.5,0.0,0.5,0.18182,23,d00,40.0,0.002164345234632492,0.04999997094273567,"{""backing"": 2.0, ""depth"": 50.0, ""face_h"": 60.0, ""face_w"": 60.0, ""margin_depths"": 2.0, ""nu"": 4, ""nv"": 6, ""open_frac"": 0.0, ""pitch"": 5.5, ""seed"": 23, ""wall"": 0.5}"
PF_p0550_o00,perf,perforated pyramid,perforated pyramid,5.5,0.0,0.5,0.18182,23,d76,0.0,0.0020931896287947893,0.04999997094273567,"{""backing"": 2.0, ""depth"": 50.0, ""face_h"": 60.0, ""face_w"": 60.0, ""margin_depths"": 2.0, ""nu"": 4, ""nv"": 6, ""open_frac"": 0.0, ""pitch"": 5.5, ""seed"": 23, ""wall"": 0.5}"
PF_p0550_o00,perf,perforated pyramid,perforated pyramid,5.5,0.0,0.5,0.18182,23,d76,-20.0,0.002468564547598362,0.04999997094273567,"{""backing"": 2.0, ""depth"": 50.0, ""face_h"": 60.0, ""face_w"": 60.0, ""margin_depths"": 2.0, ""nu"": 4, ""nv"": 6, ""open_frac"": 0.0, ""pitch"": 5.5, ""seed"": 23, ""wall"": 0.5}"
PF_p0550_o00,perf,perforated pyramid,perforated pyramid,5.5,0.0,0.5,0.18182,23,d76,20.0,0.0024319454096257687,0.04999997094273567,"{""backing"": 2.0, ""depth"": 50.0, ""face_h"": 60.0, ""face_w"": 60.0, ""margin_depths"": 2.0, ""nu"": 4, ""nv"": 6, ""open_frac"": 0.0, ""pitch"": 5.5, ""seed"": 23, ""wall"": 0.5}"
PF_p0550_o00,perf,perforated pyramid,perforated pyramid,5.5,0.0,0.5,0.18182,23,d76,-40.0,0.003083266317844391,0.04999997094273567,"{""backing"": 2.0, ""depth"": 50.0, ""face_h"": 60.0, ""face_w"": 60.0, ""margin_depths"": 2.0, ""nu"": 4, ""nv"": 6, ""open_frac"": 0.0, ""pitch"": 5.5, ""seed"": 23, ""wall"": 0.5}"
PF_p0550_o00,perf,perforated pyramid,perforated pyramid,5.5,0.0,0.5,0.18182,23,d76,40.0,0.0030416036024689674,0.04999997094273567,"{""backing"": 2.0, ""depth"": 50.0, ""face_h"": 60.0, ""face_w"": 60.0, ""margin_depths"": 2.0, ""nu"": 4, ""nv"": 6, ""open_frac"": 0.0, ""pitch"": 5.5, ""seed"": 23, ""wall"": 0.5}"
PF_p0550_o00,perf,perforated pyramid,perforated pyramid,5.5,0.0,0.5,0.18182,23,d100,0.0,0.002043678192421794,0.04999997094273567,"{""backing"": 2.0, ""depth"": 50.0, ""face_h"": 60.0, ""face_w"": 60.0, ""margin_depths"": 2.0, ""nu"": 4, ""nv"": 6, ""open_frac"": 0.0, ""pitch"": 5.5, ""seed"": 23, ""wall"": 0.5}"
PF_p0550_o00,perf,perforated pyramid,perforated pyramid,5.5,0.0,0.5,0.18182,23,d100,-20.0,0.0026237075217068195,0.04999997094273567,"{""backing"": 2.0, ""depth"": 50.0, ""face_h"": 60.0, ""face_w"": 60.0, ""margin_depths"": 2.0, ""nu"": 4, ""nv"": 6, ""open_frac"": 0.0, ""pitch"": 5.5, ""seed"": 23, ""wall"": 0.5}"
PF_p0550_o00,perf,perforated pyramid,perforated pyramid,5.5,0.0,0.5,0.18182,23,d100,20.0,0.002583554945886135,0.04999997094273567,"{""backing"": 2.0, ""depth"": 50.0, ""face_h"": 60.0, ""face_w"": 60.0, ""margin_depths"": 2.0, ""nu"": 4, ""nv"": 6, ""open_frac"": 0.0, ""pitch"": 5.5, ""seed"": 23, ""wall"": 0.5}"
PF_p0550_o00,perf,perforated pyramid,perforated pyramid,5.5,0.0,0.5,0.18182,23,d100,-40.0,0.0033809803426265717,0.04999997094273567,"{""backing"": 2.0, ""depth"": 50.0, ""face_h"": 60.0, ""face_w"": 60.0, ""margin_depths"": 2.0, ""nu"": 4, ""nv"": 6, ""open_frac"": 0.0, ""pitch"": 5.5, ""seed"": 23, ""wall"": 0.5}"
PF_p0550_o00,perf,perforated pyramid,perforated pyramid,5.5,0.0,0.5,0.18182,23,d100,40.0,0.0033296130131930113,0.04999997094273567,"{""backing"": 2.0, ""depth"": 50.0, ""face_h"": 60.0, ""face_w"": 60.0, ""margin_depths"": 2.0, ""nu"": 4, ""nv"": 6, ""open_frac"": 0.0, ""pitch"": 5.5, ""seed"": 23, ""wall"": 0.5}"
PF_p0550_o35,perf,perforated pyramid,perforated pyramid,5.5,0.35,0.5,0.18182,23,d00,0.0,0.0023829536512494087,0.04999997094273567,"{""backing"": 2.0, ""depth"": 50.0, ""face_h"": 60.0, ""face_w"": 60.0, ""margin_depths"": 2.0, ""nu"": 4, ""nv"": 6, ""open_frac"": 0.35, ""pitch"": 5.5, ""seed"": 23, ""wall"": 0.5}"
PF_p0550_o35,perf,perforated pyramid,perforated pyramid,5.5,0.35,0.5,0.18182,23,d00,-20.0,0.0019451624248176813,0.04999997094273567,"{""backing"": 2.0, ""depth"": 50.0, ""face_h"": 60.0, ""face_w"": 60.0, ""margin_depths"": 2.0, ""nu"": 4, ""nv"": 6, ""open_frac"": 0.35, ""pitch"": 5.5, ""seed"": 23, ""wall"": 0.5}"
PF_p0550_o35,perf,perforated pyramid,perforated pyramid,5.5,0.35,0.5,0.18182,23,d00,20.0,0.0019664920400828123,0.04999997094273567,"{""backing"": 2.0, ""depth"": 50.0, ""face_h"": 60.0, ""face_w"": 60.0, ""margin_depths"": 2.0, ""nu"": 4, ""nv"": 6, ""open_frac"": 0.35, ""pitch"": 5.5, ""seed"": 23, ""wall"": 0.5}"
PF_p0550_o35,perf,perforated pyramid,perforated pyramid,5.5,0.35,0.5,0.18182,23,d00,-40.0,0.0021379219833761454,0.04999997094273567,"{""backing"": 2.0, ""depth"": 50.0, ""face_h"": 60.0, ""face_w"": 60.0, ""margin_depths"": 2.0, ""nu"": 4, ""nv"": 6, ""open_frac"": 0.35, ""pitch"": 5.5, ""seed"": 23, ""wall"": 0.5}"
PF_p0550_o35,perf,perforated pyramid,perforated pyramid,5.5,0.35,0.5,0.18182,23,d00,40.0,0.0021121215540915728,0.04999997094273567,"{""backing"": 2.0, ""depth"": 50.0, ""face_h"": 60.0, ""face_w"": 60.0, ""margin_depths"": 2.0, ""nu"": 4, ""nv"": 6, ""open_frac"": 0.35, ""pitch"": 5.5, ""seed"": 23, ""wall"": 0.5}"
PF_p0550_o35,perf,perforated pyramid,perforated pyramid,5.5,0.35,0.5,0.18182,23,d76,0.0,0.0020647915080189705,0.04999997094273567,"{""backing"": 2.0, ""depth"": 50.0, ""face_h"": 60.0, ""face_w"": 60.0, ""margin_depths"": 2.0, ""nu"": 4, ""nv"": 6, ""open_frac"": 0.35, ""pitch"": 5.5, ""seed"": 23, ""wall"": 0.5}"
PF_p0550_o35,perf,perforated pyramid,perforated pyramid,5.5,0.35,0.5,0.18182,23,d76,-20.0,0.002359059639275074,0.04999997094273567,"{""backing"": 2.0, ""depth"": 50.0, ""face_h"": 60.0, ""face_w"": 60.0, ""margin_depths"": 2.0, ""nu"": 4, ""nv"": 6, ""open_frac"": 0.35, ""pitch"": 5.5, ""seed"": 23, ""wall"": 0.5}"
PF_p0550_o35,perf,perforated pyramid,perforated pyramid,5.5,0.35,0.5,0.18182,23,d76,20.0,0.002333597047254443,0.04999997094273567,"{""backing"": 2.0, ""depth"": 50.0, ""face_h"": 60.0, ""face_w"": 60.0, ""margin_depths"": 2.0, ""nu"": 4, ""nv"": 6, ""open_frac"": 0.35, ""pitch"": 5.5, ""seed"": 23, ""wall"": 0.5}"
PF_p0550_o35,perf,perforated pyramid,perforated pyramid,5.5,0.35,0.5,0.18182,23,d76,-40.0,0.0028928094543516636,0.04999997094273567,"{""backing"": 2.0, ""depth"": 50.0, ""face_h"": 60.0, ""face_w"": 60.0, ""margin_depths"": 2.0, ""nu"": 4, ""nv"": 6, ""open_frac"": 0.35, ""pitch"": 5.5, ""seed"": 23, ""wall"": 0.5}"
PF_p0550_o35,perf,perforated pyramid,perforated pyramid,5.5,0.35,0.5,0.18182,23,d76,40.0,0.00285282451659441,0.04999997094273567,"{""backing"": 2.0, ""depth"": 50.0, ""face_h"": 60.0, ""face_w"": 60.0, ""margin_depths"": 2.0, ""nu"": 4, ""nv"": 6, ""open_frac"": 0.35, ""pitch"": 5.5, ""seed"": 23, ""wall"": 0.5}"
PF_p0550_o35,perf,perforated pyramid,perforated pyramid,5.5,0.35,0.5,0.18182,23,d100,0.0,0.0019746848847717047,0.04999997094273567,"{""backing"": 2.0, ""depth"": 50.0, ""face_h"": 60.0, ""face_w"": 60.0, ""margin_depths"": 2.0, ""nu"": 4, ""nv"": 6, ""open_frac"": 0.35, ""pitch"": 5.5, ""seed"": 23, ""wall"": 0.5}"
PF_p0550_o35,perf,perforated pyramid,perforated pyramid,5.5,0.35,0.5,0.18182,23,d100,-20.0,0.0024958564899861813,0.04999997094273567,"{""backing"": 2.0, ""depth"": 50.0, ""face_h"": 60.0, ""face_w"": 60.0, ""margin_depths"": 2.0, ""nu"": 4, ""nv"": 6, ""open_frac"": 0.35, ""pitch"": 5.5, ""seed"": 23, ""wall"": 0.5}"
PF_p0550_o35,perf,perforated pyramid,perforated pyramid,5.5,0.35,0.5,0.18182,23,d100,20.0,0.0024524980690330267,0.04999997094273567,"{""backing"": 2.0, ""depth"": 50.0, ""face_h"": 60.0, ""face_w"": 60.0, ""margin_depths"": 2.0, ""nu"": 4, ""nv"": 6, ""open_frac"": 0.35, ""pitch"": 5.5, ""seed"": 23, ""wall"": 0.5}"
PF_p0550_o35,perf,perforated pyramid,perforated pyramid,5.5,0.35,0.5,0.18182,23,d100,-40.0,0.003141238121315837,0.04999997094273567,"{""backing"": 2.0, ""depth"": 50.0, ""face_h"": 60.0, ""face_w"": 60.0, ""margin_depths"": 2.0, ""nu"": 4, ""nv"": 6, ""open_frac"": 0.35, ""pitch"": 5.5, ""seed"": 23, ""wall"": 0.5}"
PF_p0550_o35,perf,perforated pyramid,perforated pyramid,5.5,0.35,0.5,0.18182,23,d100,40.0,0.0030908461194485426,0.04999997094273567,"{""backing"": 2.0, ""depth"": 50.0, ""face_h"": 60.0, ""face_w"": 60.0, ""margin_depths"": 2.0, ""nu"": 4, ""nv"": 6, ""open_frac"": 0.35, ""pitch"": 5.5, ""seed"": 23, ""wall"": 0.5}"
PF_p0550_o55,perf,perforated pyramid,perforated pyramid,5.5,0.55,0.5,0.18182,23,d00,0.0,0.002513732062652707,0.04999997094273567,"{""backing"": 2.0, ""depth"": 50.0, ""face_h"": 60.0, ""face_w"": 60.0, ""margin_depths"": 2.0, ""nu"": 4, ""nv"": 6, ""open_frac"": 0.55, ""pitch"": 5.5, ""seed"": 23, ""wall"": 0.5}"
PF_p0550_o55,perf,perforated pyramid,perforated pyramid,5.5,0.55,0.5,0.18182,23,d00,-20.0,0.0020989265758544207,0.04999997094273567,"{""backing"": 2.0, ""depth"": 50.0, ""face_h"": 60.0, ""face_w"": 60.0, ""margin_depths"": 2.0, ""nu"": 4, ""nv"": 6, ""open_frac"": 0.55, ""pitch"": 5.5, ""seed"": 23, ""wall"": 0.5}"
PF_p0550_o55,perf,perforated pyramid,perforated pyramid,5.5,0.55,0.5,0.18182,23,d00,20.0,0.0021298376377671957,0.04999997094273567,"{""backing"": 2.0, ""depth"": 50.0, ""face_h"": 60.0, ""face_w"": 60.0, ""margin_depths"": 2.0, ""nu"": 4, ""nv"": 6, ""open_frac"": 0.55, ""pitch"": 5.5, ""seed"": 23, ""wall"": 0.5}"
PF_p0550_o55,perf,perforated pyramid,perforated pyramid,5.5,0.55,0.5,0.18182,23,d00,-40.0,0.002052154392004013,0.04999997094273567,"{""backing"": 2.0, ""depth"": 50.0, ""face_h"": 60.0, ""face_w"": 60.0, ""margin_depths"": 2.0, ""nu"": 4, ""nv"": 6, ""open_frac"": 0.55, ""pitch"": 5.5, ""seed"": 23, ""wall"": 0.5}"
PF_p0550_o55,perf,perforated pyramid,perforated pyramid,5.5,0.55,0.5,0.18182,23,d00,40.0,0.001972065307199955,0.04999997094273567,"{""backing"": 2.0, ""depth"": 50.0, ""face_h"": 60.0, ""face_w"": 60.0, ""margin_depths"": 2.0, ""nu"": 4, ""nv"": 6, ""open_frac"": 0.55, ""pitch"": 5.5, ""seed"": 23, ""wall"": 0.5}"
PF_p0550_o55,perf,perforated pyramid,perforated pyramid,5.5,0.55,0.5,0.18182,23,d76,0.0,0.0020257208961993456,0.04999997094273567,"{""backing"": 2.0, ""depth"": 50.0, ""face_h"": 60.0, ""face_w"": 60.0, ""margin_depths"": 2.0, ""nu"": 4, ""nv"": 6, ""open_frac"": 0.55, ""pitch"": 5.5, ""seed"": 23, ""wall"": 0.5}"
PF_p0550_o55,perf,perforated pyramid,perforated pyramid,5.5,0.55,0.5,0.18182,23,d76,-20.0,0.002305462956428528,0.04999997094273567,"{""backing"": 2.0, ""depth"": 50.0, ""face_h"": 60.0, ""face_w"": 60.0, ""margin_depths"": 2.0, ""nu"": 4, ""nv"": 6, ""open_frac"": 0.55, ""pitch"": 5.5, ""seed"": 23, ""wall"": 0.5}"
PF_p0550_o55,perf,perforated pyramid,perforated pyramid,5.5,0.55,0.5,0.18182,23,d76,20.0,0.0022834192495793104,0.04999997094273567,"{""backing"": 2.0, ""depth"": 50.0, ""face_h"": 60.0, ""face_w"": 60.0, ""margin_depths"": 2.0, ""nu"": 4, ""nv"": 6, ""open_frac"": 0.55, ""pitch"": 5.5, ""seed"": 23, ""wall"": 0.5}"
PF_p0550_o55,perf,perforated pyramid,perforated pyramid,5.5,0.55,0.5,0.18182,23,d76,-40.0,0.0027274221647530794,0.04999997094273567,"{""backing"": 2.0, ""depth"": 50.0, ""face_h"": 60.0, ""face_w"": 60.0, ""margin_depths"": 2.0, ""nu"": 4, ""nv"": 6, ""open_frac"": 0.55, ""pitch"": 5.5, ""seed"": 23, ""wall"": 0.5}"
PF_p0550_o55,perf,perforated pyramid,perforated pyramid,5.5,0.55,0.5,0.18182,23,d76,40.0,0.0026626118924468756,0.04999997094273567,"{""backing"": 2.0, ""depth"": 50.0, ""face_h"": 60.0, ""face_w"": 60.0, ""margin_depths"": 2.0, ""nu"": 4, ""nv"": 6, ""open_frac"": 0.55, ""pitch"": 5.5, ""seed"": 23, ""wall"": 0.5}"
PF_p0550_o55,perf,perforated pyramid,perforated pyramid,5.5,0.55,0.5,0.18182,23,d100,0.0,0.0018926607444882393,0.04999997094273567,"{""backing"": 2.0, ""depth"": 50.0, ""face_h"": 60.0, ""face_w"": 60.0, ""margin_depths"": 2.0, ""nu"": 4, ""nv"": 6, ""open_frac"": 0.55, ""pitch"": 5.5, ""seed"": 23, ""wall"": 0.5}"
PF_p0550_o55,perf,perforated pyramid,perforated pyramid,5.5,0.55,0.5,0.18182,23,d100,-20.0,0.002386821899563074,0.04999997094273567,"{""backing"": 2.0, ""depth"": 50.0, ""face_h"": 60.0, ""face_w"": 60.0, ""margin_depths"": 2.0, ""nu"": 4, ""nv"": 6, ""open_frac"": 0.55, ""pitch"": 5.5, ""seed"": 23, ""wall"": 0.5}"
PF_p0550_o55,perf,perforated pyramid,perforated pyramid,5.5,0.55,0.5,0.18182,23,d100,20.0,0.002350409748032689,0.04999997094273567,"{""backing"": 2.0, ""depth"": 50.0, ""face_h"": 60.0, ""face_w"": 60.0, ""margin_depths"": 2.0, ""nu"": 4, ""nv"": 6, ""open_frac"": 0.55, ""pitch"": 5.5, ""seed"": 23, ""wall"": 0.5}"
PF_p0550_o55,perf,perforated pyramid,perforated pyramid,5.5,0.55,0.5,0.18182,23,d100,-40.0,0.0029566253069788218,0.04999997094273567,"{""backing"": 2.0, ""depth"": 50.0, ""face_h"": 60.0, ""face_w"": 60.0, ""margin_depths"": 2.0, ""nu"": 4, ""nv"": 6, ""open_frac"": 0.55, ""pitch"": 5.5, ""seed"": 23, ""wall"": 0.5}"
PF_p0550_o55,perf,perforated pyramid,perforated pyramid,5.5,0.55,0.5,0.18182,23,d100,40.0,0.002884731162339449,0.04999997094273567,"{""backing"": 2.0, ""depth"": 50.0, ""face_h"": 60.0, ""face_w"": 60.0, ""margin_depths"": 2.0, ""nu"": 4, ""nv"": 6, ""open_frac"": 0.55, ""pitch"": 5.5, ""seed"": 23, ""wall"": 0.5}"
PF_p0550_o70,perf,perforated pyramid,perforated pyramid,5.5,0.7,0.5,0.18182,23,d00,0.0,0.0028309838380664587,0.04999997094273567,"{""backing"": 2.0, ""depth"": 50.0, ""face_h"": 60.0, ""face_w"": 60.0, ""margin_depths"": 2.0, ""nu"": 4, ""nv"": 6, ""open_frac"": 0.7, ""pitch"": 5.5, ""seed"": 23, ""wall"": 0.5}"
PF_p0550_o70,perf,perforated pyramid,perforated pyramid,5.5,0.7,0.5,0.18182,23,d00,-20.0,0.0022379704751074314,0.04999997094273567,"{""backing"": 2.0, ""depth"": 50.0, ""face_h"": 60.0, ""face_w"": 60.0, ""margin_depths"": 2.0, ""nu"": 4, ""nv"": 6, ""open_frac"": 0.7, ""pitch"": 5.5, ""seed"": 23, ""wall"": 0.5}"
PF_p0550_o70,perf,perforated pyramid,perforated pyramid,5.5,0.7,0.5,0.18182,23,d00,20.0,0.0022526318207383156,0.04999997094273567,"{""backing"": 2.0, ""depth"": 50.0, ""face_h"": 60.0, ""face_w"": 60.0, ""margin_depths"": 2.0, ""nu"": 4, ""nv"": 6, ""open_frac"": 0.7, ""pitch"": 5.5, ""seed"": 23, ""wall"": 0.5}"
PF_p0550_o70,perf,perforated pyramid,perforated pyramid,5.5,0.7,0.5,0.18182,23,d00,-40.0,0.001984346192330122,0.04999997094273567,"{""backing"": 2.0, ""depth"": 50.0, ""face_h"": 60.0, ""face_w"": 60.0, ""margin_depths"": 2.0, ""nu"": 4, ""nv"": 6, ""open_frac"": 0.7, ""pitch"": 5.5, ""seed"": 23, ""wall"": 0.5}"
PF_p0550_o70,perf,perforated pyramid,perforated pyramid,5.5,0.7,0.5,0.18182,23,d00,40.0,0.001847335253842175,0.04999997094273567,"{""backing"": 2.0, ""depth"": 50.0, ""face_h"": 60.0, ""face_w"": 60.0, ""margin_depths"": 2.0, ""nu"": 4, ""nv"": 6, ""open_frac"": 0.7, ""pitch"": 5.5, ""seed"": 23, ""wall"": 0.5}"
PF_p0550_o70,perf,perforated pyramid,perforated pyramid,5.5,0.7,0.5,0.18182,23,d76,0.0,0.002049276838079095,0.04999997094273567,"{""backing"": 2.0, ""depth"": 50.0, ""face_h"": 60.0, ""face_w"": 60.0, ""margin_depths"": 2.0, ""nu"": 4, ""nv"": 6, ""open_frac"": 0.7, ""pitch"": 5.5, ""seed"": 23, ""wall"": 0.5}"
PF_p0550_o70,perf,perforated pyramid,perforated pyramid,5.5,0.7,0.5,0.18182,23,d76,-20.0,0.0022672167979180813,0.04999997094273567,"{""backing"": 2.0, ""depth"": 50.0, ""face_h"": 60.0, ""face_w"": 60.0, ""margin_depths"": 2.0, ""nu"": 4, ""nv"": 6, ""open_frac"": 0.7, ""pitch"": 5.5, ""seed"": 23, ""wall"": 0.5}"
PF_p0550_o70,perf,perforated pyramid,perforated pyramid,5.5,0.7,0.5,0.18182,23,d76,20.0,0.002223488176241517,0.04999997094273567,"{""backing"": 2.0, ""depth"": 50.0, ""face_h"": 60.0, ""face_w"": 60.0, ""margin_depths"": 2.0, ""nu"": 4, ""nv"": 6, ""open_frac"": 0.7, ""pitch"": 5.5, ""seed"": 23, ""wall"": 0.5}"
PF_p0550_o70,perf,perforated pyramid,perforated pyramid,5.5,0.7,0.5,0.18182,23,d76,-40.0,0.0025384295731782913,0.04999997094273567,"{""backing"": 2.0, ""depth"": 50.0, ""face_h"": 60.0, ""face_w"": 60.0, ""margin_depths"": 2.0, ""nu"": 4, ""nv"": 6, ""open_frac"": 0.7, ""pitch"": 5.5, ""seed"": 23, ""wall"": 0.5}"
PF_p0550_o70,perf,perforated pyramid,perforated pyramid,5.5,0.7,0.5,0.18182,23,d76,40.0,0.002462513744831085,0.04999997094273567,"{""backing"": 2.0, ""depth"": 50.0, ""face_h"": 60.0, ""face_w"": 60.0, ""margin_depths"": 2.0, ""nu"": 4, ""nv"": 6, ""open_frac"": 0.7, ""pitch"": 5.5, ""seed"": 23, ""wall"": 0.5}"
PF_p0550_o70,perf,perforated pyramid,perforated pyramid,5.5,0.7,0.5,0.18182,23,d100,0.0,0.0018247796688228846,0.04999997094273567,"{""backing"": 2.0, ""depth"": 50.0, ""face_h"": 60.0, ""face_w"": 60.0, ""margin_depths"": 2.0, ""nu"": 4, ""nv"": 6, ""open_frac"": 0.7, ""pitch"": 5.5, ""seed"": 23, ""wall"": 0.5}"
PF_p0550_o70,perf,perforated pyramid,perforated pyramid,5.5,0.7,0.5,0.18182,23,d100,-20.0,0.0022953017614781857,0.04999997094273567,"{""backing"": 2.0, ""depth"": 50.0, ""face_h"": 60.0, ""face_w"": 60.0, ""margin_depths"": 2.0, ""nu"": 4, ""nv"": 6, ""open_frac"": 0.7, ""pitch"": 5.5, ""seed"": 23, ""wall"": 0.5}"
PF_p0550_o70,perf,perforated pyramid,perforated pyramid,5.5,0.7,0.5,0.18182,23,d100,20.0,0.0022422687616199255,0.04999997094273567,"{""backing"": 2.0, ""depth"": 50.0, ""face_h"": 60.0, ""face_w"": 60.0, ""margin_depths"": 2.0, ""nu"": 4, ""nv"": 6, ""open_frac"": 0.7, ""pitch"": 5.5, ""seed"": 23, ""wall"": 0.5}"
PF_p0550_o70,perf,perforated pyramid,perforated pyramid,5.5,0.7,0.5,0.18182,23,d100,-40.0,0.0027281830552965403,0.04999997094273567,"{""backing"": 2.0, ""depth"": 50.0, ""face_h"": 60.0, ""face_w"": 60.0, ""margin_depths"": 2.0, ""nu"": 4, ""nv"": 6, ""open_frac"": 0.7, ""pitch"": 5.5, ""seed"": 23, ""wall"": 0.5}"
PF_p0550_o70,perf,perforated pyramid,perforated pyramid,5.5,0.7,0.5,0.18182,23,d100,40.0,0.002668574219569564,0.04999997094273567,"{""backing"": 2.0, ""depth"": 50.0, ""face_h"": 60.0, ""face_w"": 60.0, ""margin_depths"": 2.0, ""nu"": 4, ""nv"": 6, ""open_frac"": 0.7, ""pitch"": 5.5, ""seed"": 23, ""wall"": 0.5}"
SP_p0550,floor,pyramid,solid pyramid,5.5,0.0,0.0,0.0,23,d00,0.0,0.0017910307506099343,0.04999997094273567,"{""backing"": 2.0, ""depth"": 50.0, ""face_h"": 60.0, ""face_w"": 60.0, ""kind"": ""pyramid"", ""margin_depths"": 2.0, ""pitch"": 5.5, ""tip_flat"": 0.0}"
SP_p0550,floor,pyramid,solid pyramid,5.5,0.0,0.0,0.0,23,d00,-20.0,0.001472278730943799,0.04999997094273567,"{""backing"": 2.0, ""depth"": 50.0, ""face_h"": 60.0, ""face_w"": 60.0, ""kind"": ""pyramid"", ""margin_depths"": 2.0, ""pitch"": 5.5, ""tip_flat"": 0.0}"
SP_p0550,floor,pyramid,solid pyramid,5.5,0.0,0.0,0.0,23,d00,20.0,0.0015169060789048672,0.04999997094273567,"{""backing"": 2.0, ""depth"": 50.0, ""face_h"": 60.0, ""face_w"": 60.0, ""kind"": ""pyramid"", ""margin_depths"": 2.0, ""pitch"": 5.5, ""tip_flat"": 0.0}"
SP_p0550,floor,pyramid,solid pyramid,5.5,0.0,0.0,0.0,23,d00,-40.0,0.0017458744114264846,0.04999997094273567,"{""backing"": 2.0, ""depth"": 50.0, ""face_h"": 60.0, ""face_w"": 60.0, ""kind"": ""pyramid"", ""margin_depths"": 2.0, ""pitch"": 5.5, ""tip_flat"": 0.0}"
SP_p0550,floor,pyramid,solid pyramid,5.5,0.0,0.0,0.0,23,d00,40.0,0.0017791322898119688,0.04999997094273567,"{""backing"": 2.0, ""depth"": 50.0, ""face_h"": 60.0, ""face_w"": 60.0, ""kind"": ""pyramid"", ""margin_depths"": 2.0, ""pitch"": 5.5, ""tip_flat"": 0.0}"
SP_p0550,floor,pyramid,solid pyramid,5.5,0.0,0.0,0.0,23,d76,0.0,0.0008278073510155082,0.04999997094273567,"{""backing"": 2.0, ""depth"": 50.0, ""face_h"": 60.0, ""face_w"": 60.0, ""kind"": ""pyramid"", ""margin_depths"": 2.0, ""pitch"": 5.5, ""tip_flat"": 0.0}"
SP_p0550,floor,pyramid,solid pyramid,5.5,0.0,0.0,0.0,23,d76,-20.0,0.001137481420300901,0.04999997094273567,"{""backing"": 2.0, ""depth"": 50.0, ""face_h"": 60.0, ""face_w"": 60.0, ""kind"": ""pyramid"", ""margin_depths"": 2.0, ""pitch"": 5.5, ""tip_flat"": 0.0}"
SP_p0550,floor,pyramid,solid pyramid,5.5,0.0,0.0,0.0,23,d76,20.0,0.001132881618104875,0.04999997094273567,"{""backing"": 2.0, ""depth"": 50.0, ""face_h"": 60.0, ""face_w"": 60.0, ""kind"": ""pyramid"", ""margin_depths"": 2.0, ""pitch"": 5.5, ""tip_flat"": 0.0}"
SP_p0550,floor,pyramid,solid pyramid,5.5,0.0,0.0,0.0,23,d76,-40.0,0.0013573578326031566,0.04999997094273567,"{""backing"": 2.0, ""depth"": 50.0, ""face_h"": 60.0, ""face_w"": 60.0, ""kind"": ""pyramid"", ""margin_depths"": 2.0, ""pitch"": 5.5, ""tip_flat"": 0.0}"
SP_p0550,floor,pyramid,solid pyramid,5.5,0.0,0.0,0.0,23,d76,40.0,0.0013560877414420247,0.04999997094273567,"{""backing"": 2.0, ""depth"": 50.0, ""face_h"": 60.0, ""face_w"": 60.0, ""kind"": ""pyramid"", ""margin_depths"": 2.0, ""pitch"": 5.5, ""tip_flat"": 0.0}"
SP_p0550,floor,pyramid,solid pyramid,5.5,0.0,0.0,0.0,23,d100,0.0,0.000600402825511992,0.04999997094273567,"{""backing"": 2.0, ""depth"": 50.0, ""face_h"": 60.0, ""face_w"": 60.0, ""kind"": ""pyramid"", ""margin_depths"": 2.0, ""pitch"": 5.5, ""tip_flat"": 0.0}"
SP_p0550,floor,pyramid,solid pyramid,5.5,0.0,0.0,0.0,23,d100,-20.0,0.0010920448694378138,0.04999997094273567,"{""backing"": 2.0, ""depth"": 50.0, ""face_h"": 60.0, ""face_w"": 60.0, ""kind"": ""pyramid"", ""margin_depths"": 2.0, ""pitch"": 5.5, ""tip_flat"": 0.0}"
SP_p0550,floor,pyramid,solid pyramid,5.5,0.0,0.0,0.0,23,d100,20.0,0.0010989150032401085,0.04999997094273567,"{""backing"": 2.0, ""depth"": 50.0, ""face_h"": 60.0, ""face_w"": 60.0, ""kind"": ""pyramid"", ""margin_depths"": 2.0, ""pitch"": 5.5, ""tip_flat"": 0.0}"
SP_p0550,floor,pyramid,solid pyramid,5.5,0.0,0.0,0.0,23,d100,-40.0,0.0013414064887911081,0.04999997094273567,"{""backing"": 2.0, ""depth"": 50.0, ""face_h"": 60.0, ""face_w"": 60.0, ""kind"": ""pyramid"", ""margin_depths"": 2.0, ""pitch"": 5.5, ""tip_flat"": 0.0}"
SP_p0550,floor,pyramid,solid pyramid,5.5,0.0,0.0,0.0,23,d100,40.0,0.0013360382290557027,0.04999997094273567,"{""backing"": 2.0, ""depth"": 50.0, ""face_h"": 60.0, ""face_w"": 60.0, ""kind"": ""pyramid"", ""margin_depths"": 2.0, ""pitch"": 5.5, ""tip_flat"": 0.0}"
PF_p1767_o00,perf,perforated pyramid,perforated pyramid,17.67,0.0,0.5,0.05659,23,d00,0.0,0.0013430860126391053,0.04917402192950249,"{""backing"": 2.0, ""depth"": 50.0, ""face_h"": 60.0, ""face_w"": 60.0, ""margin_depths"": 2.0, ""nu"": 4, ""nv"": 6, ""open_frac"": 0.0, ""pitch"": 17.67, ""seed"": 23, ""wall"": 0.5}"
PF_p1767_o00,perf,perforated pyramid,perforated pyramid,17.67,0.0,0.5,0.05659,23,d00,-20.0,0.0010345695773139596,0.04916013032197952,"{""backing"": 2.0, ""depth"": 50.0, ""face_h"": 60.0, ""face_w"": 60.0, ""margin_depths"": 2.0, ""nu"": 4, ""nv"": 6, ""open_frac"": 0.0, ""pitch"": 17.67, ""seed"": 23, ""wall"": 0.5}"
PF_p1767_o00,perf,perforated pyramid,perforated pyramid,17.67,0.0,0.5,0.05659,23,d00,20.0,0.001049852930009365,0.04915843904018402,"{""backing"": 2.0, ""depth"": 50.0, ""face_h"": 60.0, ""face_w"": 60.0, ""margin_depths"": 2.0, ""nu"": 4, ""nv"": 6, ""open_frac"": 0.0, ""pitch"": 17.67, ""seed"": 23, ""wall"": 0.5}"
PF_p1767_o00,perf,perforated pyramid,perforated pyramid,17.67,0.0,0.5,0.05659,23,d00,-40.0,0.0011491839541122317,0.04921640455722809,"{""backing"": 2.0, ""depth"": 50.0, ""face_h"": 60.0, ""face_w"": 60.0, ""margin_depths"": 2.0, ""nu"": 4, ""nv"": 6, ""open_frac"": 0.0, ""pitch"": 17.67, ""seed"": 23, ""wall"": 0.5}"
PF_p1767_o00,perf,perforated pyramid,perforated pyramid,17.67,0.0,0.5,0.05659,23,d00,40.0,0.0012039013672620058,0.04920899495482445,"{""backing"": 2.0, ""depth"": 50.0, ""face_h"": 60.0, ""face_w"": 60.0, ""margin_depths"": 2.0, ""nu"": 4, ""nv"": 6, ""open_frac"": 0.0, ""pitch"": 17.67, ""seed"": 23, ""wall"": 0.5}"
PF_p1767_o00,perf,perforated pyramid,perforated pyramid,17.67,0.0,0.5,0.05659,23,d76,0.0,0.002089264104142785,0.049169767647981644,"{""backing"": 2.0, ""depth"": 50.0, ""face_h"": 60.0, ""face_w"": 60.0, ""margin_depths"": 2.0, ""nu"": 4, ""nv"": 6, ""open_frac"": 0.0, ""pitch"": 17.67, ""seed"": 23, ""wall"": 0.5}"
PF_p1767_o00,perf,perforated pyramid,perforated pyramid,17.67,0.0,0.5,0.05659,23,d76,-20.0,0.0024454572703689337,0.04915720224380493,"{""backing"": 2.0, ""depth"": 50.0, ""face_h"": 60.0, ""face_w"": 60.0, ""margin_depths"": 2.0, ""nu"": 4, ""nv"": 6, ""open_frac"": 0.0, ""pitch"": 17.67, ""seed"": 23, ""wall"": 0.5}"
PF_p1767_o00,perf,perforated pyramid,perforated pyramid,17.67,0.0,0.5,0.05659,23,d76,20.0,0.0020858219359070063,0.04915541410446167,"{""backing"": 2.0, ""depth"": 50.0, ""face_h"": 60.0, ""face_w"": 60.0, ""margin_depths"": 2.0, ""nu"": 4, ""nv"": 6, ""open_frac"": 0.0, ""pitch"": 17.67, ""seed"": 23, ""wall"": 0.5}"
PF_p1767_o00,perf,perforated pyramid,perforated pyramid,17.67,0.0,0.5,0.05659,23,d76,-40.0,0.0030260642524808645,0.04919147863984108,"{""backing"": 2.0, ""depth"": 50.0, ""face_h"": 60.0, ""face_w"": 60.0, ""margin_depths"": 2.0, ""nu"": 4, ""nv"": 6, ""open_frac"": 0.0, ""pitch"": 17.67, ""seed"": 23, ""wall"": 0.5}"
PF_p1767_o00,perf,perforated pyramid,perforated pyramid,17.67,0.0,0.5,0.05659,23,d76,40.0,0.002604686189442873,0.049185555428266525,"{""backing"": 2.0, ""depth"": 50.0, ""face_h"": 60.0, ""face_w"": 60.0, ""margin_depths"": 2.0, ""nu"": 4, ""nv"": 6, ""open_frac"": 0.0, ""pitch"": 17.67, ""seed"": 23, ""wall"": 0.5}"
PF_p1767_o00,perf,perforated pyramid,perforated pyramid,17.67,0.0,0.5,0.05659,23,d100,0.0,0.0023628694470971823,0.04916999116539955,"{""backing"": 2.0, ""depth"": 50.0, ""face_h"": 60.0, ""face_w"": 60.0, ""margin_depths"": 2.0, ""nu"": 4, ""nv"": 6, ""open_frac"": 0.0, ""pitch"": 17.67, ""seed"": 23, ""wall"": 0.5}"
PF_p1767_o00,perf,perforated pyramid,perforated pyramid,17.67,0.0,0.5,0.05659,23,d100,-20.0,0.0029088486917316914,0.04915701597929001,"{""backing"": 2.0, ""depth"": 50.0, ""face_h"": 60.0, ""face_w"": 60.0, ""margin_depths"": 2.0, ""nu"": 4, ""nv"": 6, ""open_frac"": 0.0, ""pitch"": 17.67, ""seed"": 23, ""wall"": 0.5}"
PF_p1767_o00,perf,perforated pyramid,perforated pyramid,17.67,0.0,0.5,0.05659,23,d100,20.0,0.002446535974740982,0.04915514215826988,"{""backing"": 2.0, ""depth"": 50.0, ""face_h"": 60.0, ""face_w"": 60.0, ""margin_depths"": 2.0, ""nu"": 4, ""nv"": 6, ""open_frac"": 0.0, ""pitch"": 17.67, ""seed"": 23, ""wall"": 0.5}"
PF_p1767_o00,perf,perforated pyramid,perforated pyramid,17.67,0.0,0.5,0.05659,23,d100,-40.0,0.0036333489697426558,0.04918351396918297,"{""backing"": 2.0, ""depth"": 50.0, ""face_h"": 60.0, ""face_w"": 60.0, ""margin_depths"": 2.0, ""nu"": 4, ""nv"": 6, ""open_frac"": 0.0, ""pitch"": 17.67, ""seed"": 23, ""wall"": 0.5}"
PF_p1767_o00,perf,perforated pyramid,perforated pyramid,17.67,0.0,0.5,0.05659,23,d100,40.0,0.0030718266498297453,0.04917768016457558,"{""backing"": 2.0, ""depth"": 50.0, ""face_h"": 60.0, ""face_w"": 60.0, ""margin_depths"": 2.0, ""nu"": 4, ""nv"": 6, ""open_frac"": 0.0, ""pitch"": 17.67, ""seed"": 23, ""wall"": 0.5}"
PF_p1767_o35,perf,perforated pyramid,perforated pyramid,17.67,0.35,0.5,0.05659,23,d00,0.0,0.001724364934489131,0.04999997094273567,"{""backing"": 2.0, ""depth"": 50.0, ""face_h"": 60.0, ""face_w"": 60.0, ""margin_depths"": 2.0, ""nu"": 4, ""nv"": 6, ""open_frac"": 0.35, ""pitch"": 17.67, ""seed"": 23, ""wall"": 0.5}"
PF_p1767_o35,perf,perforated pyramid,perforated pyramid,17.67,0.35,0.5,0.05659,23,d00,-20.0,0.0013992448803037405,0.04999997094273567,"{""backing"": 2.0, ""depth"": 50.0, ""face_h"": 60.0, ""face_w"": 60.0, ""margin_depths"": 2.0, ""nu"": 4, ""nv"": 6, ""open_frac"": 0.35, ""pitch"": 17.67, ""seed"": 23, ""wall"": 0.5}"
PF_p1767_o35,perf,perforated pyramid,perforated pyramid,17.67,0.35,0.5,0.05659,23,d00,20.0,0.0013803349575027823,0.04999997094273567,"{""backing"": 2.0, ""depth"": 50.0, ""face_h"": 60.0, ""face_w"": 60.0, ""margin_depths"": 2.0, ""nu"": 4, ""nv"": 6, ""open_frac"": 0.35, ""pitch"": 17.67, ""seed"": 23, ""wall"": 0.5}"
PF_p1767_o35,perf,perforated pyramid,perforated pyramid,17.67,0.35,0.5,0.05659,23,d00,-40.0,0.0016131666488945484,0.04999997094273567,"{""backing"": 2.0, ""depth"": 50.0, ""face_h"": 60.0, ""face_w"": 60.0, ""margin_depths"": 2.0, ""nu"": 4, ""nv"": 6, ""open_frac"": 0.35, ""pitch"": 17.67, ""seed"": 23, ""wall"": 0.5}"
PF_p1767_o35,perf,perforated pyramid,perforated pyramid,17.67,0.35,0.5,0.05659,23,d00,40.0,0.001489879097789526,0.04999997094273567,"{""backing"": 2.0, ""depth"": 50.0, ""face_h"": 60.0, ""face_w"": 60.0, ""margin_depths"": 2.0, ""nu"": 4, ""nv"": 6, ""open_frac"": 0.35, ""pitch"": 17.67, ""seed"": 23, ""wall"": 0.5}"
PF_p1767_o35,perf,perforated pyramid,perforated pyramid,17.67,0.35,0.5,0.05659,23,d76,0.0,0.0022307347971946,0.04999997094273567,"{""backing"": 2.0, ""depth"": 50.0, ""face_h"": 60.0, ""face_w"": 60.0, ""margin_depths"": 2.0, ""nu"": 4, ""nv"": 6, ""open_frac"": 0.35, ""pitch"": 17.67, ""seed"": 23, ""wall"": 0.5}"
PF_p1767_o35,perf,perforated pyramid,perforated pyramid,17.67,0.35,0.5,0.05659,23,d76,-20.0,0.0024609537795186043,0.04999997094273567,"{""backing"": 2.0, ""depth"": 50.0, ""face_h"": 60.0, ""face_w"": 60.0, ""margin_depths"": 2.0, ""nu"": 4, ""nv"": 6, ""open_frac"": 0.35, ""pitch"": 17.67, ""seed"": 23, ""wall"": 0.5}"
PF_p1767_o35,perf,perforated pyramid,perforated pyramid,17.67,0.35,0.5,0.05659,23,d76,20.0,0.002147939056158066,0.04999997094273567,"{""backing"": 2.0, ""depth"": 50.0, ""face_h"": 60.0, ""face_w"": 60.0, ""margin_depths"": 2.0, ""nu"": 4, ""nv"": 6, ""open_frac"": 0.35, ""pitch"": 17.67, ""seed"": 23, ""wall"": 0.5}"
PF_p1767_o35,perf,perforated pyramid,perforated pyramid,17.67,0.35,0.5,0.05659,23,d76,-40.0,0.0028979822527617216,0.04999997094273567,"{""backing"": 2.0, ""depth"": 50.0, ""face_h"": 60.0, ""face_w"": 60.0, ""margin_depths"": 2.0, ""nu"": 4, ""nv"": 6, ""open_frac"": 0.35, ""pitch"": 17.67, ""seed"": 23, ""wall"": 0.5}"
PF_p1767_o35,perf,perforated pyramid,perforated pyramid,17.67,0.35,0.5,0.05659,23,d76,40.0,0.0024110120721161366,0.04999997094273567,"{""backing"": 2.0, ""depth"": 50.0, ""face_h"": 60.0, ""face_w"": 60.0, ""margin_depths"": 2.0, ""nu"": 4, ""nv"": 6, ""open_frac"": 0.35, ""pitch"": 17.67, ""seed"": 23, ""wall"": 0.5}"
PF_p1767_o35,perf,perforated pyramid,perforated pyramid,17.67,0.35,0.5,0.05659,23,d100,0.0,0.0024240007624030113,0.04999997094273567,"{""backing"": 2.0, ""depth"": 50.0, ""face_h"": 60.0, ""face_w"": 60.0, ""margin_depths"": 2.0, ""nu"": 4, ""nv"": 6, ""open_frac"": 0.35, ""pitch"": 17.67, ""seed"": 23, ""wall"": 0.5}"
PF_p1767_o35,perf,perforated pyramid,perforated pyramid,17.67,0.35,0.5,0.05659,23,d100,-20.0,0.002808302640914917,0.04999997094273567,"{""backing"": 2.0, ""depth"": 50.0, ""face_h"": 60.0, ""face_w"": 60.0, ""margin_depths"": 2.0, ""nu"": 4, ""nv"": 6, ""open_frac"": 0.35, ""pitch"": 17.67, ""seed"": 23, ""wall"": 0.5}"
PF_p1767_o35,perf,perforated pyramid,perforated pyramid,17.67,0.35,0.5,0.05659,23,d100,20.0,0.0024035333190113306,0.04999997094273567,"{""backing"": 2.0, ""depth"": 50.0, ""face_h"": 60.0, ""face_w"": 60.0, ""margin_depths"": 2.0, ""nu"": 4, ""nv"": 6, ""open_frac"": 0.35, ""pitch"": 17.67, ""seed"": 23, ""wall"": 0.5}"
PF_p1767_o35,perf,perforated pyramid,perforated pyramid,17.67,0.35,0.5,0.05659,23,d100,-40.0,0.0033404019195586443,0.04999997094273567,"{""backing"": 2.0, ""depth"": 50.0, ""face_h"": 60.0, ""face_w"": 60.0, ""margin_depths"": 2.0, ""nu"": 4, ""nv"": 6, ""open_frac"": 0.35, ""pitch"": 17.67, ""seed"": 23, ""wall"": 0.5}"
PF_p1767_o35,perf,perforated pyramid,perforated pyramid,17.67,0.35,0.5,0.05659,23,d100,40.0,0.002733259228989482,0.04999997094273567,"{""backing"": 2.0, ""depth"": 50.0, ""face_h"": 60.0, ""face_w"": 60.0, ""margin_depths"": 2.0, ""nu"": 4, ""nv"": 6, ""open_frac"": 0.35, ""pitch"": 17.67, ""seed"": 23, ""wall"": 0.5}"
PF_p1767_o55,perf,perforated pyramid,perforated pyramid,17.67,0.55,0.5,0.05659,23,d00,0.0,0.002689549932256341,0.04999997094273567,"{""backing"": 2.0, ""depth"": 50.0, ""face_h"": 60.0, ""face_w"": 60.0, ""margin_depths"": 2.0, ""nu"": 4, ""nv"": 6, ""open_frac"": 0.55, ""pitch"": 17.67, ""seed"": 23, ""wall"": 0.5}"
PF_p1767_o55,perf,perforated pyramid,perforated pyramid,17.67,0.55,0.5,0.05659,23,d00,-20.0,0.002130126813426614,0.04999997094273567,"{""backing"": 2.0, ""depth"": 50.0, ""face_h"": 60.0, ""face_w"": 60.0, ""margin_depths"": 2.0, ""nu"": 4, ""nv"": 6, ""open_frac"": 0.55, ""pitch"": 17.67, ""seed"": 23, ""wall"": 0.5}"
PF_p1767_o55,perf,perforated pyramid,perforated pyramid,17.67,0.55,0.5,0.05659,23,d00,20.0,0.0020310140680521727,0.04999997094273567,"{""backing"": 2.0, ""depth"": 50.0, ""face_h"": 60.0, ""face_w"": 60.0, ""margin_depths"": 2.0, ""nu"": 4, ""nv"": 6, ""open_frac"": 0.55, ""pitch"": 17.67, ""seed"": 23, ""wall"": 0.5}"
PF_p1767_o55,perf,perforated pyramid,perforated pyramid,17.67,0.55,0.5,0.05659,23,d00,-40.0,0.0026156571693718433,0.04999997094273567,"{""backing"": 2.0, ""depth"": 50.0, ""face_h"": 60.0, ""face_w"": 60.0, ""margin_depths"": 2.0, ""nu"": 4, ""nv"": 6, ""open_frac"": 0.55, ""pitch"": 17.67, ""seed"": 23, ""wall"": 0.5}"
PF_p1767_o55,perf,perforated pyramid,perforated pyramid,17.67,0.55,0.5,0.05659,23,d00,40.0,0.0026824709493666887,0.04999997094273567,"{""backing"": 2.0, ""depth"": 50.0, ""face_h"": 60.0, ""face_w"": 60.0, ""margin_depths"": 2.0, ""nu"": 4, ""nv"": 6, ""open_frac"": 0.55, ""pitch"": 17.67, ""seed"": 23, ""wall"": 0.5}"
PF_p1767_o55,perf,perforated pyramid,perforated pyramid,17.67,0.55,0.5,0.05659,23,d76,0.0,0.0026490013115108013,0.04999997094273567,"{""backing"": 2.0, ""depth"": 50.0, ""face_h"": 60.0, ""face_w"": 60.0, ""margin_depths"": 2.0, ""nu"": 4, ""nv"": 6, ""open_frac"": 0.55, ""pitch"": 17.67, ""seed"": 23, ""wall"": 0.5}"
PF_p1767_o55,perf,perforated pyramid,perforated pyramid,17.67,0.55,0.5,0.05659,23,d76,-20.0,0.002665987005457282,0.04999997094273567,"{""backing"": 2.0, ""depth"": 50.0, ""face_h"": 60.0, ""face_w"": 60.0, ""margin_depths"": 2.0, ""nu"": 4, ""nv"": 6, ""open_frac"": 0.55, ""pitch"": 17.67, ""seed"": 23, ""wall"": 0.5}"
PF_p1767_o55,perf,perforated pyramid,perforated pyramid,17.67,0.55,0.5,0.05659,23,d76,20.0,0.0023824493400752544,0.04999997094273567,"{""backing"": 2.0, ""depth"": 50.0, ""face_h"": 60.0, ""face_w"": 60.0, ""margin_depths"": 2.0, ""nu"": 4, ""nv"": 6, ""open_frac"": 0.55, ""pitch"": 17.67, ""seed"": 23, ""wall"": 0.5}"
PF_p1767_o55,perf,perforated pyramid,perforated pyramid,17.67,0.55,0.5,0.05659,23,d76,-40.0,0.0030166683718562126,0.04999997094273567,"{""backing"": 2.0, ""depth"": 50.0, ""face_h"": 60.0, ""face_w"": 60.0, ""margin_depths"": 2.0, ""nu"": 4, ""nv"": 6, ""open_frac"": 0.55, ""pitch"": 17.67, ""seed"": 23, ""wall"": 0.5}"
PF_p1767_o55,perf,perforated pyramid,perforated pyramid,17.67,0.55,0.5,0.05659,23,d76,40.0,0.0026771118864417076,0.04999997094273567,"{""backing"": 2.0, ""depth"": 50.0, ""face_h"": 60.0, ""face_w"": 60.0, ""margin_depths"": 2.0, ""nu"": 4, ""nv"": 6, ""open_frac"": 0.55, ""pitch"": 17.67, ""seed"": 23, ""wall"": 0.5}"
PF_p1767_o55,perf,perforated pyramid,perforated pyramid,17.67,0.55,0.5,0.05659,23,d100,0.0,0.0026704880874603987,0.04999997094273567,"{""backing"": 2.0, ""depth"": 50.0, ""face_h"": 60.0, ""face_w"": 60.0, ""margin_depths"": 2.0, ""nu"": 4, ""nv"": 6, ""open_frac"": 0.55, ""pitch"": 17.67, ""seed"": 23, ""wall"": 0.5}"
PF_p1767_o55,perf,perforated pyramid,perforated pyramid,17.67,0.55,0.5,0.05659,23,d100,-20.0,0.0028556324541568756,0.04999997094273567,"{""backing"": 2.0, ""depth"": 50.0, ""face_h"": 60.0, ""face_w"": 60.0, ""margin_depths"": 2.0, ""nu"": 4, ""nv"": 6, ""open_frac"": 0.55, ""pitch"": 17.67, ""seed"": 23, ""wall"": 0.5}"
PF_p1767_o55,perf,perforated pyramid,perforated pyramid,17.67,0.55,0.5,0.05659,23,d100,20.0,0.002524586161598563,0.04999997094273567,"{""backing"": 2.0, ""depth"": 50.0, ""face_h"": 60.0, ""face_w"": 60.0, ""margin_depths"": 2.0, ""nu"": 4, ""nv"": 6, ""open_frac"": 0.55, ""pitch"": 17.67, ""seed"": 23, ""wall"": 0.5}"
PF_p1767_o55,perf,perforated pyramid,perforated pyramid,17.67,0.55,0.5,0.05659,23,d100,-40.0,0.0031960138585418463,0.04999997094273567,"{""backing"": 2.0, ""depth"": 50.0, ""face_h"": 60.0, ""face_w"": 60.0, ""margin_depths"": 2.0, ""nu"": 4, ""nv"": 6, ""open_frac"": 0.55, ""pitch"": 17.67, ""seed"": 23, ""wall"": 0.5}"
PF_p1767_o55,perf,perforated pyramid,perforated pyramid,17.67,0.55,0.5,0.05659,23,d100,40.0,0.0026983304414898157,0.04999997094273567,"{""backing"": 2.0, ""depth"": 50.0, ""face_h"": 60.0, ""face_w"": 60.0, ""margin_depths"": 2.0, ""nu"": 4, ""nv"": 6, ""open_frac"": 0.55, ""pitch"": 17.67, ""seed"": 23, ""wall"": 0.5}"
PF_p1767_o70,perf,perforated pyramid,perforated pyramid,17.67,0.7,0.5,0.05659,23,d00,0.0,0.003916767425835133,0.04999997094273567,"{""backing"": 2.0, ""depth"": 50.0, ""face_h"": 60.0, ""face_w"": 60.0, ""margin_depths"": 2.0, ""nu"": 4, ""nv"": 6, ""open_frac"": 0.7, ""pitch"": 17.67, ""seed"": 23, ""wall"": 0.5}"
PF_p1767_o70,perf,perforated pyramid,perforated pyramid,17.67,0.7,0.5,0.05659,23,d00,-20.0,0.003115402301773429,0.04999997094273567,"{""backing"": 2.0, ""depth"": 50.0, ""face_h"": 60.0, ""face_w"": 60.0, ""margin_depths"": 2.0, ""nu"": 4, ""nv"": 6, ""open_frac"": 0.7, ""pitch"": 17.67, ""seed"": 23, ""wall"": 0.5}"
PF_p1767_o70,perf,perforated pyramid,perforated pyramid,17.67,0.7,0.5,0.05659,23,d00,20.0,0.00303387688472867,0.04999997094273567,"{""backing"": 2.0, ""depth"": 50.0, ""face_h"": 60.0, ""face_w"": 60.0, ""margin_depths"": 2.0, ""nu"": 4, ""nv"": 6, ""open_frac"": 0.7, ""pitch"": 17.67, ""seed"": 23, ""wall"": 0.5}"
PF_p1767_o70,perf,perforated pyramid,perforated pyramid,17.67,0.7,0.5,0.05659,23,d00,-40.0,0.00527984369546175,0.04999997094273567,"{""backing"": 2.0, ""depth"": 50.0, ""face_h"": 60.0, ""face_w"": 60.0, ""margin_depths"": 2.0, ""nu"": 4, ""nv"": 6, ""open_frac"": 0.7, ""pitch"": 17.67, ""seed"": 23, ""wall"": 0.5}"
PF_p1767_o70,perf,perforated pyramid,perforated pyramid,17.67,0.7,0.5,0.05659,23,d00,40.0,0.0058642784133553505,0.04999997094273567,"{""backing"": 2.0, ""depth"": 50.0, ""face_h"": 60.0, ""face_w"": 60.0, ""margin_depths"": 2.0, ""nu"": 4, ""nv"": 6, ""open_frac"": 0.7, ""pitch"": 17.67, ""seed"": 23, ""wall"": 0.5}"
PF_p1767_o70,perf,perforated pyramid,perforated pyramid,17.67,0.7,0.5,0.05659,23,d76,0.0,0.003162788925692439,0.04999997094273567,"{""backing"": 2.0, ""depth"": 50.0, ""face_h"": 60.0, ""face_w"": 60.0, ""margin_depths"": 2.0, ""nu"": 4, ""nv"": 6, ""open_frac"": 0.7, ""pitch"": 17.67, ""seed"": 23, ""wall"": 0.5}"
PF_p1767_o70,perf,perforated pyramid,perforated pyramid,17.67,0.7,0.5,0.05659,23,d76,-20.0,0.003000616794452071,0.04999997094273567,"{""backing"": 2.0, ""depth"": 50.0, ""face_h"": 60.0, ""face_w"": 60.0, ""margin_depths"": 2.0, ""nu"": 4, ""nv"": 6, ""open_frac"": 0.7, ""pitch"": 17.67, ""seed"": 23, ""wall"": 0.5}"
PF_p1767_o70,perf,perforated pyramid,perforated pyramid,17.67,0.7,0.5,0.05659,23,d76,20.0,0.002828508149832487,0.04999997094273567,"{""backing"": 2.0, ""depth"": 50.0, ""face_h"": 60.0, ""face_w"": 60.0, ""margin_depths"": 2.0, ""nu"": 4, ""nv"": 6, ""open_frac"": 0.7, ""pitch"": 17.67, ""seed"": 23, ""wall"": 0.5}"
PF_p1767_o70,perf,perforated pyramid,perforated pyramid,17.67,0.7,0.5,0.05659,23,d76,-40.0,0.0036132235545665026,0.04999997094273567,"{""backing"": 2.0, ""depth"": 50.0, ""face_h"": 60.0, ""face_w"": 60.0, ""margin_depths"": 2.0, ""nu"": 4, ""nv"": 6, ""open_frac"": 0.7, ""pitch"": 17.67, ""seed"": 23, ""wall"": 0.5}"
PF_p1767_o70,perf,perforated pyramid,perforated pyramid,17.67,0.7,0.5,0.05659,23,d76,40.0,0.0035390027333050966,0.04999997094273567,"{""backing"": 2.0, ""depth"": 50.0, ""face_h"": 60.0, ""face_w"": 60.0, ""margin_depths"": 2.0, ""nu"": 4, ""nv"": 6, ""open_frac"": 0.7, ""pitch"": 17.67, ""seed"": 23, ""wall"": 0.5}"
PF_p1767_o70,perf,perforated pyramid,perforated pyramid,17.67,0.7,0.5,0.05659,23,d100,0.0,0.0029802077915519476,0.04999997094273567,"{""backing"": 2.0, ""depth"": 50.0, ""face_h"": 60.0, ""face_w"": 60.0, ""margin_depths"": 2.0, ""nu"": 4, ""nv"": 6, ""open_frac"": 0.7, ""pitch"": 17.67, ""seed"": 23, ""wall"": 0.5}"
PF_p1767_o70,perf,perforated pyramid,perforated pyramid,17.67,0.7,0.5,0.05659,23,d100,-20.0,0.003018653253093362,0.04999997094273567,"{""backing"": 2.0, ""depth"": 50.0, ""face_h"": 60.0, ""face_w"": 60.0, ""margin_depths"": 2.0, ""nu"": 4, ""nv"": 6, ""open_frac"": 0.7, ""pitch"": 17.67, ""seed"": 23, ""wall"": 0.5}"
PF_p1767_o70,perf,perforated pyramid,perforated pyramid,17.67,0.7,0.5,0.05659,23,d100,20.0,0.0027992557734251022,0.04999997094273567,"{""backing"": 2.0, ""depth"": 50.0, ""face_h"": 60.0, ""face_w"": 60.0, ""margin_depths"": 2.0, ""nu"": 4, ""nv"": 6, ""open_frac"": 0.7, ""pitch"": 17.67, ""seed"": 23, ""wall"": 0.5}"
PF_p1767_o70,perf,perforated pyramid,perforated pyramid,17.67,0.7,0.5,0.05659,23,d100,-40.0,0.003182757878676057,0.04999997094273567,"{""backing"": 2.0, ""depth"": 50.0, ""face_h"": 60.0, ""face_w"": 60.0, ""margin_depths"": 2.0, ""nu"": 4, ""nv"": 6, ""open_frac"": 0.7, ""pitch"": 17.67, ""seed"": 23, ""wall"": 0.5}"
PF_p1767_o70,perf,perforated pyramid,perforated pyramid,17.67,0.7,0.5,0.05659,23,d100,40.0,0.0028764468152076006,0.04999997094273567,"{""backing"": 2.0, ""depth"": 50.0, ""face_h"": 60.0, ""face_w"": 60.0, ""margin_depths"": 2.0, ""nu"": 4, ""nv"": 6, ""open_frac"": 0.7, ""pitch"": 17.67, ""seed"": 23, ""wall"": 0.5}"
SP_p1767,floor,pyramid,solid pyramid,17.67,0.0,0.0,0.0,23,d00,0.0,0.002143154153600335,0.04999997094273567,"{""backing"": 2.0, ""depth"": 50.0, ""face_h"": 60.0, ""face_w"": 60.0, ""kind"": ""pyramid"", ""margin_depths"": 2.0, ""pitch"": 17.67, ""tip_flat"": 0.0}"
SP_p1767,floor,pyramid,solid pyramid,17.67,0.0,0.0,0.0,23,d00,-20.0,0.0021267503034323454,0.04999997094273567,"{""backing"": 2.0, ""depth"": 50.0, ""face_h"": 60.0, ""face_w"": 60.0, ""kind"": ""pyramid"", ""margin_depths"": 2.0, ""pitch"": 17.67, ""tip_flat"": 0.0}"
SP_p1767,floor,pyramid,solid pyramid,17.67,0.0,0.0,0.0,23,d00,20.0,0.002280488843098283,0.04999997094273567,"{""backing"": 2.0, ""depth"": 50.0, ""face_h"": 60.0, ""face_w"": 60.0, ""kind"": ""pyramid"", ""margin_depths"": 2.0, ""pitch"": 17.67, ""tip_flat"": 0.0}"
SP_p1767,floor,pyramid,solid pyramid,17.67,0.0,0.0,0.0,23,d00,-40.0,0.002017687540501356,0.04999997094273567,"{""backing"": 2.0, ""depth"": 50.0, ""face_h"": 60.0, ""face_w"": 60.0, ""kind"": ""pyramid"", ""margin_depths"": 2.0, ""pitch"": 17.67, ""tip_flat"": 0.0}"
SP_p1767,floor,pyramid,solid pyramid,17.67,0.0,0.0,0.0,23,d00,40.0,0.0019797298591583967,0.04999997094273567,"{""backing"": 2.0, ""depth"": 50.0, ""face_h"": 60.0, ""face_w"": 60.0, ""kind"": ""pyramid"", ""margin_depths"": 2.0, ""pitch"": 17.67, ""tip_flat"": 0.0}"
SP_p1767,floor,pyramid,solid pyramid,17.67,0.0,0.0,0.0,23,d76,0.0,0.0016719737323001027,0.04999997094273567,"{""backing"": 2.0, ""depth"": 50.0, ""face_h"": 60.0, ""face_w"": 60.0, ""kind"": ""pyramid"", ""margin_depths"": 2.0, ""pitch"": 17.67, ""tip_flat"": 0.0}"
SP_p1767,floor,pyramid,solid pyramid,17.67,0.0,0.0,0.0,23,d76,-20.0,0.0019887927919626236,0.04999997094273567,"{""backing"": 2.0, ""depth"": 50.0, ""face_h"": 60.0, ""face_w"": 60.0, ""kind"": ""pyramid"", ""margin_depths"": 2.0, ""pitch"": 17.67, ""tip_flat"": 0.0}"
SP_p1767,floor,pyramid,solid pyramid,17.67,0.0,0.0,0.0,23,d76,20.0,0.002168819075450301,0.04999997094273567,"{""backing"": 2.0, ""depth"": 50.0, ""face_h"": 60.0, ""face_w"": 60.0, ""kind"": ""pyramid"", ""margin_depths"": 2.0, ""pitch"": 17.67, ""tip_flat"": 0.0}"
SP_p1767,floor,pyramid,solid pyramid,17.67,0.0,0.0,0.0,23,d76,-40.0,0.0023198837880045176,0.04999997094273567,"{""backing"": 2.0, ""depth"": 50.0, ""face_h"": 60.0, ""face_w"": 60.0, ""kind"": ""pyramid"", ""margin_depths"": 2.0, ""pitch"": 17.67, ""tip_flat"": 0.0}"
SP_p1767,floor,pyramid,solid pyramid,17.67,0.0,0.0,0.0,23,d76,40.0,0.0023093675263226032,0.04999997094273567,"{""backing"": 2.0, ""depth"": 50.0, ""face_h"": 60.0, ""face_w"": 60.0, ""kind"": ""pyramid"", ""margin_depths"": 2.0, ""pitch"": 17.67, ""tip_flat"": 0.0}"
SP_p1767,floor,pyramid,solid pyramid,17.67,0.0,0.0,0.0,23,d100,0.0,0.0016315815737470984,0.04999997094273567,"{""backing"": 2.0, ""depth"": 50.0, ""face_h"": 60.0, ""face_w"": 60.0, ""kind"": ""pyramid"", ""margin_depths"": 2.0, ""pitch"": 17.67, ""tip_flat"": 0.0}"
SP_p1767,floor,pyramid,solid pyramid,17.67,0.0,0.0,0.0,23,d100,-20.0,0.0021073659881949425,0.04999997094273567,"{""backing"": 2.0, ""depth"": 50.0, ""face_h"": 60.0, ""face_w"": 60.0, ""kind"": ""pyramid"", ""margin_depths"": 2.0, ""pitch"": 17.67, ""tip_flat"": 0.0}"
SP_p1767,floor,pyramid,solid pyramid,17.67,0.0,0.0,0.0,23,d100,20.0,0.0022370286751538515,0.04999997094273567,"{""backing"": 2.0, ""depth"": 50.0, ""face_h"": 60.0, ""face_w"": 60.0, ""kind"": ""pyramid"", ""margin_depths"": 2.0, ""pitch"": 17.67, ""tip_flat"": 0.0}"
SP_p1767,floor,pyramid,solid pyramid,17.67,0.0,0.0,0.0,23,d100,-40.0,0.00252539967186749,0.04999997094273567,"{""backing"": 2.0, ""depth"": 50.0, ""face_h"": 60.0, ""face_w"": 60.0, ""kind"": ""pyramid"", ""margin_depths"": 2.0, ""pitch"": 17.67, ""tip_flat"": 0.0}"
SP_p1767,floor,pyramid,solid pyramid,17.67,0.0,0.0,0.0,23,d100,40.0,0.0025166706182062626,0.04999997094273567,"{""backing"": 2.0, ""depth"": 50.0, ""face_h"": 60.0, ""face_w"": 60.0, ""kind"": ""pyramid"", ""margin_depths"": 2.0, ""pitch"": 17.67, ""tip_flat"": 0.0}"
