surface,kind,theta_in,theta_out,delta_phi,brdf,beta,weight,samples,params_json
panel,"honeycomb 6.4/64/0.03, Musou to 15 %",30.0,30.0,135.0,6.027946251441253e-05,0.00018937351659761972,0.08980216402279576,128,"{""backing"": 2.0, ""cell_lean_domain"": 16.0, ""depth"": 64.0, ""face_h"": 60.0, ""face_w"": 60.0, ""jitter"": 0.3, ""margin_depths"": 6.5, ""pitch"": 6.4, ""seed"": 23, ""topology"": ""honeycomb"", ""wall_bot"": 0.03, ""wall_top"": 0.03}"
panel,"honeycomb 6.4/64/0.03, Musou to 15 %",30.0,30.0,180.0,0.00027614936618149225,0.0008675488200892537,0.04903986517365248,128,"{""backing"": 2.0, ""cell_lean_domain"": 16.0, ""depth"": 64.0, ""face_h"": 60.0, ""face_w"": 60.0, ""jitter"": 0.3, ""margin_depths"": 6.5, ""pitch"": 6.4, ""seed"": 23, ""topology"": ""honeycomb"", ""wall_bot"": 0.03, ""wall_top"": 0.03}"
panel,"honeycomb 6.4/64/0.03, Musou to 15 %",40.0,20.0,135.0,5.2284897027873886e-05,0.0001642578483964674,0.04586825731507714,128,"{""backing"": 2.0, ""cell_lean_domain"": 16.0, ""depth"": 64.0, ""face_h"": 60.0, ""face_w"": 60.0, ""jitter"": 0.3, ""margin_depths"": 6.5, ""pitch"": 6.4, ""seed"": 23, ""topology"": ""honeycomb"", ""wall_bot"": 0.03, ""wall_top"": 0.03}"
panel,"honeycomb 6.4/64/0.03, Musou to 15 %",20.0,30.0,180.0,0.00011582605574975698,0.00036387828583771834,0.041906113948311736,128,"{""backing"": 2.0, ""cell_lean_domain"": 16.0, ""depth"": 64.0, ""face_h"": 60.0, ""face_w"": 60.0, ""jitter"": 0.3, ""margin_depths"": 6.5, ""pitch"": 6.4, ""seed"": 23, ""topology"": ""honeycomb"", ""wall_bot"": 0.03, ""wall_top"": 0.03}"
panel,"honeycomb 6.4/64/0.03, Musou to 15 %",40.0,20.0,90.0,0.0001950260934891611,0.0006126925425638647,0.03920226687773712,128,"{""backing"": 2.0, ""cell_lean_domain"": 16.0, ""depth"": 64.0, ""face_h"": 60.0, ""face_w"": 60.0, ""jitter"": 0.3, ""margin_depths"": 6.5, ""pitch"": 6.4, ""seed"": 23, ""topology"": ""honeycomb"", ""wall_bot"": 0.03, ""wall_top"": 0.03}"
panel,"honeycomb 6.4/64/0.03, Musou to 15 %",30.0,40.0,135.0,5.6977935603100446e-05,0.00017900146390741268,0.03810885104589144,128,"{""backing"": 2.0, ""cell_lean_domain"": 16.0, ""depth"": 64.0, ""face_h"": 60.0, ""face_w"": 60.0, ""jitter"": 0.3, ""margin_depths"": 6.5, ""pitch"": 6.4, ""seed"": 23, ""topology"": ""honeycomb"", ""wall_bot"": 0.03, ""wall_top"": 0.03}"
panel,"honeycomb 6.4/64/0.03, Musou to 15 %",30.0,20.0,135.0,6.384749199039053e-05,0.00020058281178714403,0.03718993871886821,128,"{""backing"": 2.0, ""cell_lean_domain"": 16.0, ""depth"": 64.0, ""face_h"": 60.0, ""face_w"": 60.0, ""jitter"": 0.3, ""margin_depths"": 6.5, ""pitch"": 6.4, ""seed"": 23, ""topology"": ""honeycomb"", ""wall_bot"": 0.03, ""wall_top"": 0.03}"
panel,"honeycomb 6.4/64/0.03, Musou to 15 %",30.0,20.0,180.0,0.00011266559180336732,0.0003539493955218052,0.0325087219684843,128,"{""backing"": 2.0, ""cell_lean_domain"": 16.0, ""depth"": 64.0, ""face_h"": 60.0, ""face_w"": 60.0, ""jitter"": 0.3, ""margin_depths"": 6.5, ""pitch"": 6.4, ""seed"": 23, ""topology"": ""honeycomb"", ""wall_bot"": 0.03, ""wall_top"": 0.03}"
panel,"honeycomb 6.4/64/0.03, Musou to 15 %",30.0,40.0,180.0,0.00013428880233987253,0.00042188071489031537,0.02855556638916506,128,"{""backing"": 2.0, ""cell_lean_domain"": 16.0, ""depth"": 64.0, ""face_h"": 60.0, ""face_w"": 60.0, ""jitter"": 0.3, ""margin_depths"": 6.5, ""pitch"": 6.4, ""seed"": 23, ""topology"": ""honeycomb"", ""wall_bot"": 0.03, ""wall_top"": 0.03}"
panel,"honeycomb 6.4/64/0.03, Musou to 15 %",40.0,30.0,135.0,5.640077298676086e-05,0.00017718825407199356,0.026288766942937164,128,"{""backing"": 2.0, ""cell_lean_domain"": 16.0, ""depth"": 64.0, ""face_h"": 60.0, ""face_w"": 60.0, ""jitter"": 0.3, ""margin_depths"": 6.5, ""pitch"": 6.4, ""seed"": 23, ""topology"": ""honeycomb"", ""wall_bot"": 0.03, ""wall_top"": 0.03}"
panel,"honeycomb 6.4/64/0.03, Musou to 15 %",50.0,20.0,45.0,0.0005496536453589555,0.001726787854278544,0.023237329303576103,128,"{""backing"": 2.0, ""cell_lean_domain"": 16.0, ""depth"": 64.0, ""face_h"": 60.0, ""face_w"": 60.0, ""jitter"": 0.3, ""margin_depths"": 6.5, ""pitch"": 6.4, ""seed"": 23, ""topology"": ""honeycomb"", ""wall_bot"": 0.03, ""wall_top"": 0.03}"
panel,"honeycomb 6.4/64/0.03, Musou to 15 %",40.0,10.0,135.0,4.364584082580845e-05,0.00013711745289810928,0.020070418046821897,128,"{""backing"": 2.0, ""cell_lean_domain"": 16.0, ""depth"": 64.0, ""face_h"": 60.0, ""face_w"": 60.0, ""jitter"": 0.3, ""margin_depths"": 6.5, ""pitch"": 6.4, ""seed"": 23, ""topology"": ""honeycomb"", ""wall_bot"": 0.03, ""wall_top"": 0.03}"
panel,"honeycomb 6.4/64/0.03, Musou to 15 %",40.0,20.0,180.0,4.338019024457879e-05,0.00013628288698369634,0.019888654657046135,128,"{""backing"": 2.0, ""cell_lean_domain"": 16.0, ""depth"": 64.0, ""face_h"": 60.0, ""face_w"": 60.0, ""jitter"": 0.3, ""margin_depths"": 6.5, ""pitch"": 6.4, ""seed"": 23, ""topology"": ""honeycomb"", ""wall_bot"": 0.03, ""wall_top"": 0.03}"
panel,"honeycomb 6.4/64/0.03, Musou to 15 %",50.0,30.0,45.0,0.0008228473032751293,0.0025850510429953188,0.018715149092180916,128,"{""backing"": 2.0, ""cell_lean_domain"": 16.0, ""depth"": 64.0, ""face_h"": 60.0, ""face_w"": 60.0, ""jitter"": 0.3, ""margin_depths"": 6.5, ""pitch"": 6.4, ""seed"": 23, ""topology"": ""honeycomb"", ""wall_bot"": 0.03, ""wall_top"": 0.03}"
panel,"honeycomb 6.4/64/0.03, Musou to 15 %",40.0,30.0,90.0,0.0002536444872469822,0.0007968476577586693,0.0176018495078825,128,"{""backing"": 2.0, ""cell_lean_domain"": 16.0, ""depth"": 64.0, ""face_h"": 60.0, ""face_w"": 60.0, ""jitter"": 0.3, ""margin_depths"": 6.5, ""pitch"": 6.4, ""seed"": 23, ""topology"": ""honeycomb"", ""wall_bot"": 0.03, ""wall_top"": 0.03}"
panel,"honeycomb 6.4/64/0.03, Musou to 15 %",50.0,20.0,90.0,0.0002030470540406873,0.0006378911333072729,0.016456710110281308,128,"{""backing"": 2.0, ""cell_lean_domain"": 16.0, ""depth"": 64.0, ""face_h"": 60.0, ""face_w"": 60.0, ""jitter"": 0.3, ""margin_depths"": 6.5, ""pitch"": 6.4, ""seed"": 23, ""topology"": ""honeycomb"", ""wall_bot"": 0.03, ""wall_top"": 0.03}"
panel,"honeycomb 6.4/64/0.03, Musou to 15 %",20.0,40.0,180.0,4.692725198834892e-05,0.000147426310099754,0.01586797988694317,128,"{""backing"": 2.0, ""cell_lean_domain"": 16.0, ""depth"": 64.0, ""face_h"": 60.0, ""face_w"": 60.0, ""jitter"": 0.3, ""margin_depths"": 6.5, ""pitch"": 6.4, ""seed"": 23, ""topology"": ""honeycomb"", ""wall_bot"": 0.03, ""wall_top"": 0.03}"
panel,"honeycomb 6.4/64/0.03, Musou to 15 %",60.0,40.0,0.0,0.0017098804347384518,0.005371747812291242,0.015127637635600414,128,"{""backing"": 2.0, ""cell_lean_domain"": 16.0, ""depth"": 64.0, ""face_h"": 60.0, ""face_w"": 60.0, ""jitter"": 0.3, ""margin_depths"": 6.5, ""pitch"": 6.4, ""seed"": 23, ""topology"": ""honeycomb"", ""wall_bot"": 0.03, ""wall_top"": 0.03}"
panel,"honeycomb 6.4/64/0.03, Musou to 15 %",40.0,40.0,135.0,5.919336106533023e-05,0.00018596142826412954,0.015052748332916737,128,"{""backing"": 2.0, ""cell_lean_domain"": 16.0, ""depth"": 64.0, ""face_h"": 60.0, ""face_w"": 60.0, ""jitter"": 0.3, ""margin_depths"": 6.5, ""pitch"": 6.4, ""seed"": 23, ""topology"": ""honeycomb"", ""wall_bot"": 0.03, ""wall_top"": 0.03}"
panel,"honeycomb 6.4/64/0.03, Musou to 15 %",20.0,30.0,135.0,6.541063221275072e-05,0.00020549356162624156,0.01441407588054091,128,"{""backing"": 2.0, ""cell_lean_domain"": 16.0, ""depth"": 64.0, ""face_h"": 60.0, ""face_w"": 60.0, ""jitter"": 0.3, ""margin_depths"": 6.5, ""pitch"": 6.4, ""seed"": 23, ""topology"": ""honeycomb"", ""wall_bot"": 0.03, ""wall_top"": 0.03}"
panel,"honeycomb 6.4/64/0.03, Musou to 15 %",30.0,30.0,90.0,0.00022843808663150608,0.0007176594147616483,0.013002230044357195,128,"{""backing"": 2.0, ""cell_lean_domain"": 16.0, ""depth"": 64.0, ""face_h"": 60.0, ""face_w"": 60.0, ""jitter"": 0.3, ""margin_depths"": 6.5, ""pitch"": 6.4, ""seed"": 23, ""topology"": ""honeycomb"", ""wall_bot"": 0.03, ""wall_top"": 0.03}"
panel,"honeycomb 6.4/64/0.03, Musou to 15 %",20.0,40.0,135.0,5.309040267168668e-05,0.0001667884190094948,0.012914833782228729,128,"{""backing"": 2.0, ""cell_lean_domain"": 16.0, ""depth"": 64.0, ""face_h"": 60.0, ""face_w"": 60.0, ""jitter"": 0.3, ""margin_depths"": 6.5, ""pitch"": 6.4, ""seed"": 23, ""topology"": ""honeycomb"", ""wall_bot"": 0.03, ""wall_top"": 0.03}"
panel,"honeycomb 6.4/64/0.03, Musou to 15 %",40.0,10.0,90.0,0.00012704805574685583,0.00039913323858718877,0.012605493129875153,128,"{""backing"": 2.0, ""cell_lean_domain"": 16.0, ""depth"": 64.0, ""face_h"": 60.0, ""face_w"": 60.0, ""jitter"": 0.3, ""margin_depths"": 6.5, ""pitch"": 6.4, ""seed"": 23, ""topology"": ""honeycomb"", ""wall_bot"": 0.03, ""wall_top"": 0.03}"
panel,"honeycomb 6.4/64/0.03, Musou to 15 %",50.0,10.0,45.0,0.00030044517800049676,0.0009438763640128384,0.01235977768220056,128,"{""backing"": 2.0, ""cell_lean_domain"": 16.0, ""depth"": 64.0, ""face_h"": 60.0, ""face_w"": 60.0, ""jitter"": 0.3, ""margin_depths"": 6.5, ""pitch"": 6.4, ""seed"": 23, ""topology"": ""honeycomb"", ""wall_bot"": 0.03, ""wall_top"": 0.03}"
panel,"honeycomb 6.4/64/0.03, Musou to 15 %",60.0,40.0,45.0,0.001179081457962129,0.003704193646317767,0.012064804142813579,128,"{""backing"": 2.0, ""cell_lean_domain"": 16.0, ""depth"": 64.0, ""face_h"": 60.0, ""face_w"": 60.0, ""jitter"": 0.3, ""margin_depths"": 6.5, ""pitch"": 6.4, ""seed"": 23, ""topology"": ""honeycomb"", ""wall_bot"": 0.03, ""wall_top"": 0.03}"
panel,"honeycomb 6.4/64/0.03, Musou to 15 %",40.0,30.0,180.0,0.00012447603064424988,0.00039105298341999336,0.011976684092712376,128,"{""backing"": 2.0, ""cell_lean_domain"": 16.0, ""depth"": 64.0, ""face_h"": 60.0, ""face_w"": 60.0, ""jitter"": 0.3, ""margin_depths"": 6.5, ""pitch"": 6.4, ""seed"": 23, ""topology"": ""honeycomb"", ""wall_bot"": 0.03, ""wall_top"": 0.03}"
panel,"honeycomb 6.4/64/0.03, Musou to 15 %",30.0,20.0,90.0,0.00020208988526259182,0.0006348840989057627,0.011128701782599431,128,"{""backing"": 2.0, ""cell_lean_domain"": 16.0, ""depth"": 64.0, ""face_h"": 60.0, ""face_w"": 60.0, ""jitter"": 0.3, ""margin_depths"": 6.5, ""pitch"": 6.4, ""seed"": 23, ""topology"": ""honeycomb"", ""wall_bot"": 0.03, ""wall_top"": 0.03}"
panel,"honeycomb 6.4/64/0.03, Musou to 15 %",50.0,30.0,90.0,0.00027624762104322387,0.0008678574968410493,0.011110070335918924,128,"{""backing"": 2.0, ""cell_lean_domain"": 16.0, ""depth"": 64.0, ""face_h"": 60.0, ""face_w"": 60.0, ""jitter"": 0.3, ""margin_depths"": 6.5, ""pitch"": 6.4, ""seed"": 23, ""topology"": ""honeycomb"", ""wall_bot"": 0.03, ""wall_top"": 0.03}"
panel,"honeycomb 6.4/64/0.03, Musou to 15 %",40.0,40.0,90.0,0.0003061637954002214,0.0009618419304245041,0.010934749910167851,128,"{""backing"": 2.0, ""cell_lean_domain"": 16.0, ""depth"": 64.0, ""face_h"": 60.0, ""face_w"": 60.0, ""jitter"": 0.3, ""margin_depths"": 6.5, ""pitch"": 6.4, ""seed"": 23, ""topology"": ""honeycomb"", ""wall_bot"": 0.03, ""wall_top"": 0.03}"
panel,"honeycomb 6.4/64/0.03, Musou to 15 %",30.0,10.0,135.0,5.4747300859660017e-05,0.00017199371818457808,0.01054566432731682,128,"{""backing"": 2.0, ""cell_lean_domain"": 16.0, ""depth"": 64.0, ""face_h"": 60.0, ""face_w"": 60.0, ""jitter"": 0.3, ""margin_depths"": 6.5, ""pitch"": 6.4, ""seed"": 23, ""topology"": ""honeycomb"", ""wall_bot"": 0.03, ""wall_top"": 0.03}"
panel,"honeycomb 6.4/64/0.03, Musou to 15 %",50.0,10.0,90.0,0.00012660433178242014,0.0003977392386402959,0.010500508207897304,128,"{""backing"": 2.0, ""cell_lean_domain"": 16.0, ""depth"": 64.0, ""face_h"": 60.0, ""face_w"": 60.0, ""jitter"": 0.3, ""margin_depths"": 6.5, ""pitch"": 6.4, ""seed"": 23, ""topology"": ""honeycomb"", ""wall_bot"": 0.03, ""wall_top"": 0.03}"
panel,"honeycomb 6.4/64/0.03, Musou to 15 %",40.0,10.0,180.0,3.037023766032573e-05,9.541091552145538e-05,0.010220536380538159,128,"{""backing"": 2.0, ""cell_lean_domain"": 16.0, ""depth"": 64.0, ""face_h"": 60.0, ""face_w"": 60.0, ""jitter"": 0.3, ""margin_depths"": 6.5, ""pitch"": 6.4, ""seed"": 23, ""topology"": ""honeycomb"", ""wall_bot"": 0.03, ""wall_top"": 0.03}"
panel,"honeycomb 6.4/64/0.03, Musou to 15 %",60.0,30.0,45.0,0.0008387297210639611,0.0026349471300419567,0.01011767031256963,128,"{""backing"": 2.0, ""cell_lean_domain"": 16.0, ""depth"": 64.0, ""face_h"": 60.0, ""face_w"": 60.0, ""jitter"": 0.3, ""margin_depths"": 6.5, ""pitch"": 6.4, ""seed"": 23, ""topology"": ""honeycomb"", ""wall_bot"": 0.03, ""wall_top"": 0.03}"
panel,"honeycomb 6.4/64/0.03, Musou to 15 %",70.0,60.0,0.0,0.0035311312400825028,0.011093375962704606,0.009931226964234218,128,"{""backing"": 2.0, ""cell_lean_domain"": 16.0, ""depth"": 64.0, ""face_h"": 60.0, ""face_w"": 60.0, ""jitter"": 0.3, ""margin_depths"": 6.5, ""pitch"": 6.4, ""seed"": 23, ""topology"": ""honeycomb"", ""wall_bot"": 0.03, ""wall_top"": 0.03}"
panel,"honeycomb 6.4/64/0.03, Musou to 15 %",40.0,20.0,45.0,0.0005501147898077556,0.0017282365822911382,0.009809334400284017,128,"{""backing"": 2.0, ""cell_lean_domain"": 16.0, ""depth"": 64.0, ""face_h"": 60.0, ""face_w"": 60.0, ""jitter"": 0.3, ""margin_depths"": 6.5, ""pitch"": 6.4, ""seed"": 23, ""topology"": ""honeycomb"", ""wall_bot"": 0.03, ""wall_top"": 0.03}"
panel,"honeycomb 6.4/64/0.03, Musou to 15 %",60.0,30.0,0.0,0.0011787031420814212,0.003703005131926199,0.009605743480525432,128,"{""backing"": 2.0, ""cell_lean_domain"": 16.0, ""depth"": 64.0, ""face_h"": 60.0, ""face_w"": 60.0, ""jitter"": 0.3, ""margin_depths"": 6.5, ""pitch"": 6.4, ""seed"": 23, ""topology"": ""honeycomb"", ""wall_bot"": 0.03, ""wall_top"": 0.03}"
panel,"honeycomb 6.4/64/0.03, Musou to 15 %",60.0,50.0,0.0,0.0024289771281409806,0.007630856701505338,0.008984812838706176,128,"{""backing"": 2.0, ""cell_lean_domain"": 16.0, ""depth"": 64.0, ""face_h"": 60.0, ""face_w"": 60.0, ""jitter"": 0.3, ""margin_depths"": 6.5, ""pitch"": 6.4, ""seed"": 23, ""topology"": ""honeycomb"", ""wall_bot"": 0.03, ""wall_top"": 0.03}"
panel,"honeycomb 6.4/64/0.03, Musou to 15 %",20.0,50.0,180.0,3.430609520077008e-05,0.00010777577665609133,0.008827458854826008,128,"{""backing"": 2.0, ""cell_lean_domain"": 16.0, ""depth"": 64.0, ""face_h"": 60.0, ""face_w"": 60.0, ""jitter"": 0.3, ""margin_depths"": 6.5, ""pitch"": 6.4, ""seed"": 23, ""topology"": ""honeycomb"", ""wall_bot"": 0.03, ""wall_top"": 0.03}"
panel,"honeycomb 6.4/64/0.03, Musou to 15 %",50.0,40.0,45.0,0.0011182567463967651,0.0035131071793073018,0.008737116980262577,128,"{""backing"": 2.0, ""cell_lean_domain"": 16.0, ""depth"": 64.0, ""face_h"": 60.0, ""face_w"": 60.0, ""jitter"": 0.3, ""margin_depths"": 6.5, ""pitch"": 6.4, ""seed"": 23, ""topology"": ""honeycomb"", ""wall_bot"": 0.03, ""wall_top"": 0.03}"
panel,"honeycomb 6.4/64/0.03, Musou to 15 %",30.0,50.0,135.0,5.695323909364503e-05,0.00017892387753473823,0.00831887384279789,128,"{""backing"": 2.0, ""cell_lean_domain"": 16.0, ""depth"": 64.0, ""face_h"": 60.0, ""face_w"": 60.0, ""jitter"": 0.3, ""margin_depths"": 6.5, ""pitch"": 6.4, ""seed"": 23, ""topology"": ""honeycomb"", ""wall_bot"": 0.03, ""wall_top"": 0.03}"
panel,"honeycomb 6.4/64/0.03, Musou to 15 %",30.0,40.0,90.0,0.00025733619900349016,0.0008084455122920858,0.00783695733905917,128,"{""backing"": 2.0, ""cell_lean_domain"": 16.0, ""depth"": 64.0, ""face_h"": 60.0, ""face_w"": 60.0, ""jitter"": 0.3, ""margin_depths"": 6.5, ""pitch"": 6.4, ""seed"": 23, ""topology"": ""honeycomb"", ""wall_bot"": 0.03, ""wall_top"": 0.03}"
panel,"honeycomb 6.4/64/0.03, Musou to 15 %",50.0,20.0,0.0,0.0007644611300320343,0.0024016254700635906,0.007570351105649503,128,"{""backing"": 2.0, ""cell_lean_domain"": 16.0, ""depth"": 64.0, ""face_h"": 60.0, ""face_w"": 60.0, ""jitter"": 0.3, ""margin_depths"": 6.5, ""pitch"": 6.4, ""seed"": 23, ""topology"": ""honeycomb"", ""wall_bot"": 0.03, ""wall_top"": 0.03}"
panel,"honeycomb 6.4/64/0.03, Musou to 15 %",70.0,50.0,0.0,0.0024160046957267243,0.00759010260313352,0.007229610299956672,128,"{""backing"": 2.0, ""cell_lean_domain"": 16.0, ""depth"": 64.0, ""face_h"": 60.0, ""face_w"": 60.0, ""jitter"": 0.3, ""margin_depths"": 6.5, ""pitch"": 6.4, ""seed"": 23, ""topology"": ""honeycomb"", ""wall_bot"": 0.03, ""wall_top"": 0.03}"
panel,"honeycomb 6.4/64/0.03, Musou to 15 %",50.0,30.0,0.0,0.0011884138367433985,0.00373351217893752,0.006987005036625616,128,"{""backing"": 2.0, ""cell_lean_domain"": 16.0, ""depth"": 64.0, ""face_h"": 60.0, ""face_w"": 60.0, ""jitter"": 0.3, ""margin_depths"": 6.5, ""pitch"": 6.4, ""seed"": 23, ""topology"": ""honeycomb"", ""wall_bot"": 0.03, ""wall_top"": 0.03}"
panel,"honeycomb 6.4/64/0.03, Musou to 15 %",40.0,10.0,45.0,0.0003059738598288717,0.0009612452302288964,0.006908625127113288,128,"{""backing"": 2.0, ""cell_lean_domain"": 16.0, ""depth"": 64.0, ""face_h"": 60.0, ""face_w"": 60.0, ""jitter"": 0.3, ""margin_depths"": 6.5, ""pitch"": 6.4, ""seed"": 23, ""topology"": ""honeycomb"", ""wall_bot"": 0.03, ""wall_top"": 0.03}"
panel,"honeycomb 6.4/64/0.03, Musou to 15 %",40.0,30.0,45.0,0.0007892981783932149,0.00247965335873193,0.006633807936980139,128,"{""backing"": 2.0, ""cell_lean_domain"": 16.0, ""depth"": 64.0, ""face_h"": 60.0, ""face_w"": 60.0, ""jitter"": 0.3, ""margin_depths"": 6.5, ""pitch"": 6.4, ""seed"": 23, ""topology"": ""honeycomb"", ""wall_bot"": 0.03, ""wall_top"": 0.03}"
panel,"honeycomb 6.4/64/0.03, Musou to 15 %",20.0,20.0,135.0,9.436944350914542e-05,0.00029647035045168824,0.006509819558383937,128,"{""backing"": 2.0, ""cell_lean_domain"": 16.0, ""depth"": 64.0, ""face_h"": 60.0, ""face_w"": 60.0, ""jitter"": 0.3, ""margin_depths"": 6.5, ""pitch"": 6.4, ""seed"": 23, ""topology"": ""honeycomb"", ""wall_bot"": 0.03, ""wall_top"": 0.03}"
panel,"honeycomb 6.4/64/0.03, Musou to 15 %",20.0,20.0,180.0,0.0002579054634225303,0.0008102339092088922,0.0063749428876639855,128,"{""backing"": 2.0, ""cell_lean_domain"": 16.0, ""depth"": 64.0, ""face_h"": 60.0, ""face_w"": 60.0, ""jitter"": 0.3, ""margin_depths"": 6.5, ""pitch"": 6.4, ""seed"": 23, ""topology"": ""honeycomb"", ""wall_bot"": 0.03, ""wall_top"": 0.03}"
panel,"honeycomb 6.4/64/0.03, Musou to 15 %",30.0,10.0,90.0,0.00015486946745029074,0.000486536781207197,0.006123313820272432,128,"{""backing"": 2.0, ""cell_lean_domain"": 16.0, ""depth"": 64.0, ""face_h"": 60.0, ""face_w"": 60.0, ""jitter"": 0.3, ""margin_depths"": 6.5, ""pitch"": 6.4, ""seed"": 23, ""topology"": ""honeycomb"", ""wall_bot"": 0.03, ""wall_top"": 0.03}"
panel,"honeycomb 6.4/64/0.03, Musou to 15 %",60.0,50.0,45.0,0.0015847781742967524,0.004978727469940122,0.0059069558698438985,128,"{""backing"": 2.0, ""cell_lean_domain"": 16.0, ""depth"": 64.0, ""face_h"": 60.0, ""face_w"": 60.0, ""jitter"": 0.3, ""margin_depths"": 6.5, ""pitch"": 6.4, ""seed"": 23, ""topology"": ""honeycomb"", ""wall_bot"": 0.03, ""wall_top"": 0.03}"
panel,"honeycomb 6.4/64/0.03, Musou to 15 %",50.0,20.0,135.0,5.0707506144950666e-05,0.0001593023287868363,0.00589317062936428,128,"{""backing"": 2.0, ""cell_lean_domain"": 16.0, ""depth"": 64.0, ""face_h"": 60.0, ""face_w"": 60.0, ""jitter"": 0.3, ""margin_depths"": 6.5, ""pitch"": 6.4, ""seed"": 23, ""topology"": ""honeycomb"", ""wall_bot"": 0.03, ""wall_top"": 0.03}"
panel,"honeycomb 6.4/64/0.03, Musou to 15 %",40.0,40.0,180.0,0.000362193320086508,0.00113786387356307,0.005587591185609164,128,"{""backing"": 2.0, ""cell_lean_domain"": 16.0, ""depth"": 64.0, ""face_h"": 60.0, ""face_w"": 60.0, ""jitter"": 0.3, ""margin_depths"": 6.5, ""pitch"": 6.4, ""seed"": 23, ""topology"": ""honeycomb"", ""wall_bot"": 0.03, ""wall_top"": 0.03}"
panel,"honeycomb 6.4/64/0.03, Musou to 15 %",50.0,40.0,90.0,0.00034879503166351957,0.0010957719090827324,0.00555160440308923,128,"{""backing"": 2.0, ""cell_lean_domain"": 16.0, ""depth"": 64.0, ""face_h"": 60.0, ""face_w"": 60.0, ""jitter"": 0.3, ""margin_depths"": 6.5, ""pitch"": 6.4, ""seed"": 23, ""topology"": ""honeycomb"", ""wall_bot"": 0.03, ""wall_top"": 0.03}"
panel,"honeycomb 6.4/64/0.03, Musou to 15 %",30.0,50.0,180.0,5.5783242094451146e-05,0.00017524822355734863,0.005447559654989786,128,"{""backing"": 2.0, ""cell_lean_domain"": 16.0, ""depth"": 64.0, ""face_h"": 60.0, ""face_w"": 60.0, ""jitter"": 0.3, ""margin_depths"": 6.5, ""pitch"": 6.4, ""seed"": 23, ""topology"": ""honeycomb"", ""wall_bot"": 0.03, ""wall_top"": 0.03}"
panel,"honeycomb 6.4/64/0.03, Musou to 15 %",60.0,20.0,0.0,0.0007619179309907959,0.0023936357746390195,0.004884628223320385,128,"{""backing"": 2.0, ""cell_lean_domain"": 16.0, ""depth"": 64.0, ""face_h"": 60.0, ""face_w"": 60.0, ""jitter"": 0.3, ""margin_depths"": 6.5, ""pitch"": 6.4, ""seed"": 23, ""topology"": ""honeycomb"", ""wall_bot"": 0.03, ""wall_top"": 0.03}"
panel,"honeycomb 6.4/64/0.03, Musou to 15 %",30.0,10.0,180.0,4.510630172605507e-05,0.0001417056261331792,0.004870668030165695,128,"{""backing"": 2.0, ""cell_lean_domain"": 16.0, ""depth"": 64.0, ""face_h"": 60.0, ""face_w"": 60.0, ""jitter"": 0.3, ""margin_depths"": 6.5, ""pitch"": 6.4, ""seed"": 23, ""topology"": ""honeycomb"", ""wall_bot"": 0.03, ""wall_top"": 0.03}"
panel,"honeycomb 6.4/64/0.03, Musou to 15 %",50.0,30.0,135.0,5.7155591103658694e-05,0.00017955958512283628,0.004539149858277916,128,"{""backing"": 2.0, ""cell_lean_domain"": 16.0, ""depth"": 64.0, ""face_h"": 60.0, ""face_w"": 60.0, ""jitter"": 0.3, ""margin_depths"": 6.5, ""pitch"": 6.4, ""seed"": 23, ""topology"": ""honeycomb"", ""wall_bot"": 0.03, ""wall_top"": 0.03}"
panel,"honeycomb 6.4/64/0.03, Musou to 15 %",50.0,10.0,0.0,0.00040405804011555893,0.0012693857704509299,0.004281568146898995,128,"{""backing"": 2.0, ""cell_lean_domain"": 16.0, ""depth"": 64.0, ""face_h"": 60.0, ""face_w"": 60.0, ""jitter"": 0.3, ""margin_depths"": 6.5, ""pitch"": 6.4, ""seed"": 23, ""topology"": ""honeycomb"", ""wall_bot"": 0.03, ""wall_top"": 0.03}"
panel,"honeycomb 6.4/64/0.03, Musou to 15 %",30.0,10.0,45.0,0.0004462536062469124,0.0014019470510232522,0.004265219936790676,128,"{""backing"": 2.0, ""cell_lean_domain"": 16.0, ""depth"": 64.0, ""face_h"": 60.0, ""face_w"": 60.0, ""jitter"": 0.3, ""margin_depths"": 6.5, ""pitch"": 6.4, ""seed"": 23, ""topology"": ""honeycomb"", ""wall_bot"": 0.03, ""wall_top"": 0.03}"
panel,"honeycomb 6.4/64/0.03, Musou to 15 %",50.0,10.0,135.0,4.1487134462718694e-05,0.00013033567684656898,0.004199247005089455,128,"{""backing"": 2.0, ""cell_lean_domain"": 16.0, ""depth"": 64.0, ""face_h"": 60.0, ""face_w"": 60.0, ""jitter"": 0.3, ""margin_depths"": 6.5, ""pitch"": 6.4, ""seed"": 23, ""topology"": ""honeycomb"", ""wall_bot"": 0.03, ""wall_top"": 0.03}"
panel,"honeycomb 6.4/64/0.03, Musou to 15 %",40.0,20.0,0.0,0.0007914787528331788,0.0024865038353731263,0.0037138693400925776,128,"{""backing"": 2.0, ""cell_lean_domain"": 16.0, ""depth"": 64.0, ""face_h"": 60.0, ""face_w"": 60.0, ""jitter"": 0.3, ""margin_depths"": 6.5, ""pitch"": 6.4, ""seed"": 23, ""topology"": ""honeycomb"", ""wall_bot"": 0.03, ""wall_top"": 0.03}"
panel,"honeycomb 6.4/64/0.03, Musou to 15 %",40.0,10.0,0.0,0.0004180396465495515,0.0013133102825093447,0.0036440800238184685,128,"{""backing"": 2.0, ""cell_lean_domain"": 16.0, ""depth"": 64.0, ""face_h"": 60.0, ""face_w"": 60.0, ""jitter"": 0.3, ""margin_depths"": 6.5, ""pitch"": 6.4, ""seed"": 23, ""topology"": ""honeycomb"", ""wall_bot"": 0.03, ""wall_top"": 0.03}"
panel,"honeycomb 6.4/64/0.03, Musou to 15 %",20.0,10.0,135.0,9.874731502988682e-05,0.0003102238394596094,0.003627401100491288,128,"{""backing"": 2.0, ""cell_lean_domain"": 16.0, ""depth"": 64.0, ""face_h"": 60.0, ""face_w"": 60.0, ""jitter"": 0.3, ""margin_depths"": 6.5, ""pitch"": 6.4, ""seed"": 23, ""topology"": ""honeycomb"", ""wall_bot"": 0.03, ""wall_top"": 0.03}"
panel,"honeycomb 6.4/64/0.03, Musou to 15 %",20.0,50.0,135.0,4.9802797877770054e-05,0.00015646010394101975,0.003540875314918916,128,"{""backing"": 2.0, ""cell_lean_domain"": 16.0, ""depth"": 64.0, ""face_h"": 60.0, ""face_w"": 60.0, ""jitter"": 0.3, ""margin_depths"": 6.5, ""pitch"": 6.4, ""seed"": 23, ""topology"": ""honeycomb"", ""wall_bot"": 0.03, ""wall_top"": 0.03}"
panel,"honeycomb 6.4/64/0.03, Musou to 15 %",60.0,20.0,45.0,0.0005539451208238534,0.0017402699220721283,0.0031400341977382115,128,"{""backing"": 2.0, ""cell_lean_domain"": 16.0, ""depth"": 64.0, ""face_h"": 60.0, ""face_w"": 60.0, ""jitter"": 0.3, ""margin_depths"": 6.5, ""pitch"": 6.4, ""seed"": 23, ""topology"": ""honeycomb"", ""wall_bot"": 0.03, ""wall_top"": 0.03}"
panel,"honeycomb 6.4/64/0.03, Musou to 15 %",50.0,40.0,0.0,0.0017176883530089222,0.005396277110969581,0.0028106985877503123,128,"{""backing"": 2.0, ""cell_lean_domain"": 16.0, ""depth"": 64.0, ""face_h"": 60.0, ""face_w"": 60.0, ""jitter"": 0.3, ""margin_depths"": 6.5, ""pitch"": 6.4, ""seed"": 23, ""topology"": ""honeycomb"", ""wall_bot"": 0.03, ""wall_top"": 0.03}"
panel,"honeycomb 6.4/64/0.03, Musou to 15 %",50.0,20.0,180.0,3.166299654026284e-05,9.947223732152879e-05,0.002453879656781088,128,"{""backing"": 2.0, ""cell_lean_domain"": 16.0, ""depth"": 64.0, ""face_h"": 60.0, ""face_w"": 60.0, ""jitter"": 0.3, ""margin_depths"": 6.5, ""pitch"": 6.4, ""seed"": 23, ""topology"": ""honeycomb"", ""wall_bot"": 0.03, ""wall_top"": 0.03}"
panel,"honeycomb 6.4/64/0.03, Musou to 15 %",30.0,20.0,45.0,0.0007532747493658765,0.0023664824187425303,0.0022894441174987797,128,"{""backing"": 2.0, ""cell_lean_domain"": 16.0, ""depth"": 64.0, ""face_h"": 60.0, ""face_w"": 60.0, ""jitter"": 0.3, ""margin_depths"": 6.5, ""pitch"": 6.4, ""seed"": 23, ""topology"": ""honeycomb"", ""wall_bot"": 0.03, ""wall_top"": 0.03}"
panel,"honeycomb 6.4/64/0.03, Musou to 15 %",50.0,0.0,135.0,2.3732191885823663e-05,7.455687968208692e-05,0.002099100074326599,128,"{""backing"": 2.0, ""cell_lean_domain"": 16.0, ""depth"": 64.0, ""face_h"": 60.0, ""face_w"": 60.0, ""jitter"": 0.3, ""margin_depths"": 6.5, ""pitch"": 6.4, ""seed"": 23, ""topology"": ""honeycomb"", ""wall_bot"": 0.03, ""wall_top"": 0.03}"
panel,"honeycomb 6.4/64/0.03, Musou to 15 %",50.0,10.0,180.0,2.7321238704389095e-05,8.58322028006819e-05,0.0020435916157630087,128,"{""backing"": 2.0, ""cell_lean_domain"": 16.0, ""depth"": 64.0, ""face_h"": 60.0, ""face_w"": 60.0, ""jitter"": 0.3, ""margin_depths"": 6.5, ""pitch"": 6.4, ""seed"": 23, ""topology"": ""honeycomb"", ""wall_bot"": 0.03, ""wall_top"": 0.03}"
panel,"honeycomb 6.4/64/0.03, Musou to 15 %",50.0,0.0,45.0,2.374033841703326e-05,7.458247276468723e-05,0.0020094302871983367,128,"{""backing"": 2.0, ""cell_lean_domain"": 16.0, ""depth"": 64.0, ""face_h"": 60.0, ""face_w"": 60.0, ""jitter"": 0.3, ""margin_depths"": 6.5, ""pitch"": 6.4, ""seed"": 23, ""topology"": ""honeycomb"", ""wall_bot"": 0.03, ""wall_top"": 0.03}"
panel,"honeycomb 6.4/64/0.03, Musou to 15 %",40.0,40.0,45.0,0.000983007692817796,0.0030882097461786395,0.001604133757983053,128,"{""backing"": 2.0, ""cell_lean_domain"": 16.0, ""depth"": 64.0, ""face_h"": 60.0, ""face_w"": 60.0, ""jitter"": 0.3, ""margin_depths"": 6.5, ""pitch"": 6.4, ""seed"": 23, ""topology"": ""honeycomb"", ""wall_bot"": 0.03, ""wall_top"": 0.03}"
flat_musou,"flat plate, its own Musou coating",30.0,30.0,135.0,0.0034547012408858518,0.010853264038714535,0.08980216402279576,128,"{""backing"": 2.0, ""bot"": ""cone"", ""bot_depth"": 1.0, ""face_h"": 100.0, ""face_w"": 100.0, ""margin_depths"": 0.0, ""top"": ""comb"", ""top_depth"": 1.0}"
flat_musou,"flat plate, its own Musou coating",30.0,30.0,180.0,0.03686828678605201,0.11582513891750264,0.04903986517365248,128,"{""backing"": 2.0, ""bot"": ""cone"", ""bot_depth"": 1.0, ""face_h"": 100.0, ""face_w"": 100.0, ""margin_depths"": 0.0, ""top"": ""comb"", ""top_depth"": 1.0}"
flat_musou,"flat plate, its own Musou coating",40.0,20.0,135.0,0.002801852789591629,0.00880228014022113,0.04586825731507714,128,"{""backing"": 2.0, ""bot"": ""cone"", ""bot_depth"": 1.0, ""face_h"": 100.0, ""face_w"": 100.0, ""margin_depths"": 0.0, ""top"": ""comb"", ""top_depth"": 1.0}"
flat_musou,"flat plate, its own Musou coating",20.0,30.0,180.0,0.013555581238174916,0.04258611443298995,0.041906113948311736,128,"{""backing"": 2.0, ""bot"": ""cone"", ""bot_depth"": 1.0, ""face_h"": 100.0, ""face_w"": 100.0, ""margin_depths"": 0.0, ""top"": ""comb"", ""top_depth"": 1.0}"
flat_musou,"flat plate, its own Musou coating",40.0,20.0,90.0,0.0024975347121527027,0.00784623670378443,0.03920226687773712,128,"{""backing"": 2.0, ""bot"": ""cone"", ""bot_depth"": 1.0, ""face_h"": 100.0, ""face_w"": 100.0, ""margin_depths"": 0.0, ""top"": ""comb"", ""top_depth"": 1.0}"
flat_musou,"flat plate, its own Musou coating",30.0,40.0,135.0,0.004752883640321473,0.014931624327801053,0.03810885104589144,128,"{""backing"": 2.0, ""bot"": ""cone"", ""bot_depth"": 1.0, ""face_h"": 100.0, ""face_w"": 100.0, ""margin_depths"": 0.0, ""top"": ""comb"", ""top_depth"": 1.0}"
flat_musou,"flat plate, its own Musou coating",30.0,20.0,135.0,0.0034819638631566397,0.010938912092558034,0.03718993871886821,128,"{""backing"": 2.0, ""bot"": ""cone"", ""bot_depth"": 1.0, ""face_h"": 100.0, ""face_w"": 100.0, ""margin_depths"": 0.0, ""top"": ""comb"", ""top_depth"": 1.0}"
flat_musou,"flat plate, its own Musou coating",30.0,20.0,180.0,0.010907247818330494,0.03426612961695038,0.0325087219684843,128,"{""backing"": 2.0, ""bot"": ""cone"", ""bot_depth"": 1.0, ""face_h"": 100.0, ""face_w"": 100.0, ""margin_depths"": 0.0, ""top"": ""comb"", ""top_depth"": 1.0}"
flat_musou,"flat plate, its own Musou coating",30.0,40.0,180.0,0.062185169226153664,0.19536047080312244,0.02855556638916506,128,"{""backing"": 2.0, ""bot"": ""cone"", ""bot_depth"": 1.0, ""face_h"": 100.0, ""face_w"": 100.0, ""margin_depths"": 0.0, ""top"": ""comb"", ""top_depth"": 1.0}"
flat_musou,"flat plate, its own Musou coating",40.0,30.0,135.0,0.002940861574154859,0.00923898911658942,0.026288766942937164,128,"{""backing"": 2.0, ""bot"": ""cone"", ""bot_depth"": 1.0, ""face_h"": 100.0, ""face_w"": 100.0, ""margin_depths"": 0.0, ""top"": ""comb"", ""top_depth"": 1.0}"
flat_musou,"flat plate, its own Musou coating",50.0,20.0,45.0,0.002437340121135126,0.0076571298188577675,0.023237329303576103,128,"{""backing"": 2.0, ""bot"": ""cone"", ""bot_depth"": 1.0, ""face_h"": 100.0, ""face_w"": 100.0, ""margin_depths"": 0.0, ""top"": ""comb"", ""top_depth"": 1.0}"
flat_musou,"flat plate, its own Musou coating",40.0,10.0,135.0,0.0026588169798503697,0.008352919891137723,0.020070418046821897,128,"{""backing"": 2.0, ""bot"": ""cone"", ""bot_depth"": 1.0, ""face_h"": 100.0, ""face_w"": 100.0, ""margin_depths"": 0.0, ""top"": ""comb"", ""top_depth"": 1.0}"
flat_musou,"flat plate, its own Musou coating",40.0,20.0,180.0,0.004075509690877032,0.012803591304493293,0.019888654657046135,128,"{""backing"": 2.0, ""bot"": ""cone"", ""bot_depth"": 1.0, ""face_h"": 100.0, ""face_w"": 100.0, ""margin_depths"": 0.0, ""top"": ""comb"", ""top_depth"": 1.0}"
flat_musou,"flat plate, its own Musou coating",50.0,30.0,45.0,0.0024329994167300835,0.007643493093787482,0.018715149092180916,128,"{""backing"": 2.0, ""bot"": ""cone"", ""bot_depth"": 1.0, ""face_h"": 100.0, ""face_w"": 100.0, ""margin_depths"": 0.0, ""top"": ""comb"", ""top_depth"": 1.0}"
flat_musou,"flat plate, its own Musou coating",40.0,30.0,90.0,0.002484429744576782,0.007805066233922384,0.0176018495078825,128,"{""backing"": 2.0, ""bot"": ""cone"", ""bot_depth"": 1.0, ""face_h"": 100.0, ""face_w"": 100.0, ""margin_depths"": 0.0, ""top"": ""comb"", ""top_depth"": 1.0}"
flat_musou,"flat plate, its own Musou coating",50.0,20.0,90.0,0.002461961587907869,0.007734480437991623,0.016456710110281308,128,"{""backing"": 2.0, ""bot"": ""cone"", ""bot_depth"": 1.0, ""face_h"": 100.0, ""face_w"": 100.0, ""margin_depths"": 0.0, ""top"": ""comb"", ""top_depth"": 1.0}"
flat_musou,"flat plate, its own Musou coating",20.0,40.0,180.0,0.012113864541778216,0.03805682785103233,0.01586797988694317,128,"{""backing"": 2.0, ""bot"": ""cone"", ""bot_depth"": 1.0, ""face_h"": 100.0, ""face_w"": 100.0, ""margin_depths"": 0.0, ""top"": ""comb"", ""top_depth"": 1.0}"
flat_musou,"flat plate, its own Musou coating",60.0,40.0,0.0,0.002450659470161224,0.007698973787908757,0.015127637635600414,128,"{""backing"": 2.0, ""bot"": ""cone"", ""bot_depth"": 1.0, ""face_h"": 100.0, ""face_w"": 100.0, ""margin_depths"": 0.0, ""top"": ""comb"", ""top_depth"": 1.0}"
flat_musou,"flat plate, its own Musou coating",40.0,40.0,135.0,0.004072956095921265,0.01279556894934001,0.015052748332916737,128,"{""backing"": 2.0, ""bot"": ""cone"", ""bot_depth"": 1.0, ""face_h"": 100.0, ""face_w"": 100.0, ""margin_depths"": 0.0, ""top"": ""comb"", ""top_depth"": 1.0}"
flat_musou,"flat plate, its own Musou coating",20.0,30.0,135.0,0.00382320744266372,0.012010960415022162,0.01441407588054091,128,"{""backing"": 2.0, ""bot"": ""cone"", ""bot_depth"": 1.0, ""face_h"": 100.0, ""face_w"": 100.0, ""margin_depths"": 0.0, ""top"": ""comb"", ""top_depth"": 1.0}"
flat_musou,"flat plate, its own Musou coating",30.0,30.0,90.0,0.002537624508061177,0.007972182512094406,0.013002230044357195,128,"{""backing"": 2.0, ""bot"": ""cone"", ""bot_depth"": 1.0, ""face_h"": 100.0, ""face_w"": 100.0, ""margin_depths"": 0.0, ""top"": ""comb"", ""top_depth"": 1.0}"
flat_musou,"flat plate, its own Musou coating",20.0,40.0,135.0,0.004688810180860015,0.014730331618266854,0.012914833782228729,128,"{""backing"": 2.0, ""bot"": ""cone"", ""bot_depth"": 1.0, ""face_h"": 100.0, ""face_w"": 100.0, ""margin_depths"": 0.0, ""top"": ""comb"", ""top_depth"": 1.0}"
flat_musou,"flat plate, its own Musou coating",40.0,10.0,90.0,0.0025278811327615006,0.007941572795831775,0.012605493129875153,128,"{""backing"": 2.0, ""bot"": ""cone"", ""bot_depth"": 1.0, ""face_h"": 100.0, ""face_w"": 100.0, ""margin_depths"": 0.0, ""top"": ""comb"", ""top_depth"": 1.0}"
flat_musou,"flat plate, its own Musou coating",50.0,10.0,45.0,0.0024521616686661307,0.007703693083696004,0.01235977768220056,128,"{""backing"": 2.0, ""bot"": ""cone"", ""bot_depth"": 1.0, ""face_h"": 100.0, ""face_w"": 100.0, ""margin_depths"": 0.0, ""top"": ""comb"", ""top_depth"": 1.0}"
flat_musou,"flat plate, its own Musou coating",60.0,40.0,45.0,0.0024608392240468594,0.007730954427931221,0.012064804142813579,128,"{""backing"": 2.0, ""bot"": ""cone"", ""bot_depth"": 1.0, ""face_h"": 100.0, ""face_w"": 100.0, ""margin_depths"": 0.0, ""top"": ""comb"", ""top_depth"": 1.0}"
flat_musou,"flat plate, its own Musou coating",40.0,30.0,180.0,0.016023994467857294,0.05034086330138396,0.011976684092712376,128,"{""backing"": 2.0, ""bot"": ""cone"", ""bot_depth"": 1.0, ""face_h"": 100.0, ""face_w"": 100.0, ""margin_depths"": 0.0, ""top"": ""comb"", ""top_depth"": 1.0}"
flat_musou,"flat plate, its own Musou coating",30.0,20.0,90.0,0.0025841229561168358,0.00811826169490939,0.011128701782599431,128,"{""backing"": 2.0, ""bot"": ""cone"", ""bot_depth"": 1.0, ""face_h"": 100.0, ""face_w"": 100.0, ""margin_depths"": 0.0, ""top"": ""comb"", ""top_depth"": 1.0}"
flat_musou,"flat plate, its own Musou coating",50.0,30.0,90.0,0.0024582720786703234,0.007722889502875598,0.011110070335918924,128,"{""backing"": 2.0, ""bot"": ""cone"", ""bot_depth"": 1.0, ""face_h"": 100.0, ""face_w"": 100.0, ""margin_depths"": 0.0, ""top"": ""comb"", ""top_depth"": 1.0}"
flat_musou,"flat plate, its own Musou coating",40.0,40.0,90.0,0.0026124688851079333,0.008207313057187,0.010934749910167851,128,"{""backing"": 2.0, ""bot"": ""cone"", ""bot_depth"": 1.0, ""face_h"": 100.0, ""face_w"": 100.0, ""margin_depths"": 0.0, ""top"": ""comb"", ""top_depth"": 1.0}"
flat_musou,"flat plate, its own Musou coating",30.0,10.0,135.0,0.0031359511275305587,0.009851881024266632,0.01054566432731682,128,"{""backing"": 2.0, ""bot"": ""cone"", ""bot_depth"": 1.0, ""face_h"": 100.0, ""face_w"": 100.0, ""margin_depths"": 0.0, ""top"": ""comb"", ""top_depth"": 1.0}"
flat_musou,"flat plate, its own Musou coating",50.0,10.0,90.0,0.0024741662315834463,0.007772822456902498,0.010500508207897304,128,"{""backing"": 2.0, ""bot"": ""cone"", ""bot_depth"": 1.0, ""face_h"": 100.0, ""face_w"": 100.0, ""margin_depths"": 0.0, ""top"": ""comb"", ""top_depth"": 1.0}"
flat_musou,"flat plate, its own Musou coating",40.0,10.0,180.0,0.002796973266425493,0.008786950666089376,0.010220536380538159,128,"{""backing"": 2.0, ""bot"": ""cone"", ""bot_depth"": 1.0, ""face_h"": 100.0, ""face_w"": 100.0, ""margin_depths"": 0.0, ""top"": ""comb"", ""top_depth"": 1.0}"
flat_musou,"flat plate, its own Musou coating",60.0,30.0,45.0,0.0024290964511394625,0.007631231565760774,0.01011767031256963,128,"{""backing"": 2.0, ""bot"": ""cone"", ""bot_depth"": 1.0, ""face_h"": 100.0, ""face_w"": 100.0, ""margin_depths"": 0.0, ""top"": ""comb"", ""top_depth"": 1.0}"
flat_musou,"flat plate, its own Musou coating",70.0,60.0,0.0,0.0026057439176058257,0.00818618594868675,0.009931226964234218,128,"{""backing"": 2.0, ""bot"": ""cone"", ""bot_depth"": 1.0, ""face_h"": 100.0, ""face_w"": 100.0, ""margin_depths"": 0.0, ""top"": ""comb"", ""top_depth"": 1.0}"
flat_musou,"flat plate, its own Musou coating",40.0,20.0,45.0,0.002451430393334915,0.007701395714487706,0.009809334400284017,128,"{""backing"": 2.0, ""bot"": ""cone"", ""bot_depth"": 1.0, ""face_h"": 100.0, ""face_w"": 100.0, ""margin_depths"": 0.0, ""top"": ""comb"", ""top_depth"": 1.0}"
flat_musou,"flat plate, its own Musou coating",60.0,30.0,0.0,0.0024259279596153356,0.007621277456065614,0.009605743480525432,128,"{""backing"": 2.0, ""bot"": ""cone"", ""bot_depth"": 1.0, ""face_h"": 100.0, ""face_w"": 100.0, ""margin_depths"": 0.0, ""top"": ""comb"", ""top_depth"": 1.0}"
flat_musou,"flat plate, its own Musou coating",60.0,50.0,0.0,0.002537852136758781,0.007972897628738545,0.008984812838706176,128,"{""backing"": 2.0, ""bot"": ""cone"", ""bot_depth"": 1.0, ""face_h"": 100.0, ""face_w"": 100.0, ""margin_depths"": 0.0, ""top"": ""comb"", ""top_depth"": 1.0}"
flat_musou,"flat plate, its own Musou coating",20.0,50.0,180.0,0.014316540423567446,0.044976738219500795,0.008827458854826008,128,"{""backing"": 2.0, ""bot"": ""cone"", ""bot_depth"": 1.0, ""face_h"": 100.0, ""face_w"": 100.0, ""margin_depths"": 0.0, ""top"": ""comb"", ""top_depth"": 1.0}"
flat_musou,"flat plate, its own Musou coating",50.0,40.0,45.0,0.0024692285516767607,0.007757310277981876,0.008737116980262577,128,"{""backing"": 2.0, ""bot"": ""cone"", ""bot_depth"": 1.0, ""face_h"": 100.0, ""face_w"": 100.0, ""margin_depths"": 0.0, ""top"": ""comb"", ""top_depth"": 1.0}"
flat_musou,"flat plate, its own Musou coating",30.0,50.0,135.0,0.0071757564167170655,0.02254330364270815,0.00831887384279789,128,"{""backing"": 2.0, ""bot"": ""cone"", ""bot_depth"": 1.0, ""face_h"": 100.0, ""face_w"": 100.0, ""margin_depths"": 0.0, ""top"": ""comb"", ""top_depth"": 1.0}"
flat_musou,"flat plate, its own Musou coating",30.0,40.0,90.0,0.0027263228625271883,0.00856499587622931,0.00783695733905917,128,"{""backing"": 2.0, ""bot"": ""cone"", ""bot_depth"": 1.0, ""face_h"": 100.0, ""face_w"": 100.0, ""margin_depths"": 0.0, ""top"": ""comb"", ""top_depth"": 1.0}"
flat_musou,"flat plate, its own Musou coating",50.0,20.0,0.0,0.0024325552933202204,0.007642097838945769,0.007570351105649503,128,"{""backing"": 2.0, ""bot"": ""cone"", ""bot_depth"": 1.0, ""face_h"": 100.0, ""face_w"": 100.0, ""margin_depths"": 0.0, ""top"": ""comb"", ""top_depth"": 1.0}"
flat_musou,"flat plate, its own Musou coating",70.0,50.0,0.0,0.0025811817970024854,0.008109021771042708,0.007229610299956672,128,"{""backing"": 2.0, ""bot"": ""cone"", ""bot_depth"": 1.0, ""face_h"": 100.0, ""face_w"": 100.0, ""margin_depths"": 0.0, ""top"": ""comb"", ""top_depth"": 1.0}"
flat_musou,"flat plate, its own Musou coating",50.0,30.0,0.0,0.0024286054219813382,0.007629688952164912,0.006987005036625616,128,"{""backing"": 2.0, ""bot"": ""cone"", ""bot_depth"": 1.0, ""face_h"": 100.0, ""face_w"": 100.0, ""margin_depths"": 0.0, ""top"": ""comb"", ""top_depth"": 1.0}"
flat_musou,"flat plate, its own Musou coating",40.0,10.0,45.0,0.002480972291624338,0.007794204325126854,0.006908625127113288,128,"{""backing"": 2.0, ""bot"": ""cone"", ""bot_depth"": 1.0, ""face_h"": 100.0, ""face_w"": 100.0, ""margin_depths"": 0.0, ""top"": ""comb"", ""top_depth"": 1.0}"
flat_musou,"flat plate, its own Musou coating",40.0,30.0,45.0,0.0024424787964450684,0.007673273443460667,0.006633807936980139,128,"{""backing"": 2.0, ""bot"": ""cone"", ""bot_depth"": 1.0, ""face_h"": 100.0, ""face_w"": 100.0, ""margin_depths"": 0.0, ""top"": ""comb"", ""top_depth"": 1.0}"
flat_musou,"flat plate, its own Musou coating",20.0,20.0,135.0,0.005172664244784247,0.016250403990900785,0.006509819558383937,128,"{""backing"": 2.0, ""bot"": ""cone"", ""bot_depth"": 1.0, ""face_h"": 100.0, ""face_w"": 100.0, ""margin_depths"": 0.0, ""top"": ""comb"", ""top_depth"": 1.0}"
flat_musou,"flat plate, its own Musou coating",20.0,20.0,180.0,0.024938947188985157,0.07834801327717959,0.0063749428876639855,128,"{""backing"": 2.0, ""bot"": ""cone"", ""bot_depth"": 1.0, ""face_h"": 100.0, ""face_w"": 100.0, ""margin_depths"": 0.0, ""top"": ""comb"", ""top_depth"": 1.0}"
flat_musou,"flat plate, its own Musou coating",30.0,10.0,90.0,0.002684780180510102,0.008434485691594015,0.006123313820272432,128,"{""backing"": 2.0, ""bot"": ""cone"", ""bot_depth"": 1.0, ""face_h"": 100.0, ""face_w"": 100.0, ""margin_depths"": 0.0, ""top"": ""comb"", ""top_depth"": 1.0}"
flat_musou,"flat plate, its own Musou coating",60.0,50.0,45.0,0.002568644784931895,0.008069635586023775,0.0059069558698438985,128,"{""backing"": 2.0, ""bot"": ""cone"", ""bot_depth"": 1.0, ""face_h"": 100.0, ""face_w"": 100.0, ""margin_depths"": 0.0, ""top"": ""comb"", ""top_depth"": 1.0}"
flat_musou,"flat plate, its own Musou coating",50.0,20.0,135.0,0.0025869760560721317,0.008127224972768906,0.00589317062936428,128,"{""backing"": 2.0, ""bot"": ""cone"", ""bot_depth"": 1.0, ""face_h"": 100.0, ""face_w"": 100.0, ""margin_depths"": 0.0, ""top"": ""comb"", ""top_depth"": 1.0}"
flat_musou,"flat plate, its own Musou coating",40.0,40.0,180.0,0.19208480398907454,0.603452209078312,0.005587591185609164,128,"{""backing"": 2.0, ""bot"": ""cone"", ""bot_depth"": 1.0, ""face_h"": 100.0, ""face_w"": 100.0, ""margin_depths"": 0.0, ""top"": ""comb"", ""top_depth"": 1.0}"
flat_musou,"flat plate, its own Musou coating",50.0,40.0,90.0,0.0025485794968424396,0.00800659862436978,0.00555160440308923,128,"{""backing"": 2.0, ""bot"": ""cone"", ""bot_depth"": 1.0, ""face_h"": 100.0, ""face_w"": 100.0, ""margin_depths"": 0.0, ""top"": ""comb"", ""top_depth"": 1.0}"
flat_musou,"flat plate, its own Musou coating",30.0,50.0,180.0,0.0531389908571521,0.16694106329600422,0.005447559654989786,128,"{""backing"": 2.0, ""bot"": ""cone"", ""bot_depth"": 1.0, ""face_h"": 100.0, ""face_w"": 100.0, ""margin_depths"": 0.0, ""top"": ""comb"", ""top_depth"": 1.0}"
flat_musou,"flat plate, its own Musou coating",60.0,20.0,0.0,0.002428158584978872,0.007628285172320611,0.004884628223320385,128,"{""backing"": 2.0, ""bot"": ""cone"", ""bot_depth"": 1.0, ""face_h"": 100.0, ""face_w"": 100.0, ""margin_depths"": 0.0, ""top"": ""comb"", ""top_depth"": 1.0}"
flat_musou,"flat plate, its own Musou coating",30.0,10.0,180.0,0.0037647168120306575,0.0118272066795215,0.004870668030165695,128,"{""backing"": 2.0, ""bot"": ""cone"", ""bot_depth"": 1.0, ""face_h"": 100.0, ""face_w"": 100.0, ""margin_depths"": 0.0, ""top"": ""comb"", ""top_depth"": 1.0}"
flat_musou,"flat plate, its own Musou coating",50.0,30.0,135.0,0.0026766228936810346,0.008408858819218592,0.004539149858277916,128,"{""backing"": 2.0, ""bot"": ""cone"", ""bot_depth"": 1.0, ""face_h"": 100.0, ""face_w"": 100.0, ""margin_depths"": 0.0, ""top"": ""comb"", ""top_depth"": 1.0}"
flat_musou,"flat plate, its own Musou coating",50.0,10.0,0.0,0.0024465833113066307,0.0076861681571963,0.004281568146898995,128,"{""backing"": 2.0, ""bot"": ""cone"", ""bot_depth"": 1.0, ""face_h"": 100.0, ""face_w"": 100.0, ""margin_depths"": 0.0, ""top"": ""comb"", ""top_depth"": 1.0}"
flat_musou,"flat plate, its own Musou coating",30.0,10.0,45.0,0.0025576826676829423,0.008035197079006675,0.004265219936790676,128,"{""backing"": 2.0, ""bot"": ""cone"", ""bot_depth"": 1.0, ""face_h"": 100.0, ""face_w"": 100.0, ""margin_depths"": 0.0, ""top"": ""comb"", ""top_depth"": 1.0}"
flat_musou,"flat plate, its own Musou coating",50.0,10.0,135.0,0.002526373835198581,0.007936837480881333,0.004199247005089455,128,"{""backing"": 2.0, ""bot"": ""cone"", ""bot_depth"": 1.0, ""face_h"": 100.0, ""face_w"": 100.0, ""margin_depths"": 0.0, ""top"": ""comb"", ""top_depth"": 1.0}"
flat_musou,"flat plate, its own Musou coating",40.0,20.0,0.0,0.0024431804662128935,0.007675477804048512,0.0037138693400925776,128,"{""backing"": 2.0, ""bot"": ""cone"", ""bot_depth"": 1.0, ""face_h"": 100.0, ""face_w"": 100.0, ""margin_depths"": 0.0, ""top"": ""comb"", ""top_depth"": 1.0}"
flat_musou,"flat plate, its own Musou coating",40.0,10.0,0.0,0.002469941972300529,0.0077595515549724265,0.0036440800238184685,128,"{""backing"": 2.0, ""bot"": ""cone"", ""bot_depth"": 1.0, ""face_h"": 100.0, ""face_w"": 100.0, ""margin_depths"": 0.0, ""top"": ""comb"", ""top_depth"": 1.0}"
flat_musou,"flat plate, its own Musou coating",20.0,10.0,135.0,0.005399862865902479,0.016964169509911555,0.003627401100491288,128,"{""backing"": 2.0, ""bot"": ""cone"", ""bot_depth"": 1.0, ""face_h"": 100.0, ""face_w"": 100.0, ""margin_depths"": 0.0, ""top"": ""comb"", ""top_depth"": 1.0}"
flat_musou,"flat plate, its own Musou coating",20.0,50.0,135.0,0.006560217442334205,0.02060953092278876,0.003540875314918916,128,"{""backing"": 2.0, ""bot"": ""cone"", ""bot_depth"": 1.0, ""face_h"": 100.0, ""face_w"": 100.0, ""margin_depths"": 0.0, ""top"": ""comb"", ""top_depth"": 1.0}"
flat_musou,"flat plate, its own Musou coating",60.0,20.0,45.0,0.002431384685978901,0.007638420267522041,0.0031400341977382115,128,"{""backing"": 2.0, ""bot"": ""cone"", ""bot_depth"": 1.0, ""face_h"": 100.0, ""face_w"": 100.0, ""margin_depths"": 0.0, ""top"": ""comb"", ""top_depth"": 1.0}"
flat_musou,"flat plate, its own Musou coating",50.0,40.0,0.0,0.0024557456705994237,0.00771495255784009,0.0028106985877503123,128,"{""backing"": 2.0, ""bot"": ""cone"", ""bot_depth"": 1.0, ""face_h"": 100.0, ""face_w"": 100.0, ""margin_depths"": 0.0, ""top"": ""comb"", ""top_depth"": 1.0}"
flat_musou,"flat plate, its own Musou coating",50.0,20.0,180.0,0.0029119668991464537,0.009148213817855149,0.002453879656781088,128,"{""backing"": 2.0, ""bot"": ""cone"", ""bot_depth"": 1.0, ""face_h"": 100.0, ""face_w"": 100.0, ""margin_depths"": 0.0, ""top"": ""comb"", ""top_depth"": 1.0}"
flat_musou,"flat plate, its own Musou coating",30.0,20.0,45.0,0.002484041688094273,0.007803847118527757,0.0022894441174987797,128,"{""backing"": 2.0, ""bot"": ""cone"", ""bot_depth"": 1.0, ""face_h"": 100.0, ""face_w"": 100.0, ""margin_depths"": 0.0, ""top"": ""comb"", ""top_depth"": 1.0}"
flat_musou,"flat plate, its own Musou coating",50.0,0.0,135.0,0.002480370925288951,0.007792315077065486,0.002099100074326599,128,"{""backing"": 2.0, ""bot"": ""cone"", ""bot_depth"": 1.0, ""face_h"": 100.0, ""face_w"": 100.0, ""margin_depths"": 0.0, ""top"": ""comb"", ""top_depth"": 1.0}"
flat_musou,"flat plate, its own Musou coating",50.0,10.0,180.0,0.002572722311543231,0.008082445513670765,0.0020435916157630087,128,"{""backing"": 2.0, ""bot"": ""cone"", ""bot_depth"": 1.0, ""face_h"": 100.0, ""face_w"": 100.0, ""margin_depths"": 0.0, ""top"": ""comb"", ""top_depth"": 1.0}"
flat_musou,"flat plate, its own Musou coating",50.0,0.0,45.0,0.0024803713768943637,0.0077923164958257326,0.0020094302871983367,128,"{""backing"": 2.0, ""bot"": ""cone"", ""bot_depth"": 1.0, ""face_h"": 100.0, ""face_w"": 100.0, ""margin_depths"": 0.0, ""top"": ""comb"", ""top_depth"": 1.0}"
flat_musou,"flat plate, its own Musou coating",40.0,40.0,45.0,0.00249258171240487,0.007830676396163406,0.001604133757983053,128,"{""backing"": 2.0, ""bot"": ""cone"", ""bot_depth"": 1.0, ""face_h"": 100.0, ""face_w"": 100.0, ""margin_depths"": 0.0, ""top"": ""comb"", ""top_depth"": 1.0}"
black_velour,"black velour (Lambertian model, rho 0.002)",30.0,30.0,135.0,0.0006366203503948532,0.0020000018159262306,0.08980216402279576,128,"{""backing"": 2.0, ""bot"": ""cone"", ""bot_depth"": 1.0, ""face_h"": 100.0, ""face_w"": 100.0, ""margin_depths"": 0.0, ""top"": ""comb"", ""top_depth"": 1.0}"
black_velour,"black velour (Lambertian model, rho 0.002)",30.0,30.0,180.0,0.0006366203745913029,0.0020000018919416195,0.04903986517365248,128,"{""backing"": 2.0, ""bot"": ""cone"", ""bot_depth"": 1.0, ""face_h"": 100.0, ""face_w"": 100.0, ""margin_depths"": 0.0, ""top"": ""comb"", ""top_depth"": 1.0}"
black_velour,"black velour (Lambertian model, rho 0.002)",40.0,20.0,135.0,0.0006366196827056466,0.0019999997183187245,0.04586825731507714,128,"{""backing"": 2.0, ""bot"": ""cone"", ""bot_depth"": 1.0, ""face_h"": 100.0, ""face_w"": 100.0, ""margin_depths"": 0.0, ""top"": ""comb"", ""top_depth"": 1.0}"
black_velour,"black velour (Lambertian model, rho 0.002)",20.0,30.0,180.0,0.0006366204165785375,0.002000002023848407,0.041906113948311736,128,"{""backing"": 2.0, ""bot"": ""cone"", ""bot_depth"": 1.0, ""face_h"": 100.0, ""face_w"": 100.0, ""margin_depths"": 0.0, ""top"": ""comb"", ""top_depth"": 1.0}"
black_velour,"black velour (Lambertian model, rho 0.002)",40.0,20.0,90.0,0.0006366196067209562,0.0019999994796057793,0.03920226687773712,128,"{""backing"": 2.0, ""bot"": ""cone"", ""bot_depth"": 1.0, ""face_h"": 100.0, ""face_w"": 100.0, ""margin_depths"": 0.0, ""top"": ""comb"", ""top_depth"": 1.0}"
black_velour,"black velour (Lambertian model, rho 0.002)",30.0,40.0,135.0,0.0006366224823833008,0.002000008513765475,0.03810885104589144,128,"{""backing"": 2.0, ""bot"": ""cone"", ""bot_depth"": 1.0, ""face_h"": 100.0, ""face_w"": 100.0, ""margin_depths"": 0.0, ""top"": ""comb"", ""top_depth"": 1.0}"
black_velour,"black velour (Lambertian model, rho 0.002)",30.0,20.0,135.0,0.0006366197911870574,0.002000000059123128,0.03718993871886821,128,"{""backing"": 2.0, ""bot"": ""cone"", ""bot_depth"": 1.0, ""face_h"": 100.0, ""face_w"": 100.0, ""margin_depths"": 0.0, ""top"": ""comb"", ""top_depth"": 1.0}"
black_velour,"black velour (Lambertian model, rho 0.002)",30.0,20.0,180.0,0.0006366198583994718,0.002000000270277155,0.0325087219684843,128,"{""backing"": 2.0, ""bot"": ""cone"", ""bot_depth"": 1.0, ""face_h"": 100.0, ""face_w"": 100.0, ""margin_depths"": 0.0, ""top"": ""comb"", ""top_depth"": 1.0}"
black_velour,"black velour (Lambertian model, rho 0.002)",30.0,40.0,180.0,0.0006366224823833008,0.002000008513765475,0.02855556638916506,128,"{""backing"": 2.0, ""bot"": ""cone"", ""bot_depth"": 1.0, ""face_h"": 100.0, ""face_w"": 100.0, ""margin_depths"": 0.0, ""top"": ""comb"", ""top_depth"": 1.0}"
black_velour,"black velour (Lambertian model, rho 0.002)",40.0,30.0,135.0,0.0006366203042609022,0.0020000016709921494,0.026288766942937164,128,"{""backing"": 2.0, ""bot"": ""cone"", ""bot_depth"": 1.0, ""face_h"": 100.0, ""face_w"": 100.0, ""margin_depths"": 0.0, ""top"": ""comb"", ""top_depth"": 1.0}"
black_velour,"black velour (Lambertian model, rho 0.002)",50.0,20.0,45.0,0.0006366197162234573,0.0019999998236180324,0.023237329303576103,128,"{""backing"": 2.0, ""bot"": ""cone"", ""bot_depth"": 1.0, ""face_h"": 100.0, ""face_w"": 100.0, ""margin_depths"": 0.0, ""top"": ""comb"", ""top_depth"": 1.0}"
black_velour,"black velour (Lambertian model, rho 0.002)",40.0,10.0,135.0,0.0006366197313358456,0.001999999871095,0.020070418046821897,128,"{""backing"": 2.0, ""bot"": ""cone"", ""bot_depth"": 1.0, ""face_h"": 100.0, ""face_w"": 100.0, ""margin_depths"": 0.0, ""top"": ""comb"", ""top_depth"": 1.0}"
black_velour,"black velour (Lambertian model, rho 0.002)",40.0,20.0,180.0,0.0006366195687286108,0.001999999360249306,0.019888654657046135,128,"{""backing"": 2.0, ""bot"": ""cone"", ""bot_depth"": 1.0, ""face_h"": 100.0, ""face_w"": 100.0, ""margin_depths"": 0.0, ""top"": ""comb"", ""top_depth"": 1.0}"
black_velour,"black velour (Lambertian model, rho 0.002)",50.0,30.0,45.0,0.0006366201798655524,0.002000001280192632,0.018715149092180916,128,"{""backing"": 2.0, ""bot"": ""cone"", ""bot_depth"": 1.0, ""face_h"": 100.0, ""face_w"": 100.0, ""margin_depths"": 0.0, ""top"": ""comb"", ""top_depth"": 1.0}"
black_velour,"black velour (Lambertian model, rho 0.002)",40.0,30.0,90.0,0.0006366201416534873,0.002000001160145889,0.0176018495078825,128,"{""backing"": 2.0, ""bot"": ""cone"", ""bot_depth"": 1.0, ""face_h"": 100.0, ""face_w"": 100.0, ""margin_depths"": 0.0, ""top"": ""comb"", ""top_depth"": 1.0}"
black_velour,"black velour (Lambertian model, rho 0.002)",50.0,20.0,90.0,0.0006366196455905503,0.0019999996017182105,0.016456710110281308,128,"{""backing"": 2.0, ""bot"": ""cone"", ""bot_depth"": 1.0, ""face_h"": 100.0, ""face_w"": 100.0, ""margin_depths"": 0.0, ""top"": ""comb"", ""top_depth"": 1.0}"
black_velour,"black velour (Lambertian model, rho 0.002)",20.0,40.0,180.0,0.0006366223764747548,0.002000008181043965,0.01586797988694317,128,"{""backing"": 2.0, ""bot"": ""cone"", ""bot_depth"": 1.0, ""face_h"": 100.0, ""face_w"": 100.0, ""margin_depths"": 0.0, ""top"": ""comb"", ""top_depth"": 1.0}"
black_velour,"black velour (Lambertian model, rho 0.002)",60.0,40.0,0.0,0.0006366226012718022,0.002000008887264718,0.015127637635600414,128,"{""backing"": 2.0, ""bot"": ""cone"", ""bot_depth"": 1.0, ""face_h"": 100.0, ""face_w"": 100.0, ""margin_depths"": 0.0, ""top"": ""comb"", ""top_depth"": 1.0}"
black_velour,"black velour (Lambertian model, rho 0.002)",40.0,40.0,135.0,0.0006366224060082189,0.002000008273826079,0.015052748332916737,128,"{""backing"": 2.0, ""bot"": ""cone"", ""bot_depth"": 1.0, ""face_h"": 100.0, ""face_w"": 100.0, ""margin_depths"": 0.0, ""top"": ""comb"", ""top_depth"": 1.0}"
black_velour,"black velour (Lambertian model, rho 0.002)",20.0,30.0,135.0,0.0006366203769347486,0.002000001899303771,0.01441407588054091,128,"{""backing"": 2.0, ""bot"": ""cone"", ""bot_depth"": 1.0, ""face_h"": 100.0, ""face_w"": 100.0, ""margin_depths"": 0.0, ""top"": ""comb"", ""top_depth"": 1.0}"
black_velour,"black velour (Lambertian model, rho 0.002)",30.0,30.0,90.0,0.0006366203745913029,0.0020000018919416195,0.013002230044357195,128,"{""backing"": 2.0, ""bot"": ""cone"", ""bot_depth"": 1.0, ""face_h"": 100.0, ""face_w"": 100.0, ""margin_depths"": 0.0, ""top"": ""comb"", ""top_depth"": 1.0}"
black_velour,"black velour (Lambertian model, rho 0.002)",20.0,40.0,135.0,0.0006366224384183128,0.002000008375645392,0.012914833782228729,128,"{""backing"": 2.0, ""bot"": ""cone"", ""bot_depth"": 1.0, ""face_h"": 100.0, ""face_w"": 100.0, ""margin_depths"": 0.0, ""top"": ""comb"", ""top_depth"": 1.0}"
black_velour,"black velour (Lambertian model, rho 0.002)",40.0,10.0,90.0,0.0006366195200984284,0.0019999992074730823,0.012605493129875153,128,"{""backing"": 2.0, ""bot"": ""cone"", ""bot_depth"": 1.0, ""face_h"": 100.0, ""face_w"": 100.0, ""margin_depths"": 0.0, ""top"": ""comb"", ""top_depth"": 1.0}"
black_velour,"black velour (Lambertian model, rho 0.002)",50.0,10.0,45.0,0.0006366197741786824,0.0020000000056897417,0.01235977768220056,128,"{""backing"": 2.0, ""bot"": ""cone"", ""bot_depth"": 1.0, ""face_h"": 100.0, ""face_w"": 100.0, ""margin_depths"": 0.0, ""top"": ""comb"", ""top_depth"": 1.0}"
black_velour,"black velour (Lambertian model, rho 0.002)",60.0,40.0,45.0,0.0006366224522589361,0.0020000084191269924,0.012064804142813579,128,"{""backing"": 2.0, ""bot"": ""cone"", ""bot_depth"": 1.0, ""face_h"": 100.0, ""face_w"": 100.0, ""margin_depths"": 0.0, ""top"": ""comb"", ""top_depth"": 1.0}"
black_velour,"black velour (Lambertian model, rho 0.002)",40.0,30.0,180.0,0.0006366202282761421,0.002000001432278985,0.011976684092712376,128,"{""backing"": 2.0, ""bot"": ""cone"", ""bot_depth"": 1.0, ""face_h"": 100.0, ""face_w"": 100.0, ""margin_depths"": 0.0, ""top"": ""comb"", ""top_depth"": 1.0}"
black_velour,"black velour (Lambertian model, rho 0.002)",30.0,20.0,90.0,0.0006366198583994718,0.002000000270277155,0.011128701782599431,128,"{""backing"": 2.0, ""bot"": ""cone"", ""bot_depth"": 1.0, ""face_h"": 100.0, ""face_w"": 100.0, ""margin_depths"": 0.0, ""top"": ""comb"", ""top_depth"": 1.0}"
black_velour,"black velour (Lambertian model, rho 0.002)",50.0,30.0,90.0,0.0006366203156982093,0.0020000017069235093,0.011110070335918924,128,"{""backing"": 2.0, ""bot"": ""cone"", ""bot_depth"": 1.0, ""face_h"": 100.0, ""face_w"": 100.0, ""margin_depths"": 0.0, ""top"": ""comb"", ""top_depth"": 1.0}"
black_velour,"black velour (Lambertian model, rho 0.002)",40.0,40.0,90.0,0.0006366223193851068,0.0020000080016915464,0.010934749910167851,128,"{""backing"": 2.0, ""bot"": ""cone"", ""bot_depth"": 1.0, ""face_h"": 100.0, ""face_w"": 100.0, ""margin_depths"": 0.0, ""top"": ""comb"", ""top_depth"": 1.0}"
black_velour,"black velour (Lambertian model, rho 0.002)",30.0,10.0,135.0,0.0006366197911870574,0.002000000059123128,0.01054566432731682,128,"{""backing"": 2.0, ""bot"": ""cone"", ""bot_depth"": 1.0, ""face_h"": 100.0, ""face_w"": 100.0, ""margin_depths"": 0.0, ""top"": ""comb"", ""top_depth"": 1.0}"
black_velour,"black velour (Lambertian model, rho 0.002)",50.0,10.0,90.0,0.0006366196455905503,0.0019999996017182105,0.010500508207897304,128,"{""backing"": 2.0, ""bot"": ""cone"", ""bot_depth"": 1.0, ""face_h"": 100.0, ""face_w"": 100.0, ""margin_depths"": 0.0, ""top"": ""comb"", ""top_depth"": 1.0}"
black_velour,"black velour (Lambertian model, rho 0.002)",40.0,10.0,180.0,0.0006366197313358456,0.001999999871095,0.010220536380538159,128,"{""backing"": 2.0, ""bot"": ""cone"", ""bot_depth"": 1.0, ""face_h"": 100.0, ""face_w"": 100.0, ""margin_depths"": 0.0, ""top"": ""comb"", ""top_depth"": 1.0}"
black_velour,"black velour (Lambertian model, rho 0.002)",60.0,30.0,45.0,0.0006366201425684324,0.002000001163020274,0.01011767031256963,128,"{""backing"": 2.0, ""bot"": ""cone"", ""bot_depth"": 1.0, ""face_h"": 100.0, ""face_w"": 100.0, ""margin_depths"": 0.0, ""top"": ""comb"", ""top_depth"": 1.0}"
black_velour,"black velour (Lambertian model, rho 0.002)",70.0,60.0,0.0,0.0006366222247829502,0.0020000077044901063,0.009931226964234218,128,"{""backing"": 2.0, ""bot"": ""cone"", ""bot_depth"": 1.0, ""face_h"": 100.0, ""face_w"": 100.0, ""margin_depths"": 0.0, ""top"": ""comb"", ""top_depth"": 1.0}"
black_velour,"black velour (Lambertian model, rho 0.002)",40.0,20.0,45.0,0.0006366197206979919,0.001999999837675197,0.009809334400284017,128,"{""backing"": 2.0, ""bot"": ""cone"", ""bot_depth"": 1.0, ""face_h"": 100.0, ""face_w"": 100.0, ""margin_depths"": 0.0, ""top"": ""comb"", ""top_depth"": 1.0}"
black_velour,"black velour (Lambertian model, rho 0.002)",60.0,30.0,0.0,0.000636620249670733,0.002000001499492075,0.009605743480525432,128,"{""backing"": 2.0, ""bot"": ""cone"", ""bot_depth"": 1.0, ""face_h"": 100.0, ""face_w"": 100.0, ""margin_depths"": 0.0, ""top"": ""comb"", ""top_depth"": 1.0}"
black_velour,"black velour (Lambertian model, rho 0.002)",60.0,50.0,0.0,0.0006366198026355648,0.0020000000950896745,0.008984812838706176,128,"{""backing"": 2.0, ""bot"": ""cone"", ""bot_depth"": 1.0, ""face_h"": 100.0, ""face_w"": 100.0, ""margin_depths"": 0.0, ""top"": ""comb"", ""top_depth"": 1.0}"
black_velour,"black velour (Lambertian model, rho 0.002)",20.0,50.0,180.0,0.0006366198442218087,0.002000000225736713,0.008827458854826008,128,"{""backing"": 2.0, ""bot"": ""cone"", ""bot_depth"": 1.0, ""face_h"": 100.0, ""face_w"": 100.0, ""margin_depths"": 0.0, ""top"": ""comb"", ""top_depth"": 1.0}"
black_velour,"black velour (Lambertian model, rho 0.002)",50.0,40.0,45.0,0.0006366222916193081,0.002000007914462717,0.008737116980262577,128,"{""backing"": 2.0, ""bot"": ""cone"", ""bot_depth"": 1.0, ""face_h"": 100.0, ""face_w"": 100.0, ""margin_depths"": 0.0, ""top"": ""comb"", ""top_depth"": 1.0}"
black_velour,"black velour (Lambertian model, rho 0.002)",30.0,50.0,135.0,0.0006366199874473512,0.0020000006756930246,0.00831887384279789,128,"{""backing"": 2.0, ""bot"": ""cone"", ""bot_depth"": 1.0, ""face_h"": 100.0, ""face_w"": 100.0, ""margin_depths"": 0.0, ""top"": ""comb"", ""top_depth"": 1.0}"
black_velour,"black velour (Lambertian model, rho 0.002)",30.0,40.0,90.0,0.0006366224823833008,0.002000008513765475,0.00783695733905917,128,"{""backing"": 2.0, ""bot"": ""cone"", ""bot_depth"": 1.0, ""face_h"": 100.0, ""face_w"": 100.0, ""margin_depths"": 0.0, ""top"": ""comb"", ""top_depth"": 1.0}"
black_velour,"black velour (Lambertian model, rho 0.002)",50.0,20.0,0.0,0.0006366196455905503,0.0019999996017182105,0.007570351105649503,128,"{""backing"": 2.0, ""bot"": ""cone"", ""bot_depth"": 1.0, ""face_h"": 100.0, ""face_w"": 100.0, ""margin_depths"": 0.0, ""top"": ""comb"", ""top_depth"": 1.0}"
black_velour,"black velour (Lambertian model, rho 0.002)",70.0,50.0,0.0,0.000636619785982605,0.002000000042772858,0.007229610299956672,128,"{""backing"": 2.0, ""bot"": ""cone"", ""bot_depth"": 1.0, ""face_h"": 100.0, ""face_w"": 100.0, ""margin_depths"": 0.0, ""top"": ""comb"", ""top_depth"": 1.0}"
black_velour,"black velour (Lambertian model, rho 0.002)",50.0,30.0,0.0,0.0006366201671878018,0.002000001240364304,0.006987005036625616,128,"{""backing"": 2.0, ""bot"": ""cone"", ""bot_depth"": 1.0, ""face_h"": 100.0, ""face_w"": 100.0, ""margin_depths"": 0.0, ""top"": ""comb"", ""top_depth"": 1.0}"
black_velour,"black velour (Lambertian model, rho 0.002)",40.0,10.0,45.0,0.00063661971006014,0.0019999998042554,0.006908625127113288,128,"{""backing"": 2.0, ""bot"": ""cone"", ""bot_depth"": 1.0, ""face_h"": 100.0, ""face_w"": 100.0, ""margin_depths"": 0.0, ""top"": ""comb"", ""top_depth"": 1.0}"
black_velour,"black velour (Lambertian model, rho 0.002)",40.0,30.0,45.0,0.0006366201963624457,0.002000001332019151,0.006633807936980139,128,"{""backing"": 2.0, ""bot"": ""cone"", ""bot_depth"": 1.0, ""face_h"": 100.0, ""face_w"": 100.0, ""margin_depths"": 0.0, ""top"": ""comb"", ""top_depth"": 1.0}"
black_velour,"black velour (Lambertian model, rho 0.002)",20.0,20.0,135.0,0.0006366197599789207,0.0019999999610798747,0.006509819558383937,128,"{""backing"": 2.0, ""bot"": ""cone"", ""bot_depth"": 1.0, ""face_h"": 100.0, ""face_w"": 100.0, ""margin_depths"": 0.0, ""top"": ""comb"", ""top_depth"": 1.0}"
black_velour,"black velour (Lambertian model, rho 0.002)",20.0,20.0,180.0,0.0006366197822785094,0.0020000000311360985,0.0063749428876639855,128,"{""backing"": 2.0, ""bot"": ""cone"", ""bot_depth"": 1.0, ""face_h"": 100.0, ""face_w"": 100.0, ""margin_depths"": 0.0, ""top"": ""comb"", ""top_depth"": 1.0}"
black_velour,"black velour (Lambertian model, rho 0.002)",30.0,10.0,90.0,0.0006366198342030069,0.0020000001942617183,0.006123313820272432,128,"{""backing"": 2.0, ""bot"": ""cone"", ""bot_depth"": 1.0, ""face_h"": 100.0, ""face_w"": 100.0, ""margin_depths"": 0.0, ""top"": ""comb"", ""top_depth"": 1.0}"
black_velour,"black velour (Lambertian model, rho 0.002)",60.0,50.0,45.0,0.0006366198864545694,0.0020000003584148434,0.0059069558698438985,128,"{""backing"": 2.0, ""bot"": ""cone"", ""bot_depth"": 1.0, ""face_h"": 100.0, ""face_w"": 100.0, ""margin_depths"": 0.0, ""top"": ""comb"", ""top_depth"": 1.0}"
black_velour,"black velour (Lambertian model, rho 0.002)",50.0,20.0,135.0,0.0006366196455905503,0.0019999996017182105,0.00589317062936428,128,"{""backing"": 2.0, ""bot"": ""cone"", ""bot_depth"": 1.0, ""face_h"": 100.0, ""face_w"": 100.0, ""margin_depths"": 0.0, ""top"": ""comb"", ""top_depth"": 1.0}"
black_velour,"black velour (Lambertian model, rho 0.002)",40.0,40.0,180.0,0.0006366225306238551,0.002000008665317646,0.005587591185609164,128,"{""backing"": 2.0, ""bot"": ""cone"", ""bot_depth"": 1.0, ""face_h"": 100.0, ""face_w"": 100.0, ""margin_depths"": 0.0, ""top"": ""comb"", ""top_depth"": 1.0}"
black_velour,"black velour (Lambertian model, rho 0.002)",50.0,40.0,90.0,0.0006366223242190263,0.0020000080168777524,0.00555160440308923,128,"{""backing"": 2.0, ""bot"": ""cone"", ""bot_depth"": 1.0, ""face_h"": 100.0, ""face_w"": 100.0, ""margin_depths"": 0.0, ""top"": ""comb"", ""top_depth"": 1.0}"
black_velour,"black velour (Lambertian model, rho 0.002)",30.0,50.0,180.0,0.0006366198583994718,0.002000000270277155,0.005447559654989786,128,"{""backing"": 2.0, ""bot"": ""cone"", ""bot_depth"": 1.0, ""face_h"": 100.0, ""face_w"": 100.0, ""margin_depths"": 0.0, ""top"": ""comb"", ""top_depth"": 1.0}"
black_velour,"black velour (Lambertian model, rho 0.002)",60.0,20.0,0.0,0.0006366197281297645,0.0019999998610227996,0.004884628223320385,128,"{""backing"": 2.0, ""bot"": ""cone"", ""bot_depth"": 1.0, ""face_h"": 100.0, ""face_w"": 100.0, ""margin_depths"": 0.0, ""top"": ""comb"", ""top_depth"": 1.0}"
black_velour,"black velour (Lambertian model, rho 0.002)",30.0,10.0,180.0,0.0006366198583994718,0.002000000270277155,0.004870668030165695,128,"{""backing"": 2.0, ""bot"": ""cone"", ""bot_depth"": 1.0, ""face_h"": 100.0, ""face_w"": 100.0, ""margin_depths"": 0.0, ""top"": ""comb"", ""top_depth"": 1.0}"
black_velour,"black velour (Lambertian model, rho 0.002)",50.0,30.0,135.0,0.0006366203156982093,0.0020000017069235093,0.004539149858277916,128,"{""backing"": 2.0, ""bot"": ""cone"", ""bot_depth"": 1.0, ""face_h"": 100.0, ""face_w"": 100.0, ""margin_depths"": 0.0, ""top"": ""comb"", ""top_depth"": 1.0}"
black_velour,"black velour (Lambertian model, rho 0.002)",50.0,10.0,0.0,0.0006366196908680614,0.0019999997439617066,0.004281568146898995,128,"{""backing"": 2.0, ""bot"": ""cone"", ""bot_depth"": 1.0, ""face_h"": 100.0, ""face_w"": 100.0, ""margin_depths"": 0.0, ""top"": ""comb"", ""top_depth"": 1.0}"
black_velour,"black velour (Lambertian model, rho 0.002)",30.0,10.0,45.0,0.0006366197911870574,0.002000000059123128,0.004265219936790676,128,"{""backing"": 2.0, ""bot"": ""cone"", ""bot_depth"": 1.0, ""face_h"": 100.0, ""face_w"": 100.0, ""margin_depths"": 0.0, ""top"": ""comb"", ""top_depth"": 1.0}"
black_velour,"black velour (Lambertian model, rho 0.002)",50.0,10.0,135.0,0.0006366198067784962,0.002000000108105077,0.004199247005089455,128,"{""backing"": 2.0, ""bot"": ""cone"", ""bot_depth"": 1.0, ""face_h"": 100.0, ""face_w"": 100.0, ""margin_depths"": 0.0, ""top"": ""comb"", ""top_depth"": 1.0}"
black_velour,"black velour (Lambertian model, rho 0.002)",40.0,20.0,0.0,0.0006366197313358456,0.001999999871095,0.0037138693400925776,128,"{""backing"": 2.0, ""bot"": ""cone"", ""bot_depth"": 1.0, ""face_h"": 100.0, ""face_w"": 100.0, ""margin_depths"": 0.0, ""top"": ""comb"", ""top_depth"": 1.0}"
black_velour,"black velour (Lambertian model, rho 0.002)",40.0,10.0,0.0,0.0006366197313358456,0.001999999871095,0.0036440800238184685,128,"{""backing"": 2.0, ""bot"": ""cone"", ""bot_depth"": 1.0, ""face_h"": 100.0, ""face_w"": 100.0, ""margin_depths"": 0.0, ""top"": ""comb"", ""top_depth"": 1.0}"
black_velour,"black velour (Lambertian model, rho 0.002)",20.0,10.0,135.0,0.0006366197599789207,0.0019999999610798747,0.003627401100491288,128,"{""backing"": 2.0, ""bot"": ""cone"", ""bot_depth"": 1.0, ""face_h"": 100.0, ""face_w"": 100.0, ""margin_depths"": 0.0, ""top"": ""comb"", ""top_depth"": 1.0}"
black_velour,"black velour (Lambertian model, rho 0.002)",20.0,50.0,135.0,0.0006366198615659436,0.0020000002802249197,0.003540875314918916,128,"{""backing"": 2.0, ""bot"": ""cone"", ""bot_depth"": 1.0, ""face_h"": 100.0, ""face_w"": 100.0, ""margin_depths"": 0.0, ""top"": ""comb"", ""top_depth"": 1.0}"
black_velour,"black velour (Lambertian model, rho 0.002)",60.0,20.0,45.0,0.0006366197863374184,0.0020000000438875373,0.0031400341977382115,128,"{""backing"": 2.0, ""bot"": ""cone"", ""bot_depth"": 1.0, ""face_h"": 100.0, ""face_w"": 100.0, ""margin_depths"": 0.0, ""top"": ""comb"", ""top_depth"": 1.0}"
black_velour,"black velour (Lambertian model, rho 0.002)",50.0,40.0,0.0,0.0006366223115410379,0.002000007977048677,0.0028106985877503123,128,"{""backing"": 2.0, ""bot"": ""cone"", ""bot_depth"": 1.0, ""face_h"": 100.0, ""face_w"": 100.0, ""margin_depths"": 0.0, ""top"": ""comb"", ""top_depth"": 1.0}"
black_velour,"black velour (Lambertian model, rho 0.002)",50.0,20.0,180.0,0.0006366195876353529,0.001999999419646588,0.002453879656781088,128,"{""backing"": 2.0, ""bot"": ""cone"", ""bot_depth"": 1.0, ""face_h"": 100.0, ""face_w"": 100.0, ""margin_depths"": 0.0, ""top"": ""comb"", ""top_depth"": 1.0}"
black_velour,"black velour (Lambertian model, rho 0.002)",30.0,20.0,45.0,0.0006366199014154258,0.00200000040541576,0.0022894441174987797,128,"{""backing"": 2.0, ""bot"": ""cone"", ""bot_depth"": 1.0, ""face_h"": 100.0, ""face_w"": 100.0, ""margin_depths"": 0.0, ""top"": ""comb"", ""top_depth"": 1.0}"
black_velour,"black velour (Lambertian model, rho 0.002)",50.0,0.0,135.0,0.0006366197941007888,0.0020000000682768846,0.002099100074326599,128,"{""backing"": 2.0, ""bot"": ""cone"", ""bot_depth"": 1.0, ""face_h"": 100.0, ""face_w"": 100.0, ""margin_depths"": 0.0, ""top"": ""comb"", ""top_depth"": 1.0}"
black_velour,"black velour (Lambertian model, rho 0.002)",50.0,10.0,180.0,0.0006366198067784962,0.002000000108105077,0.0020435916157630087,128,"{""backing"": 2.0, ""bot"": ""cone"", ""bot_depth"": 1.0, ""face_h"": 100.0, ""face_w"": 100.0, ""margin_depths"": 0.0, ""top"": ""comb"", ""top_depth"": 1.0}"
black_velour,"black velour (Lambertian model, rho 0.002)",50.0,0.0,45.0,0.0006366197289011589,0.0019999998634462066,0.0020094302871983367,128,"{""backing"": 2.0, ""bot"": ""cone"", ""bot_depth"": 1.0, ""face_h"": 100.0, ""face_w"": 100.0, ""margin_depths"": 0.0, ""top"": ""comb"", ""top_depth"": 1.0}"
black_velour,"black velour (Lambertian model, rho 0.002)",40.0,40.0,45.0,0.0006366224713551261,0.0020000084791194426,0.001604133757983053,128,"{""backing"": 2.0, ""bot"": ""cone"", ""bot_depth"": 1.0, ""face_h"": 100.0, ""face_w"": 100.0, ""margin_depths"": 0.0, ""top"": ""comb"", ""top_depth"": 1.0}"
white_paper,"white paper (Lambertian model, rho 0.80)",30.0,30.0,135.0,0.25464813263014424,0.8000007027212205,0.08980216402279576,128,"{""backing"": 2.0, ""bot"": ""cone"", ""bot_depth"": 1.0, ""face_h"": 100.0, ""face_w"": 100.0, ""margin_depths"": 0.0, ""top"": ""comb"", ""top_depth"": 1.0}"
white_paper,"white paper (Lambertian model, rho 0.80)",30.0,30.0,180.0,0.2546481326301291,0.8000007027211729,0.04903986517365248,128,"{""backing"": 2.0, ""bot"": ""cone"", ""bot_depth"": 1.0, ""face_h"": 100.0, ""face_w"": 100.0, ""margin_depths"": 0.0, ""top"": ""comb"", ""top_depth"": 1.0}"
white_paper,"white paper (Lambertian model, rho 0.80)",40.0,20.0,135.0,0.25464790894703254,0.7999999999999999,0.04586825731507714,128,"{""backing"": 2.0, ""bot"": ""cone"", ""bot_depth"": 1.0, ""face_h"": 100.0, ""face_w"": 100.0, ""margin_depths"": 0.0, ""top"": ""comb"", ""top_depth"": 1.0}"
white_paper,"white paper (Lambertian model, rho 0.80)",20.0,30.0,180.0,0.2546481309520389,0.800000697449297,0.041906113948311736,128,"{""backing"": 2.0, ""bot"": ""cone"", ""bot_depth"": 1.0, ""face_h"": 100.0, ""face_w"": 100.0, ""margin_depths"": 0.0, ""top"": ""comb"", ""top_depth"": 1.0}"
white_paper,"white paper (Lambertian model, rho 0.80)",40.0,20.0,90.0,0.25464790894703254,0.7999999999999999,0.03920226687773712,128,"{""backing"": 2.0, ""bot"": ""cone"", ""bot_depth"": 1.0, ""face_h"": 100.0, ""face_w"": 100.0, ""margin_depths"": 0.0, ""top"": ""comb"", ""top_depth"": 1.0}"
white_paper,"white paper (Lambertian model, rho 0.80)",30.0,40.0,135.0,0.25464894133397326,0.8000032433392286,0.03810885104589144,128,"{""backing"": 2.0, ""bot"": ""cone"", ""bot_depth"": 1.0, ""face_h"": 100.0, ""face_w"": 100.0, ""margin_depths"": 0.0, ""top"": ""comb"", ""top_depth"": 1.0}"
white_paper,"white paper (Lambertian model, rho 0.80)",30.0,20.0,135.0,0.25464790894703254,0.7999999999999999,0.03718993871886821,128,"{""backing"": 2.0, ""bot"": ""cone"", ""bot_depth"": 1.0, ""face_h"": 100.0, ""face_w"": 100.0, ""margin_depths"": 0.0, ""top"": ""comb"", ""top_depth"": 1.0}"
white_paper,"white paper (Lambertian model, rho 0.80)",30.0,20.0,180.0,0.25464790894703254,0.7999999999999999,0.0325087219684843,128,"{""backing"": 2.0, ""bot"": ""cone"", ""bot_depth"": 1.0, ""face_h"": 100.0, ""face_w"": 100.0, ""margin_depths"": 0.0, ""top"": ""comb"", ""top_depth"": 1.0}"
white_paper,"white paper (Lambertian model, rho 0.80)",30.0,40.0,180.0,0.25464895854042224,0.8000032973948823,0.02855556638916506,128,"{""backing"": 2.0, ""bot"": ""cone"", ""bot_depth"": 1.0, ""face_h"": 100.0, ""face_w"": 100.0, ""margin_depths"": 0.0, ""top"": ""comb"", ""top_depth"": 1.0}"
white_paper,"white paper (Lambertian model, rho 0.80)",40.0,30.0,135.0,0.25464812292011707,0.8000006722162704,0.026288766942937164,128,"{""backing"": 2.0, ""bot"": ""cone"", ""bot_depth"": 1.0, ""face_h"": 100.0, ""face_w"": 100.0, ""margin_depths"": 0.0, ""top"": ""comb"", ""top_depth"": 1.0}"
white_paper,"white paper (Lambertian model, rho 0.80)",50.0,20.0,45.0,0.25464790894703254,0.7999999999999999,0.023237329303576103,128,"{""backing"": 2.0, ""bot"": ""cone"", ""bot_depth"": 1.0, ""face_h"": 100.0, ""face_w"": 100.0, ""margin_depths"": 0.0, ""top"": ""comb"", ""top_depth"": 1.0}"
white_paper,"white paper (Lambertian model, rho 0.80)",40.0,10.0,135.0,0.25464790894703254,0.7999999999999999,0.020070418046821897,128,"{""backing"": 2.0, ""bot"": ""cone"", ""bot_depth"": 1.0, ""face_h"": 100.0, ""face_w"": 100.0, ""margin_depths"": 0.0, ""top"": ""comb"", ""top_depth"": 1.0}"
white_paper,"white paper (Lambertian model, rho 0.80)",40.0,20.0,180.0,0.25464790894703254,0.7999999999999999,0.019888654657046135,128,"{""backing"": 2.0, ""bot"": ""cone"", ""bot_depth"": 1.0, ""face_h"": 100.0, ""face_w"": 100.0, ""margin_depths"": 0.0, ""top"": ""comb"", ""top_depth"": 1.0}"
white_paper,"white paper (Lambertian model, rho 0.80)",50.0,30.0,45.0,0.2546480712217801,0.8000005098011549,0.018715149092180916,128,"{""backing"": 2.0, ""bot"": ""cone"", ""bot_depth"": 1.0, ""face_h"": 100.0, ""face_w"": 100.0, ""margin_depths"": 0.0, ""top"": ""comb"", ""top_depth"": 1.0}"
white_paper,"white paper (Lambertian model, rho 0.80)",40.0,30.0,90.0,0.2546481034680036,0.8000006111056536,0.0176018495078825,128,"{""backing"": 2.0, ""bot"": ""cone"", ""bot_depth"": 1.0, ""face_h"": 100.0, ""face_w"": 100.0, ""margin_depths"": 0.0, ""top"": ""comb"", ""top_depth"": 1.0}"
white_paper,"white paper (Lambertian model, rho 0.80)",50.0,20.0,90.0,0.25464793212911824,0.8000000728286701,0.016456710110281308,128,"{""backing"": 2.0, ""bot"": ""cone"", ""bot_depth"": 1.0, ""face_h"": 100.0, ""face_w"": 100.0, ""margin_depths"": 0.0, ""top"": ""comb"", ""top_depth"": 1.0}"
white_paper,"white paper (Lambertian model, rho 0.80)",20.0,40.0,180.0,0.25464893968783575,0.8000032381677351,0.01586797988694317,128,"{""backing"": 2.0, ""bot"": ""cone"", ""bot_depth"": 1.0, ""face_h"": 100.0, ""face_w"": 100.0, ""margin_depths"": 0.0, ""top"": ""comb"", ""top_depth"": 1.0}"
white_paper,"white paper (Lambertian model, rho 0.80)",60.0,40.0,0.0,0.2546490116375997,0.8000034642045849,0.015127637635600414,128,"{""backing"": 2.0, ""bot"": ""cone"", ""bot_depth"": 1.0, ""face_h"": 100.0, ""face_w"": 100.0, ""margin_depths"": 0.0, ""top"": ""comb"", ""top_depth"": 1.0}"
white_paper,"white paper (Lambertian model, rho 0.80)",40.0,40.0,135.0,0.2546489788160509,0.8000033610926485,0.015052748332916737,128,"{""backing"": 2.0, ""bot"": ""cone"", ""bot_depth"": 1.0, ""face_h"": 100.0, ""face_w"": 100.0, ""margin_depths"": 0.0, ""top"": ""comb"", ""top_depth"": 1.0}"
white_paper,"white paper (Lambertian model, rho 0.80)",20.0,30.0,135.0,0.2546481626670241,0.8000007970848616,0.01441407588054091,128,"{""backing"": 2.0, ""bot"": ""cone"", ""bot_depth"": 1.0, ""face_h"": 100.0, ""face_w"": 100.0, ""margin_depths"": 0.0, ""top"": ""comb"", ""top_depth"": 1.0}"
white_paper,"white paper (Lambertian model, rho 0.80)",30.0,30.0,90.0,0.25464811542373705,0.800000648665698,0.013002230044357195,128,"{""backing"": 2.0, ""bot"": ""cone"", ""bot_depth"": 1.0, ""face_h"": 100.0, ""face_w"": 100.0, ""margin_depths"": 0.0, ""top"": ""comb"", ""top_depth"": 1.0}"
white_paper,"white paper (Lambertian model, rho 0.80)",20.0,40.0,135.0,0.25464893968783575,0.8000032381677351,0.012914833782228729,128,"{""backing"": 2.0, ""bot"": ""cone"", ""bot_depth"": 1.0, ""face_h"": 100.0, ""face_w"": 100.0, ""margin_depths"": 0.0, ""top"": ""comb"", ""top_depth"": 1.0}"
white_paper,"white paper (Lambertian model, rho 0.80)",40.0,10.0,90.0,0.254647870042874,0.7999998777789813,0.012605493129875153,128,"{""backing"": 2.0, ""bot"": ""cone"", ""bot_depth"": 1.0, ""face_h"": 100.0, ""face_w"": 100.0, ""margin_depths"": 0.0, ""top"": ""comb"", ""top_depth"": 1.0}"
white_paper,"white paper (Lambertian model, rho 0.80)",50.0,10.0,45.0,0.25464790894703254,0.7999999999999999,0.01235977768220056,128,"{""backing"": 2.0, ""bot"": ""cone"", ""bot_depth"": 1.0, ""face_h"": 100.0, ""face_w"": 100.0, ""margin_depths"": 0.0, ""top"": ""comb"", ""top_depth"": 1.0}"
white_paper,"white paper (Lambertian model, rho 0.80)",60.0,40.0,45.0,0.25464895203245996,0.8000032769495158,0.012064804142813579,128,"{""backing"": 2.0, ""bot"": ""cone"", ""bot_depth"": 1.0, ""face_h"": 100.0, ""face_w"": 100.0, ""margin_depths"": 0.0, ""top"": ""comb"", ""top_depth"": 1.0}"
white_paper,"white paper (Lambertian model, rho 0.80)",40.0,30.0,180.0,0.25464816182431427,0.8000007944374106,0.011976684092712376,128,"{""backing"": 2.0, ""bot"": ""cone"", ""bot_depth"": 1.0, ""face_h"": 100.0, ""face_w"": 100.0, ""margin_depths"": 0.0, ""top"": ""comb"", ""top_depth"": 1.0}"
white_paper,"white paper (Lambertian model, rho 0.80)",30.0,20.0,90.0,0.25464790894703254,0.7999999999999999,0.011128701782599431,128,"{""backing"": 2.0, ""bot"": ""cone"", ""bot_depth"": 1.0, ""face_h"": 100.0, ""face_w"": 100.0, ""margin_depths"": 0.0, ""top"": ""comb"", ""top_depth"": 1.0}"
white_paper,"white paper (Lambertian model, rho 0.80)",50.0,30.0,90.0,0.2546481175859937,0.8000006554586276,0.011110070335918924,128,"{""backing"": 2.0, ""bot"": ""cone"", ""bot_depth"": 1.0, ""face_h"": 100.0, ""face_w"": 100.0, ""margin_depths"": 0.0, ""top"": ""comb"", ""top_depth"": 1.0}"
white_paper,"white paper (Lambertian model, rho 0.80)",40.0,40.0,90.0,0.2546489593638067,0.8000032999816209,0.010934749910167851,128,"{""backing"": 2.0, ""bot"": ""cone"", ""bot_depth"": 1.0, ""face_h"": 100.0, ""face_w"": 100.0, ""margin_depths"": 0.0, ""top"": ""comb"", ""top_depth"": 1.0}"
white_paper,"white paper (Lambertian model, rho 0.80)",30.0,10.0,135.0,0.2546478745342764,0.7999998918891381,0.01054566432731682,128,"{""backing"": 2.0, ""bot"": ""cone"", ""bot_depth"": 1.0, ""face_h"": 100.0, ""face_w"": 100.0, ""margin_depths"": 0.0, ""top"": ""comb"", ""top_depth"": 1.0}"
white_paper,"white paper (Lambertian model, rho 0.80)",50.0,10.0,90.0,0.25464788576494685,0.7999999271713298,0.010500508207897304,128,"{""backing"": 2.0, ""bot"": ""cone"", ""bot_depth"": 1.0, ""face_h"": 100.0, ""face_w"": 100.0, ""margin_depths"": 0.0, ""top"": ""comb"", ""top_depth"": 1.0}"
white_paper,"white paper (Lambertian model, rho 0.80)",40.0,10.0,180.0,0.25464790894703254,0.7999999999999999,0.010220536380538159,128,"{""backing"": 2.0, ""bot"": ""cone"", ""bot_depth"": 1.0, ""face_h"": 100.0, ""face_w"": 100.0, ""margin_depths"": 0.0, ""top"": ""comb"", ""top_depth"": 1.0}"
white_paper,"white paper (Lambertian model, rho 0.80)",60.0,30.0,45.0,0.25464805795871326,0.8000004681340014,0.01011767031256963,128,"{""backing"": 2.0, ""bot"": ""cone"", ""bot_depth"": 1.0, ""face_h"": 100.0, ""face_w"": 100.0, ""margin_depths"": 0.0, ""top"": ""comb"", ""top_depth"": 1.0}"
white_paper,"white paper (Lambertian model, rho 0.80)",70.0,60.0,0.0,0.25464888923242635,0.8000030796573916,0.009931226964234218,128,"{""backing"": 2.0, ""bot"": ""cone"", ""bot_depth"": 1.0, ""face_h"": 100.0, ""face_w"": 100.0, ""margin_depths"": 0.0, ""top"": ""comb"", ""top_depth"": 1.0}"
white_paper,"white paper (Lambertian model, rho 0.80)",40.0,20.0,45.0,0.25464794785119405,0.800000122221028,0.009809334400284017,128,"{""backing"": 2.0, ""bot"": ""cone"", ""bot_depth"": 1.0, ""face_h"": 100.0, ""face_w"": 100.0, ""margin_depths"": 0.0, ""top"": ""comb"", ""top_depth"": 1.0}"
white_paper,"white paper (Lambertian model, rho 0.80)",60.0,30.0,0.0,0.25464808776109127,0.8000005617609333,0.009605743480525432,128,"{""backing"": 2.0, ""bot"": ""cone"", ""bot_depth"": 1.0, ""face_h"": 100.0, ""face_w"": 100.0, ""margin_depths"": 0.0, ""top"": ""comb"", ""top_depth"": 1.0}"
white_paper,"white paper (Lambertian model, rho 0.80)",60.0,50.0,0.0,0.25464793874935476,0.8000000936267565,0.008984812838706176,128,"{""backing"": 2.0, ""bot"": ""cone"", ""bot_depth"": 1.0, ""face_h"": 100.0, ""face_w"": 100.0, ""margin_depths"": 0.0, ""top"": ""comb"", ""top_depth"": 1.0}"
white_paper,"white paper (Lambertian model, rho 0.80)",20.0,50.0,180.0,0.25464790894703254,0.7999999999999999,0.008827458854826008,128,"{""backing"": 2.0, ""bot"": ""cone"", ""bot_depth"": 1.0, ""face_h"": 100.0, ""face_w"": 100.0, ""margin_depths"": 0.0, ""top"": ""comb"", ""top_depth"": 1.0}"
white_paper,"white paper (Lambertian model, rho 0.80)",50.0,40.0,45.0,0.2546489521454471,0.8000032773044753,0.008737116980262577,128,"{""backing"": 2.0, ""bot"": ""cone"", ""bot_depth"": 1.0, ""face_h"": 100.0, ""face_w"": 100.0, ""margin_depths"": 0.0, ""top"": ""comb"", ""top_depth"": 1.0}"
white_paper,"white paper (Lambertian model, rho 0.80)",30.0,50.0,135.0,0.2546479777725589,0.8000002162217679,0.00831887384279789,128,"{""backing"": 2.0, ""bot"": ""cone"", ""bot_depth"": 1.0, ""face_h"": 100.0, ""face_w"": 100.0, ""margin_depths"": 0.0, ""top"": ""comb"", ""top_depth"": 1.0}"
white_paper,"white paper (Lambertian model, rho 0.80)",30.0,40.0,90.0,0.2546489585404932,0.8000032973951052,0.00783695733905917,128,"{""backing"": 2.0, ""bot"": ""cone"", ""bot_depth"": 1.0, ""face_h"": 100.0, ""face_w"": 100.0, ""margin_depths"": 0.0, ""top"": ""comb"", ""top_depth"": 1.0}"
white_paper,"white paper (Lambertian model, rho 0.80)",50.0,20.0,0.0,0.25464788576494685,0.7999999271713298,0.007570351105649503,128,"{""backing"": 2.0, ""bot"": ""cone"", ""bot_depth"": 1.0, ""face_h"": 100.0, ""face_w"": 100.0, ""margin_depths"": 0.0, ""top"": ""comb"", ""top_depth"": 1.0}"
white_paper,"white paper (Lambertian model, rho 0.80)",70.0,50.0,0.0,0.25464790894703254,0.7999999999999999,0.007229610299956672,128,"{""backing"": 2.0, ""bot"": ""cone"", ""bot_depth"": 1.0, ""face_h"": 100.0, ""face_w"": 100.0, ""margin_depths"": 0.0, ""top"": ""comb"", ""top_depth"": 1.0}"
white_paper,"white paper (Lambertian model, rho 0.80)",50.0,30.0,0.0,0.2546480712217653,0.8000005098011083,0.006987005036625616,128,"{""backing"": 2.0, ""bot"": ""cone"", ""bot_depth"": 1.0, ""face_h"": 100.0, ""face_w"": 100.0, ""margin_depths"": 0.0, ""top"": ""comb"", ""top_depth"": 1.0}"
white_paper,"white paper (Lambertian model, rho 0.80)",40.0,10.0,45.0,0.2546478894949533,0.7999999388894908,0.006908625127113288,128,"{""backing"": 2.0, ""bot"": ""cone"", ""bot_depth"": 1.0, ""face_h"": 100.0, ""face_w"": 100.0, ""margin_depths"": 0.0, ""top"": ""comb"", ""top_depth"": 1.0}"
white_paper,"white paper (Lambertian model, rho 0.80)",40.0,30.0,45.0,0.254648122920068,0.8000006722161163,0.006633807936980139,128,"{""backing"": 2.0, ""bot"": ""cone"", ""bot_depth"": 1.0, ""face_h"": 100.0, ""face_w"": 100.0, ""margin_depths"": 0.0, ""top"": ""comb"", ""top_depth"": 1.0}"
white_paper,"white paper (Lambertian model, rho 0.80)",20.0,20.0,135.0,0.25464789308954694,0.7999999501822397,0.006509819558383937,128,"{""backing"": 2.0, ""bot"": ""cone"", ""bot_depth"": 1.0, ""face_h"": 100.0, ""face_w"": 100.0, ""margin_depths"": 0.0, ""top"": ""comb"", ""top_depth"": 1.0}"
white_paper,"white paper (Lambertian model, rho 0.80)",20.0,20.0,180.0,0.2546478772320632,0.7999999003644853,0.0063749428876639855,128,"{""backing"": 2.0, ""bot"": ""cone"", ""bot_depth"": 1.0, ""face_h"": 100.0, ""face_w"": 100.0, ""margin_depths"": 0.0, ""top"": ""comb"", ""top_depth"": 1.0}"
white_paper,"white paper (Lambertian model, rho 0.80)",30.0,10.0,90.0,0.25464789174065333,0.7999999459445655,0.006123313820272432,128,"{""backing"": 2.0, ""bot"": ""cone"", ""bot_depth"": 1.0, ""face_h"": 100.0, ""face_w"": 100.0, ""margin_depths"": 0.0, ""top"": ""comb"", ""top_depth"": 1.0}"
white_paper,"white paper (Lambertian model, rho 0.80)",60.0,50.0,45.0,0.25464790894703254,0.7999999999999999,0.0059069558698438985,128,"{""backing"": 2.0, ""bot"": ""cone"", ""bot_depth"": 1.0, ""face_h"": 100.0, ""face_w"": 100.0, ""margin_depths"": 0.0, ""top"": ""comb"", ""top_depth"": 1.0}"
white_paper,"white paper (Lambertian model, rho 0.80)",50.0,20.0,135.0,0.25464793212911824,0.8000000728286701,0.00589317062936428,128,"{""backing"": 2.0, ""bot"": ""cone"", ""bot_depth"": 1.0, ""face_h"": 100.0, ""face_w"": 100.0, ""margin_depths"": 0.0, ""top"": ""comb"", ""top_depth"": 1.0}"
white_paper,"white paper (Lambertian model, rho 0.80)",40.0,40.0,180.0,0.2546489982682981,0.8000034222036854,0.005587591185609164,128,"{""backing"": 2.0, ""bot"": ""cone"", ""bot_depth"": 1.0, ""face_h"": 100.0, ""face_w"": 100.0, ""margin_depths"": 0.0, ""top"": ""comb"", ""top_depth"": 1.0}"
white_paper,"white paper (Lambertian model, rho 0.80)",50.0,40.0,90.0,0.2546489985097219,0.8000034229621404,0.00555160440308923,128,"{""backing"": 2.0, ""bot"": ""cone"", ""bot_depth"": 1.0, ""face_h"": 100.0, ""face_w"": 100.0, ""margin_depths"": 0.0, ""top"": ""comb"", ""top_depth"": 1.0}"
white_paper,"white paper (Lambertian model, rho 0.80)",30.0,50.0,180.0,0.25464794335978874,0.8000001081108621,0.005447559654989786,128,"{""backing"": 2.0, ""bot"": ""cone"", ""bot_depth"": 1.0, ""face_h"": 100.0, ""face_w"": 100.0, ""margin_depths"": 0.0, ""top"": ""comb"", ""top_depth"": 1.0}"
white_paper,"white paper (Lambertian model, rho 0.80)",60.0,20.0,0.0,0.25464790894703254,0.7999999999999999,0.004884628223320385,128,"{""backing"": 2.0, ""bot"": ""cone"", ""bot_depth"": 1.0, ""face_h"": 100.0, ""face_w"": 100.0, ""margin_depths"": 0.0, ""top"": ""comb"", ""top_depth"": 1.0}"
white_paper,"white paper (Lambertian model, rho 0.80)",30.0,10.0,180.0,0.2546478745342764,0.7999998918891381,0.004870668030165695,128,"{""backing"": 2.0, ""bot"": ""cone"", ""bot_depth"": 1.0, ""face_h"": 100.0, ""face_w"": 100.0, ""margin_depths"": 0.0, ""top"": ""comb"", ""top_depth"": 1.0}"
white_paper,"white paper (Lambertian model, rho 0.80)",50.0,30.0,135.0,0.2546481639502073,0.8000008011161004,0.004539149858277916,128,"{""backing"": 2.0, ""bot"": ""cone"", ""bot_depth"": 1.0, ""face_h"": 100.0, ""face_w"": 100.0, ""margin_depths"": 0.0, ""top"": ""comb"", ""top_depth"": 1.0}"
white_paper,"white paper (Lambertian model, rho 0.80)",50.0,10.0,0.0,0.25464783940078184,0.7999997815140097,0.004281568146898995,128,"{""backing"": 2.0, ""bot"": ""cone"", ""bot_depth"": 1.0, ""face_h"": 100.0, ""face_w"": 100.0, ""margin_depths"": 0.0, ""top"": ""comb"", ""top_depth"": 1.0}"
white_paper,"white paper (Lambertian model, rho 0.80)",30.0,10.0,45.0,0.25464789174065444,0.7999999459445689,0.004265219936790676,128,"{""backing"": 2.0, ""bot"": ""cone"", ""bot_depth"": 1.0, ""face_h"": 100.0, ""face_w"": 100.0, ""margin_depths"": 0.0, ""top"": ""comb"", ""top_depth"": 1.0}"
white_paper,"white paper (Lambertian model, rho 0.80)",50.0,10.0,135.0,0.25464793212912246,0.8000000728286834,0.004199247005089455,128,"{""backing"": 2.0, ""bot"": ""cone"", ""bot_depth"": 1.0, ""face_h"": 100.0, ""face_w"": 100.0, ""margin_depths"": 0.0, ""top"": ""comb"", ""top_depth"": 1.0}"
white_paper,"white paper (Lambertian model, rho 0.80)",40.0,20.0,0.0,0.2546479283991148,0.8000000611105188,0.0037138693400925776,128,"{""backing"": 2.0, ""bot"": ""cone"", ""bot_depth"": 1.0, ""face_h"": 100.0, ""face_w"": 100.0, ""margin_depths"": 0.0, ""top"": ""comb"", ""top_depth"": 1.0}"
white_paper,"white paper (Lambertian model, rho 0.80)",40.0,10.0,0.0,0.2546479283991148,0.8000000611105188,0.0036440800238184685,128,"{""backing"": 2.0, ""bot"": ""cone"", ""bot_depth"": 1.0, ""face_h"": 100.0, ""face_w"": 100.0, ""margin_depths"": 0.0, ""top"": ""comb"", ""top_depth"": 1.0}"
white_paper,"white paper (Lambertian model, rho 0.80)",20.0,10.0,135.0,0.25464790894703254,0.7999999999999999,0.003627401100491288,128,"{""backing"": 2.0, ""bot"": ""cone"", ""bot_depth"": 1.0, ""face_h"": 100.0, ""face_w"": 100.0, ""margin_depths"": 0.0, ""top"": ""comb"", ""top_depth"": 1.0}"
white_paper,"white paper (Lambertian model, rho 0.80)",20.0,50.0,135.0,0.25464794066200586,0.8000000996355272,0.003540875314918916,128,"{""backing"": 2.0, ""bot"": ""cone"", ""bot_depth"": 1.0, ""face_h"": 100.0, ""face_w"": 100.0, ""margin_depths"": 0.0, ""top"": ""comb"", ""top_depth"": 1.0}"
white_paper,"white paper (Lambertian model, rho 0.80)",60.0,20.0,45.0,0.25464790894703254,0.7999999999999999,0.0031400341977382115,128,"{""backing"": 2.0, ""bot"": ""cone"", ""bot_depth"": 1.0, ""face_h"": 100.0, ""face_w"": 100.0, ""margin_depths"": 0.0, ""top"": ""comb"", ""top_depth"": 1.0}"
white_paper,"white paper (Lambertian model, rho 0.80)",50.0,40.0,0.0,0.2546489521452572,0.8000032773038788,0.0028106985877503123,128,"{""backing"": 2.0, ""bot"": ""cone"", ""bot_depth"": 1.0, ""face_h"": 100.0, ""face_w"": 100.0, ""margin_depths"": 0.0, ""top"": ""comb"", ""top_depth"": 1.0}"
white_paper,"white paper (Lambertian model, rho 0.80)",50.0,20.0,180.0,0.25464790894703254,0.7999999999999999,0.002453879656781088,128,"{""backing"": 2.0, ""bot"": ""cone"", ""bot_depth"": 1.0, ""face_h"": 100.0, ""face_w"": 100.0, ""margin_depths"": 0.0, ""top"": ""comb"", ""top_depth"": 1.0}"
white_paper,"white paper (Lambertian model, rho 0.80)",30.0,20.0,45.0,0.2546479261534118,0.8000000540554347,0.0022894441174987797,128,"{""backing"": 2.0, ""bot"": ""cone"", ""bot_depth"": 1.0, ""face_h"": 100.0, ""face_w"": 100.0, ""margin_depths"": 0.0, ""top"": ""comb"", ""top_depth"": 1.0}"
white_paper,"white paper (Lambertian model, rho 0.80)",50.0,0.0,135.0,0.2546478857649448,0.7999999271713234,0.002099100074326599,128,"{""backing"": 2.0, ""bot"": ""cone"", ""bot_depth"": 1.0, ""face_h"": 100.0, ""face_w"": 100.0, ""margin_depths"": 0.0, ""top"": ""comb"", ""top_depth"": 1.0}"
white_paper,"white paper (Lambertian model, rho 0.80)",50.0,10.0,180.0,0.2546479784933086,0.80000021848607,0.0020435916157630087,128,"{""backing"": 2.0, ""bot"": ""cone"", ""bot_depth"": 1.0, ""face_h"": 100.0, ""face_w"": 100.0, ""margin_depths"": 0.0, ""top"": ""comb"", ""top_depth"": 1.0}"
white_paper,"white paper (Lambertian model, rho 0.80)",50.0,0.0,45.0,0.25464795531121664,0.8000001456573802,0.0020094302871983367,128,"{""backing"": 2.0, ""bot"": ""cone"", ""bot_depth"": 1.0, ""face_h"": 100.0, ""face_w"": 100.0, ""margin_depths"": 0.0, ""top"": ""comb"", ""top_depth"": 1.0}"
white_paper,"white paper (Lambertian model, rho 0.80)",40.0,40.0,45.0,0.2546489982681317,0.8000034222031625,0.001604133757983053,128,"{""backing"": 2.0, ""bot"": ""cone"", ""bot_depth"": 1.0, ""face_h"": 100.0, ""face_w"": 100.0, ""margin_depths"": 0.0, ""top"": ""comb"", ""top_depth"": 1.0}"
