tag,cells,panel,seed,pitch,depth,wall,paint_frac,paint_mm,shallow,deep,aspect,tip_frac,samples,theta,rho,rho_at60,params_json
RR_p06.5_d62.5_w0.03_f015_s23,25.0,162.5,23,6.5,62.5,0.03,0.15,9.375,musou_fit,anodised_hi,9.615384615384615,0.00923076923076923,128,0.0,0.00036315969191491604,0.001634545197399954,"{""depth"": 62.5, ""floor"": ""none"", ""panel"": 162.5, ""seed"": 23, ""top"": ""honeycomb"", ""top_params"": {""cell_lean_domain"": 16.0, ""jitter"": 0.3, ""pitch"": 6.5, ""wall_bot"": 0.03, ""wall_top"": 0.03}}"
RR_p06.5_d62.5_w0.03_f015_s23,25.0,162.5,23,6.5,62.5,0.03,0.15,9.375,musou_fit,anodised_hi,9.615384615384615,0.00923076923076923,128,-20.0,0.001151742646470666,0.001634545197399954,"{""depth"": 62.5, ""floor"": ""none"", ""panel"": 162.5, ""seed"": 23, ""top"": ""honeycomb"", ""top_params"": {""cell_lean_domain"": 16.0, ""jitter"": 0.3, ""pitch"": 6.5, ""wall_bot"": 0.03, ""wall_top"": 0.03}}"
RR_p06.5_d62.5_w0.03_f015_s23,25.0,162.5,23,6.5,62.5,0.03,0.15,9.375,musou_fit,anodised_hi,9.615384615384615,0.00923076923076923,128,-40.0,0.0016454507131129503,0.001634545197399954,"{""depth"": 62.5, ""floor"": ""none"", ""panel"": 162.5, ""seed"": 23, ""top"": ""honeycomb"", ""top_params"": {""cell_lean_domain"": 16.0, ""jitter"": 0.3, ""pitch"": 6.5, ""wall_bot"": 0.03, ""wall_top"": 0.03}}"
RR_p06.5_d62.5_w0.03_f015_s23,25.0,162.5,23,6.5,62.5,0.03,0.15,9.375,musou_fit,anodised_hi,9.615384615384615,0.00923076923076923,128,20.0,0.001141174347139895,0.001634545197399954,"{""depth"": 62.5, ""floor"": ""none"", ""panel"": 162.5, ""seed"": 23, ""top"": ""honeycomb"", ""top_params"": {""cell_lean_domain"": 16.0, ""jitter"": 0.3, ""pitch"": 6.5, ""wall_bot"": 0.03, ""wall_top"": 0.03}}"
RR_p06.5_d62.5_w0.03_f015_s23,25.0,162.5,23,6.5,62.5,0.03,0.15,9.375,musou_fit,anodised_hi,9.615384615384615,0.00923076923076923,128,40.0,0.001636634231545031,0.001634545197399954,"{""depth"": 62.5, ""floor"": ""none"", ""panel"": 162.5, ""seed"": 23, ""top"": ""honeycomb"", ""top_params"": {""cell_lean_domain"": 16.0, ""jitter"": 0.3, ""pitch"": 6.5, ""wall_bot"": 0.03, ""wall_top"": 0.03}}"
RR_p06.5_d62.5_w0.03_f015_s101,25.0,162.5,101,6.5,62.5,0.03,0.15,9.375,musou_fit,anodised_hi,9.615384615384615,0.00923076923076923,128,0.0,0.00036404296406544745,0.001634545197399954,"{""depth"": 62.5, ""floor"": ""none"", ""panel"": 162.5, ""seed"": 101, ""top"": ""honeycomb"", ""top_params"": {""cell_lean_domain"": 16.0, ""jitter"": 0.3, ""pitch"": 6.5, ""wall_bot"": 0.03, ""wall_top"": 0.03}}"
RR_p06.5_d62.5_w0.03_f015_s101,25.0,162.5,101,6.5,62.5,0.03,0.15,9.375,musou_fit,anodised_hi,9.615384615384615,0.00923076923076923,128,-20.0,0.0011540718842297792,0.001634545197399954,"{""depth"": 62.5, ""floor"": ""none"", ""panel"": 162.5, ""seed"": 101, ""top"": ""honeycomb"", ""top_params"": {""cell_lean_domain"": 16.0, ""jitter"": 0.3, ""pitch"": 6.5, ""wall_bot"": 0.03, ""wall_top"": 0.03}}"
RR_p06.5_d62.5_w0.03_f015_s101,25.0,162.5,101,6.5,62.5,0.03,0.15,9.375,musou_fit,anodised_hi,9.615384615384615,0.00923076923076923,128,-40.0,0.0016443933127447963,0.001634545197399954,"{""depth"": 62.5, ""floor"": ""none"", ""panel"": 162.5, ""seed"": 101, ""top"": ""honeycomb"", ""top_params"": {""cell_lean_domain"": 16.0, ""jitter"": 0.3, ""pitch"": 6.5, ""wall_bot"": 0.03, ""wall_top"": 0.03}}"
RR_p06.5_d62.5_w0.03_f015_s101,25.0,162.5,101,6.5,62.5,0.03,0.15,9.375,musou_fit,anodised_hi,9.615384615384615,0.00923076923076923,128,20.0,0.0011438619112595916,0.001634545197399954,"{""depth"": 62.5, ""floor"": ""none"", ""panel"": 162.5, ""seed"": 101, ""top"": ""honeycomb"", ""top_params"": {""cell_lean_domain"": 16.0, ""jitter"": 0.3, ""pitch"": 6.5, ""wall_bot"": 0.03, ""wall_top"": 0.03}}"
RR_p06.5_d62.5_w0.03_f015_s101,25.0,162.5,101,6.5,62.5,0.03,0.15,9.375,musou_fit,anodised_hi,9.615384615384615,0.00923076923076923,128,40.0,0.0016378778964281082,0.001634545197399954,"{""depth"": 62.5, ""floor"": ""none"", ""panel"": 162.5, ""seed"": 101, ""top"": ""honeycomb"", ""top_params"": {""cell_lean_domain"": 16.0, ""jitter"": 0.3, ""pitch"": 6.5, ""wall_bot"": 0.03, ""wall_top"": 0.03}}"
RR_p06.5_d62.5_w0.03_f015_s102,25.0,162.5,102,6.5,62.5,0.03,0.15,9.375,musou_fit,anodised_hi,9.615384615384615,0.00923076923076923,128,0.0,0.00036242211353965104,0.001634545197399954,"{""depth"": 62.5, ""floor"": ""none"", ""panel"": 162.5, ""seed"": 102, ""top"": ""honeycomb"", ""top_params"": {""cell_lean_domain"": 16.0, ""jitter"": 0.3, ""pitch"": 6.5, ""wall_bot"": 0.03, ""wall_top"": 0.03}}"
RR_p06.5_d62.5_w0.03_f015_s102,25.0,162.5,102,6.5,62.5,0.03,0.15,9.375,musou_fit,anodised_hi,9.615384615384615,0.00923076923076923,128,-20.0,0.001143156667239964,0.001634545197399954,"{""depth"": 62.5, ""floor"": ""none"", ""panel"": 162.5, ""seed"": 102, ""top"": ""honeycomb"", ""top_params"": {""cell_lean_domain"": 16.0, ""jitter"": 0.3, ""pitch"": 6.5, ""wall_bot"": 0.03, ""wall_top"": 0.03}}"
RR_p06.5_d62.5_w0.03_f015_s102,25.0,162.5,102,6.5,62.5,0.03,0.15,9.375,musou_fit,anodised_hi,9.615384615384615,0.00923076923076923,128,-40.0,0.0016516789328306913,0.001634545197399954,"{""depth"": 62.5, ""floor"": ""none"", ""panel"": 162.5, ""seed"": 102, ""top"": ""honeycomb"", ""top_params"": {""cell_lean_domain"": 16.0, ""jitter"": 0.3, ""pitch"": 6.5, ""wall_bot"": 0.03, ""wall_top"": 0.03}}"
RR_p06.5_d62.5_w0.03_f015_s102,25.0,162.5,102,6.5,62.5,0.03,0.15,9.375,musou_fit,anodised_hi,9.615384615384615,0.00923076923076923,128,20.0,0.001147183240391314,0.001634545197399954,"{""depth"": 62.5, ""floor"": ""none"", ""panel"": 162.5, ""seed"": 102, ""top"": ""honeycomb"", ""top_params"": {""cell_lean_domain"": 16.0, ""jitter"": 0.3, ""pitch"": 6.5, ""wall_bot"": 0.03, ""wall_top"": 0.03}}"
RR_p06.5_d62.5_w0.03_f015_s102,25.0,162.5,102,6.5,62.5,0.03,0.15,9.375,musou_fit,anodised_hi,9.615384615384615,0.00923076923076923,128,40.0,0.0016351735685020685,0.001634545197399954,"{""depth"": 62.5, ""floor"": ""none"", ""panel"": 162.5, ""seed"": 102, ""top"": ""honeycomb"", ""top_params"": {""cell_lean_domain"": 16.0, ""jitter"": 0.3, ""pitch"": 6.5, ""wall_bot"": 0.03, ""wall_top"": 0.03}}"
RR_p06.5_d80.0_w0.03_f015_s23,25.0,162.5,23,6.5,80.0,0.03,0.15,12.0,musou_fit,anodised_hi,12.307692307692308,0.00923076923076923,128,0.0,0.0002726134262047708,0.0016351690671096246,"{""depth"": 80.0, ""floor"": ""none"", ""panel"": 162.5, ""seed"": 23, ""top"": ""honeycomb"", ""top_params"": {""cell_lean_domain"": 16.0, ""jitter"": 0.3, ""pitch"": 6.5, ""wall_bot"": 0.03, ""wall_top"": 0.03}}"
RR_p06.5_d80.0_w0.03_f015_s23,25.0,162.5,23,6.5,80.0,0.03,0.15,12.0,musou_fit,anodised_hi,12.307692307692308,0.00923076923076923,128,-20.0,0.0010282589355483651,0.0016351690671096246,"{""depth"": 80.0, ""floor"": ""none"", ""panel"": 162.5, ""seed"": 23, ""top"": ""honeycomb"", ""top_params"": {""cell_lean_domain"": 16.0, ""jitter"": 0.3, ""pitch"": 6.5, ""wall_bot"": 0.03, ""wall_top"": 0.03}}"
RR_p06.5_d80.0_w0.03_f015_s23,25.0,162.5,23,6.5,80.0,0.03,0.15,12.0,musou_fit,anodised_hi,12.307692307692308,0.00923076923076923,128,-40.0,0.0016414823476225138,0.0016351690671096246,"{""depth"": 80.0, ""floor"": ""none"", ""panel"": 162.5, ""seed"": 23, ""top"": ""honeycomb"", ""top_params"": {""cell_lean_domain"": 16.0, ""jitter"": 0.3, ""pitch"": 6.5, ""wall_bot"": 0.03, ""wall_top"": 0.03}}"
RR_p06.5_d80.0_w0.03_f015_s23,25.0,162.5,23,6.5,80.0,0.03,0.15,12.0,musou_fit,anodised_hi,12.307692307692308,0.00923076923076923,128,20.0,0.0010257747489959002,0.0016351690671096246,"{""depth"": 80.0, ""floor"": ""none"", ""panel"": 162.5, ""seed"": 23, ""top"": ""honeycomb"", ""top_params"": {""cell_lean_domain"": 16.0, ""jitter"": 0.3, ""pitch"": 6.5, ""wall_bot"": 0.03, ""wall_top"": 0.03}}"
RR_p06.5_d80.0_w0.03_f015_s23,25.0,162.5,23,6.5,80.0,0.03,0.15,12.0,musou_fit,anodised_hi,12.307692307692308,0.00923076923076923,128,40.0,0.0016164215048775077,0.0016351690671096246,"{""depth"": 80.0, ""floor"": ""none"", ""panel"": 162.5, ""seed"": 23, ""top"": ""honeycomb"", ""top_params"": {""cell_lean_domain"": 16.0, ""jitter"": 0.3, ""pitch"": 6.5, ""wall_bot"": 0.03, ""wall_top"": 0.03}}"
RR_p06.5_d80.0_w0.03_f015_s101,25.0,162.5,101,6.5,80.0,0.03,0.15,12.0,musou_fit,anodised_hi,12.307692307692308,0.00923076923076923,128,0.0,0.0002689537650439888,0.0016351690671096246,"{""depth"": 80.0, ""floor"": ""none"", ""panel"": 162.5, ""seed"": 101, ""top"": ""honeycomb"", ""top_params"": {""cell_lean_domain"": 16.0, ""jitter"": 0.3, ""pitch"": 6.5, ""wall_bot"": 0.03, ""wall_top"": 0.03}}"
RR_p06.5_d80.0_w0.03_f015_s101,25.0,162.5,101,6.5,80.0,0.03,0.15,12.0,musou_fit,anodised_hi,12.307692307692308,0.00923076923076923,128,-20.0,0.0010194136993959546,0.0016351690671096246,"{""depth"": 80.0, ""floor"": ""none"", ""panel"": 162.5, ""seed"": 101, ""top"": ""honeycomb"", ""top_params"": {""cell_lean_domain"": 16.0, ""jitter"": 0.3, ""pitch"": 6.5, ""wall_bot"": 0.03, ""wall_top"": 0.03}}"
RR_p06.5_d80.0_w0.03_f015_s101,25.0,162.5,101,6.5,80.0,0.03,0.15,12.0,musou_fit,anodised_hi,12.307692307692308,0.00923076923076923,128,-40.0,0.0016379947774112225,0.0016351690671096246,"{""depth"": 80.0, ""floor"": ""none"", ""panel"": 162.5, ""seed"": 101, ""top"": ""honeycomb"", ""top_params"": {""cell_lean_domain"": 16.0, ""jitter"": 0.3, ""pitch"": 6.5, ""wall_bot"": 0.03, ""wall_top"": 0.03}}"
RR_p06.5_d80.0_w0.03_f015_s101,25.0,162.5,101,6.5,80.0,0.03,0.15,12.0,musou_fit,anodised_hi,12.307692307692308,0.00923076923076923,128,20.0,0.0010299751302227378,0.0016351690671096246,"{""depth"": 80.0, ""floor"": ""none"", ""panel"": 162.5, ""seed"": 101, ""top"": ""honeycomb"", ""top_params"": {""cell_lean_domain"": 16.0, ""jitter"": 0.3, ""pitch"": 6.5, ""wall_bot"": 0.03, ""wall_top"": 0.03}}"
RR_p06.5_d80.0_w0.03_f015_s101,25.0,162.5,101,6.5,80.0,0.03,0.15,12.0,musou_fit,anodised_hi,12.307692307692308,0.00923076923076923,128,40.0,0.0016348636709153652,0.0016351690671096246,"{""depth"": 80.0, ""floor"": ""none"", ""panel"": 162.5, ""seed"": 101, ""top"": ""honeycomb"", ""top_params"": {""cell_lean_domain"": 16.0, ""jitter"": 0.3, ""pitch"": 6.5, ""wall_bot"": 0.03, ""wall_top"": 0.03}}"
RR_p06.5_d80.0_w0.03_f015_s102,25.0,162.5,102,6.5,80.0,0.03,0.15,12.0,musou_fit,anodised_hi,12.307692307692308,0.00923076923076923,128,0.0,0.0002682687190826982,0.0016351690671096246,"{""depth"": 80.0, ""floor"": ""none"", ""panel"": 162.5, ""seed"": 102, ""top"": ""honeycomb"", ""top_params"": {""cell_lean_domain"": 16.0, ""jitter"": 0.3, ""pitch"": 6.5, ""wall_bot"": 0.03, ""wall_top"": 0.03}}"
RR_p06.5_d80.0_w0.03_f015_s102,25.0,162.5,102,6.5,80.0,0.03,0.15,12.0,musou_fit,anodised_hi,12.307692307692308,0.00923076923076923,128,-20.0,0.0010293427621945739,0.0016351690671096246,"{""depth"": 80.0, ""floor"": ""none"", ""panel"": 162.5, ""seed"": 102, ""top"": ""honeycomb"", ""top_params"": {""cell_lean_domain"": 16.0, ""jitter"": 0.3, ""pitch"": 6.5, ""wall_bot"": 0.03, ""wall_top"": 0.03}}"
RR_p06.5_d80.0_w0.03_f015_s102,25.0,162.5,102,6.5,80.0,0.03,0.15,12.0,musou_fit,anodised_hi,12.307692307692308,0.00923076923076923,128,-40.0,0.0016512456350028515,0.0016351690671096246,"{""depth"": 80.0, ""floor"": ""none"", ""panel"": 162.5, ""seed"": 102, ""top"": ""honeycomb"", ""top_params"": {""cell_lean_domain"": 16.0, ""jitter"": 0.3, ""pitch"": 6.5, ""wall_bot"": 0.03, ""wall_top"": 0.03}}"
RR_p06.5_d80.0_w0.03_f015_s102,25.0,162.5,102,6.5,80.0,0.03,0.15,12.0,musou_fit,anodised_hi,12.307692307692308,0.00923076923076923,128,20.0,0.001027953694574535,0.0016351690671096246,"{""depth"": 80.0, ""floor"": ""none"", ""panel"": 162.5, ""seed"": 102, ""top"": ""honeycomb"", ""top_params"": {""cell_lean_domain"": 16.0, ""jitter"": 0.3, ""pitch"": 6.5, ""wall_bot"": 0.03, ""wall_top"": 0.03}}"
RR_p06.5_d80.0_w0.03_f015_s102,25.0,162.5,102,6.5,80.0,0.03,0.15,12.0,musou_fit,anodised_hi,12.307692307692308,0.00923076923076923,128,40.0,0.0016422795597463846,0.0016351690671096246,"{""depth"": 80.0, ""floor"": ""none"", ""panel"": 162.5, ""seed"": 102, ""top"": ""honeycomb"", ""top_params"": {""cell_lean_domain"": 16.0, ""jitter"": 0.3, ""pitch"": 6.5, ""wall_bot"": 0.03, ""wall_top"": 0.03}}"
RR_p06.5_d65.0_w0.03_f015_s23,25.0,162.5,23,6.5,65.0,0.03,0.15,9.75,musou_fit,anodised_hi,10.0,0.00923076923076923,128,0.0,0.00034860780579037964,0.0016436511650681496,"{""depth"": 65.0, ""floor"": ""none"", ""panel"": 162.5, ""seed"": 23, ""top"": ""honeycomb"", ""top_params"": {""cell_lean_domain"": 16.0, ""jitter"": 0.3, ""pitch"": 6.5, ""wall_bot"": 0.03, ""wall_top"": 0.03}}"
RR_p06.5_d65.0_w0.03_f015_s23,25.0,162.5,23,6.5,65.0,0.03,0.15,9.75,musou_fit,anodised_hi,10.0,0.00923076923076923,128,-20.0,0.0011363350786268711,0.0016436511650681496,"{""depth"": 65.0, ""floor"": ""none"", ""panel"": 162.5, ""seed"": 23, ""top"": ""honeycomb"", ""top_params"": {""cell_lean_domain"": 16.0, ""jitter"": 0.3, ""pitch"": 6.5, ""wall_bot"": 0.03, ""wall_top"": 0.03}}"
RR_p06.5_d65.0_w0.03_f015_s23,25.0,162.5,23,6.5,65.0,0.03,0.15,9.75,musou_fit,anodised_hi,10.0,0.00923076923076923,128,-40.0,0.0016505279345437884,0.0016436511650681496,"{""depth"": 65.0, ""floor"": ""none"", ""panel"": 162.5, ""seed"": 23, ""top"": ""honeycomb"", ""top_params"": {""cell_lean_domain"": 16.0, ""jitter"": 0.3, ""pitch"": 6.5, ""wall_bot"": 0.03, ""wall_top"": 0.03}}"
RR_p06.5_d65.0_w0.03_f015_s23,25.0,162.5,23,6.5,65.0,0.03,0.15,9.75,musou_fit,anodised_hi,10.0,0.00923076923076923,128,20.0,0.0011307790409773588,0.0016436511650681496,"{""depth"": 65.0, ""floor"": ""none"", ""panel"": 162.5, ""seed"": 23, ""top"": ""honeycomb"", ""top_params"": {""cell_lean_domain"": 16.0, ""jitter"": 0.3, ""pitch"": 6.5, ""wall_bot"": 0.03, ""wall_top"": 0.03}}"
RR_p06.5_d65.0_w0.03_f015_s23,25.0,162.5,23,6.5,65.0,0.03,0.15,9.75,musou_fit,anodised_hi,10.0,0.00923076923076923,128,40.0,0.0016397341387346387,0.0016436511650681496,"{""depth"": 65.0, ""floor"": ""none"", ""panel"": 162.5, ""seed"": 23, ""top"": ""honeycomb"", ""top_params"": {""cell_lean_domain"": 16.0, ""jitter"": 0.3, ""pitch"": 6.5, ""wall_bot"": 0.03, ""wall_top"": 0.03}}"
RR_p06.5_d65.0_w0.03_f015_s101,25.0,162.5,101,6.5,65.0,0.03,0.15,9.75,musou_fit,anodised_hi,10.0,0.00923076923076923,128,0.0,0.0003489080991130322,0.0016436511650681496,"{""depth"": 65.0, ""floor"": ""none"", ""panel"": 162.5, ""seed"": 101, ""top"": ""honeycomb"", ""top_params"": {""cell_lean_domain"": 16.0, ""jitter"": 0.3, ""pitch"": 6.5, ""wall_bot"": 0.03, ""wall_top"": 0.03}}"
RR_p06.5_d65.0_w0.03_f015_s101,25.0,162.5,101,6.5,65.0,0.03,0.15,9.75,musou_fit,anodised_hi,10.0,0.00923076923076923,128,-20.0,0.0011335646267980337,0.0016436511650681496,"{""depth"": 65.0, ""floor"": ""none"", ""panel"": 162.5, ""seed"": 101, ""top"": ""honeycomb"", ""top_params"": {""cell_lean_domain"": 16.0, ""jitter"": 0.3, ""pitch"": 6.5, ""wall_bot"": 0.03, ""wall_top"": 0.03}}"
RR_p06.5_d65.0_w0.03_f015_s101,25.0,162.5,101,6.5,65.0,0.03,0.15,9.75,musou_fit,anodised_hi,10.0,0.00923076923076923,128,-40.0,0.0016477658646181226,0.0016436511650681496,"{""depth"": 65.0, ""floor"": ""none"", ""panel"": 162.5, ""seed"": 101, ""top"": ""honeycomb"", ""top_params"": {""cell_lean_domain"": 16.0, ""jitter"": 0.3, ""pitch"": 6.5, ""wall_bot"": 0.03, ""wall_top"": 0.03}}"
RR_p06.5_d65.0_w0.03_f015_s101,25.0,162.5,101,6.5,65.0,0.03,0.15,9.75,musou_fit,anodised_hi,10.0,0.00923076923076923,128,20.0,0.0011164536699652672,0.0016436511650681496,"{""depth"": 65.0, ""floor"": ""none"", ""panel"": 162.5, ""seed"": 101, ""top"": ""honeycomb"", ""top_params"": {""cell_lean_domain"": 16.0, ""jitter"": 0.3, ""pitch"": 6.5, ""wall_bot"": 0.03, ""wall_top"": 0.03}}"
RR_p06.5_d65.0_w0.03_f015_s101,25.0,162.5,101,6.5,65.0,0.03,0.15,9.75,musou_fit,anodised_hi,10.0,0.00923076923076923,128,40.0,0.0016265715239569545,0.0016436511650681496,"{""depth"": 65.0, ""floor"": ""none"", ""panel"": 162.5, ""seed"": 101, ""top"": ""honeycomb"", ""top_params"": {""cell_lean_domain"": 16.0, ""jitter"": 0.3, ""pitch"": 6.5, ""wall_bot"": 0.03, ""wall_top"": 0.03}}"
RR_p06.5_d65.0_w0.03_f015_s102,25.0,162.5,102,6.5,65.0,0.03,0.15,9.75,musou_fit,anodised_hi,10.0,0.00923076923076923,128,0.0,0.00034647106076590717,0.0016436511650681496,"{""depth"": 65.0, ""floor"": ""none"", ""panel"": 162.5, ""seed"": 102, ""top"": ""honeycomb"", ""top_params"": {""cell_lean_domain"": 16.0, ""jitter"": 0.3, ""pitch"": 6.5, ""wall_bot"": 0.03, ""wall_top"": 0.03}}"
RR_p06.5_d65.0_w0.03_f015_s102,25.0,162.5,102,6.5,65.0,0.03,0.15,9.75,musou_fit,anodised_hi,10.0,0.00923076923076923,128,-20.0,0.0011326078092679381,0.0016436511650681496,"{""depth"": 65.0, ""floor"": ""none"", ""panel"": 162.5, ""seed"": 102, ""top"": ""honeycomb"", ""top_params"": {""cell_lean_domain"": 16.0, ""jitter"": 0.3, ""pitch"": 6.5, ""wall_bot"": 0.03, ""wall_top"": 0.03}}"
RR_p06.5_d65.0_w0.03_f015_s102,25.0,162.5,102,6.5,65.0,0.03,0.15,9.75,musou_fit,anodised_hi,10.0,0.00923076923076923,128,-40.0,0.0016543406527489424,0.0016436511650681496,"{""depth"": 65.0, ""floor"": ""none"", ""panel"": 162.5, ""seed"": 102, ""top"": ""honeycomb"", ""top_params"": {""cell_lean_domain"": 16.0, ""jitter"": 0.3, ""pitch"": 6.5, ""wall_bot"": 0.03, ""wall_top"": 0.03}}"
RR_p06.5_d65.0_w0.03_f015_s102,25.0,162.5,102,6.5,65.0,0.03,0.15,9.75,musou_fit,anodised_hi,10.0,0.00923076923076923,128,20.0,0.0011227555805817246,0.0016436511650681496,"{""depth"": 65.0, ""floor"": ""none"", ""panel"": 162.5, ""seed"": 102, ""top"": ""honeycomb"", ""top_params"": {""cell_lean_domain"": 16.0, ""jitter"": 0.3, ""pitch"": 6.5, ""wall_bot"": 0.03, ""wall_top"": 0.03}}"
RR_p06.5_d65.0_w0.03_f015_s102,25.0,162.5,102,6.5,65.0,0.03,0.15,9.75,musou_fit,anodised_hi,10.0,0.00923076923076923,128,40.0,0.001635478576645255,0.0016436511650681496,"{""depth"": 65.0, ""floor"": ""none"", ""panel"": 162.5, ""seed"": 102, ""top"": ""honeycomb"", ""top_params"": {""cell_lean_domain"": 16.0, ""jitter"": 0.3, ""pitch"": 6.5, ""wall_bot"": 0.03, ""wall_top"": 0.03}}"
RR_p06.4_d80.0_w0.03_f015_s23,25.0,160.0,23,6.4,80.0,0.03,0.15,12.0,musou_fit,anodised_hi,12.5,0.009375,128,0.0,0.0002669438545126468,0.0016447272306929033,"{""depth"": 80.0, ""floor"": ""none"", ""panel"": 160.0, ""seed"": 23, ""top"": ""honeycomb"", ""top_params"": {""cell_lean_domain"": 16.0, ""jitter"": 0.3, ""pitch"": 6.4, ""wall_bot"": 0.03, ""wall_top"": 0.03}}"
RR_p06.4_d80.0_w0.03_f015_s23,25.0,160.0,23,6.4,80.0,0.03,0.15,12.0,musou_fit,anodised_hi,12.5,0.009375,128,-20.0,0.0010303565068170428,0.0016447272306929033,"{""depth"": 80.0, ""floor"": ""none"", ""panel"": 160.0, ""seed"": 23, ""top"": ""honeycomb"", ""top_params"": {""cell_lean_domain"": 16.0, ""jitter"": 0.3, ""pitch"": 6.4, ""wall_bot"": 0.03, ""wall_top"": 0.03}}"
RR_p06.4_d80.0_w0.03_f015_s23,25.0,160.0,23,6.4,80.0,0.03,0.15,12.0,musou_fit,anodised_hi,12.5,0.009375,128,-40.0,0.0016472919378429651,0.0016447272306929033,"{""depth"": 80.0, ""floor"": ""none"", ""panel"": 160.0, ""seed"": 23, ""top"": ""honeycomb"", ""top_params"": {""cell_lean_domain"": 16.0, ""jitter"": 0.3, ""pitch"": 6.4, ""wall_bot"": 0.03, ""wall_top"": 0.03}}"
RR_p06.4_d80.0_w0.03_f015_s23,25.0,160.0,23,6.4,80.0,0.03,0.15,12.0,musou_fit,anodised_hi,12.5,0.009375,128,20.0,0.0010182419791817665,0.0016447272306929033,"{""depth"": 80.0, ""floor"": ""none"", ""panel"": 160.0, ""seed"": 23, ""top"": ""honeycomb"", ""top_params"": {""cell_lean_domain"": 16.0, ""jitter"": 0.3, ""pitch"": 6.4, ""wall_bot"": 0.03, ""wall_top"": 0.03}}"
RR_p06.4_d80.0_w0.03_f015_s23,25.0,160.0,23,6.4,80.0,0.03,0.15,12.0,musou_fit,anodised_hi,12.5,0.009375,128,40.0,0.0016349677462130785,0.0016447272306929033,"{""depth"": 80.0, ""floor"": ""none"", ""panel"": 160.0, ""seed"": 23, ""top"": ""honeycomb"", ""top_params"": {""cell_lean_domain"": 16.0, ""jitter"": 0.3, ""pitch"": 6.4, ""wall_bot"": 0.03, ""wall_top"": 0.03}}"
RR_p06.4_d80.0_w0.03_f015_s101,25.0,160.0,101,6.4,80.0,0.03,0.15,12.0,musou_fit,anodised_hi,12.5,0.009375,128,0.0,0.00026736094150692225,0.0016447272306929033,"{""depth"": 80.0, ""floor"": ""none"", ""panel"": 160.0, ""seed"": 101, ""top"": ""honeycomb"", ""top_params"": {""cell_lean_domain"": 16.0, ""jitter"": 0.3, ""pitch"": 6.4, ""wall_bot"": 0.03, ""wall_top"": 0.03}}"
RR_p06.4_d80.0_w0.03_f015_s101,25.0,160.0,101,6.4,80.0,0.03,0.15,12.0,musou_fit,anodised_hi,12.5,0.009375,128,-20.0,0.0010300811845809221,0.0016447272306929033,"{""depth"": 80.0, ""floor"": ""none"", ""panel"": 160.0, ""seed"": 101, ""top"": ""honeycomb"", ""top_params"": {""cell_lean_domain"": 16.0, ""jitter"": 0.3, ""pitch"": 6.4, ""wall_bot"": 0.03, ""wall_top"": 0.03}}"
RR_p06.4_d80.0_w0.03_f015_s101,25.0,160.0,101,6.4,80.0,0.03,0.15,12.0,musou_fit,anodised_hi,12.5,0.009375,128,-40.0,0.0016470903065055609,0.0016447272306929033,"{""depth"": 80.0, ""floor"": ""none"", ""panel"": 160.0, ""seed"": 101, ""top"": ""honeycomb"", ""top_params"": {""cell_lean_domain"": 16.0, ""jitter"": 0.3, ""pitch"": 6.4, ""wall_bot"": 0.03, ""wall_top"": 0.03}}"
RR_p06.4_d80.0_w0.03_f015_s101,25.0,160.0,101,6.4,80.0,0.03,0.15,12.0,musou_fit,anodised_hi,12.5,0.009375,128,20.0,0.0010201669065281749,0.0016447272306929033,"{""depth"": 80.0, ""floor"": ""none"", ""panel"": 160.0, ""seed"": 101, ""top"": ""honeycomb"", ""top_params"": {""cell_lean_domain"": 16.0, ""jitter"": 0.3, ""pitch"": 6.4, ""wall_bot"": 0.03, ""wall_top"": 0.03}}"
RR_p06.4_d80.0_w0.03_f015_s101,25.0,160.0,101,6.4,80.0,0.03,0.15,12.0,musou_fit,anodised_hi,12.5,0.009375,128,40.0,0.0016359632136300206,0.0016447272306929033,"{""depth"": 80.0, ""floor"": ""none"", ""panel"": 160.0, ""seed"": 101, ""top"": ""honeycomb"", ""top_params"": {""cell_lean_domain"": 16.0, ""jitter"": 0.3, ""pitch"": 6.4, ""wall_bot"": 0.03, ""wall_top"": 0.03}}"
RR_p06.4_d80.0_w0.03_f015_s102,25.0,160.0,102,6.4,80.0,0.03,0.15,12.0,musou_fit,anodised_hi,12.5,0.009375,128,0.0,0.00026602204889059067,0.0016447272306929033,"{""depth"": 80.0, ""floor"": ""none"", ""panel"": 160.0, ""seed"": 102, ""top"": ""honeycomb"", ""top_params"": {""cell_lean_domain"": 16.0, ""jitter"": 0.3, ""pitch"": 6.4, ""wall_bot"": 0.03, ""wall_top"": 0.03}}"
RR_p06.4_d80.0_w0.03_f015_s102,25.0,160.0,102,6.4,80.0,0.03,0.15,12.0,musou_fit,anodised_hi,12.5,0.009375,128,-20.0,0.0010286172619089484,0.0016447272306929033,"{""depth"": 80.0, ""floor"": ""none"", ""panel"": 160.0, ""seed"": 102, ""top"": ""honeycomb"", ""top_params"": {""cell_lean_domain"": 16.0, ""jitter"": 0.3, ""pitch"": 6.4, ""wall_bot"": 0.03, ""wall_top"": 0.03}}"
RR_p06.4_d80.0_w0.03_f015_s102,25.0,160.0,102,6.4,80.0,0.03,0.15,12.0,musou_fit,anodised_hi,12.5,0.009375,128,-40.0,0.0016341489972546697,0.0016447272306929033,"{""depth"": 80.0, ""floor"": ""none"", ""panel"": 160.0, ""seed"": 102, ""top"": ""honeycomb"", ""top_params"": {""cell_lean_domain"": 16.0, ""jitter"": 0.3, ""pitch"": 6.4, ""wall_bot"": 0.03, ""wall_top"": 0.03}}"
RR_p06.4_d80.0_w0.03_f015_s102,25.0,160.0,102,6.4,80.0,0.03,0.15,12.0,musou_fit,anodised_hi,12.5,0.009375,128,20.0,0.0010291259968653321,0.0016447272306929033,"{""depth"": 80.0, ""floor"": ""none"", ""panel"": 160.0, ""seed"": 102, ""top"": ""honeycomb"", ""top_params"": {""cell_lean_domain"": 16.0, ""jitter"": 0.3, ""pitch"": 6.4, ""wall_bot"": 0.03, ""wall_top"": 0.03}}"
RR_p06.4_d80.0_w0.03_f015_s102,25.0,160.0,102,6.4,80.0,0.03,0.15,12.0,musou_fit,anodised_hi,12.5,0.009375,128,40.0,0.0016333401435986161,0.0016447272306929033,"{""depth"": 80.0, ""floor"": ""none"", ""panel"": 160.0, ""seed"": 102, ""top"": ""honeycomb"", ""top_params"": {""cell_lean_domain"": 16.0, ""jitter"": 0.3, ""pitch"": 6.4, ""wall_bot"": 0.03, ""wall_top"": 0.03}}"
RR_p06.4_d64.0_w0.03_f015_s23,25.0,160.0,23,6.4,64.0,0.03,0.15,9.6,musou_fit,anodised_hi,10.0,0.009375,128,0.0,0.00034819330903701484,0.001644818965966503,"{""depth"": 64.0, ""floor"": ""none"", ""panel"": 160.0, ""seed"": 23, ""top"": ""honeycomb"", ""top_params"": {""cell_lean_domain"": 16.0, ""jitter"": 0.3, ""pitch"": 6.4, ""wall_bot"": 0.03, ""wall_top"": 0.03}}"
RR_p06.4_d64.0_w0.03_f015_s23,25.0,160.0,23,6.4,64.0,0.03,0.15,9.6,musou_fit,anodised_hi,10.0,0.009375,128,-20.0,0.0011349981650710106,0.001644818965966503,"{""depth"": 64.0, ""floor"": ""none"", ""panel"": 160.0, ""seed"": 23, ""top"": ""honeycomb"", ""top_params"": {""cell_lean_domain"": 16.0, ""jitter"": 0.3, ""pitch"": 6.4, ""wall_bot"": 0.03, ""wall_top"": 0.03}}"
RR_p06.4_d64.0_w0.03_f015_s23,25.0,160.0,23,6.4,64.0,0.03,0.15,9.6,musou_fit,anodised_hi,10.0,0.009375,128,-40.0,0.0016531198052689433,0.001644818965966503,"{""depth"": 64.0, ""floor"": ""none"", ""panel"": 160.0, ""seed"": 23, ""top"": ""honeycomb"", ""top_params"": {""cell_lean_domain"": 16.0, ""jitter"": 0.3, ""pitch"": 6.4, ""wall_bot"": 0.03, ""wall_top"": 0.03}}"
RR_p06.4_d64.0_w0.03_f015_s23,25.0,160.0,23,6.4,64.0,0.03,0.15,9.6,musou_fit,anodised_hi,10.0,0.009375,128,20.0,0.0011378650087863207,0.001644818965966503,"{""depth"": 64.0, ""floor"": ""none"", ""panel"": 160.0, ""seed"": 23, ""top"": ""honeycomb"", ""top_params"": {""cell_lean_domain"": 16.0, ""jitter"": 0.3, ""pitch"": 6.4, ""wall_bot"": 0.03, ""wall_top"": 0.03}}"
RR_p06.4_d64.0_w0.03_f015_s23,25.0,160.0,23,6.4,64.0,0.03,0.15,9.6,musou_fit,anodised_hi,10.0,0.009375,128,40.0,0.0016460102051496506,0.001644818965966503,"{""depth"": 64.0, ""floor"": ""none"", ""panel"": 160.0, ""seed"": 23, ""top"": ""honeycomb"", ""top_params"": {""cell_lean_domain"": 16.0, ""jitter"": 0.3, ""pitch"": 6.4, ""wall_bot"": 0.03, ""wall_top"": 0.03}}"
RR_p06.4_d64.0_w0.03_f015_s101,25.0,160.0,101,6.4,64.0,0.03,0.15,9.6,musou_fit,anodised_hi,10.0,0.009375,128,0.0,0.00034932178095914423,0.001644818965966503,"{""depth"": 64.0, ""floor"": ""none"", ""panel"": 160.0, ""seed"": 101, ""top"": ""honeycomb"", ""top_params"": {""cell_lean_domain"": 16.0, ""jitter"": 0.3, ""pitch"": 6.4, ""wall_bot"": 0.03, ""wall_top"": 0.03}}"
RR_p06.4_d64.0_w0.03_f015_s101,25.0,160.0,101,6.4,64.0,0.03,0.15,9.6,musou_fit,anodised_hi,10.0,0.009375,128,-20.0,0.0011345403036102653,0.001644818965966503,"{""depth"": 64.0, ""floor"": ""none"", ""panel"": 160.0, ""seed"": 101, ""top"": ""honeycomb"", ""top_params"": {""cell_lean_domain"": 16.0, ""jitter"": 0.3, ""pitch"": 6.4, ""wall_bot"": 0.03, ""wall_top"": 0.03}}"
RR_p06.4_d64.0_w0.03_f015_s101,25.0,160.0,101,6.4,64.0,0.03,0.15,9.6,musou_fit,anodised_hi,10.0,0.009375,128,-40.0,0.0016498492332175374,0.001644818965966503,"{""depth"": 64.0, ""floor"": ""none"", ""panel"": 160.0, ""seed"": 101, ""top"": ""honeycomb"", ""top_params"": {""cell_lean_domain"": 16.0, ""jitter"": 0.3, ""pitch"": 6.4, ""wall_bot"": 0.03, ""wall_top"": 0.03}}"
RR_p06.4_d64.0_w0.03_f015_s101,25.0,160.0,101,6.4,64.0,0.03,0.15,9.6,musou_fit,anodised_hi,10.0,0.009375,128,20.0,0.0011271432740613818,0.001644818965966503,"{""depth"": 64.0, ""floor"": ""none"", ""panel"": 160.0, ""seed"": 101, ""top"": ""honeycomb"", ""top_params"": {""cell_lean_domain"": 16.0, ""jitter"": 0.3, ""pitch"": 6.4, ""wall_bot"": 0.03, ""wall_top"": 0.03}}"
RR_p06.4_d64.0_w0.03_f015_s101,25.0,160.0,101,6.4,64.0,0.03,0.15,9.6,musou_fit,anodised_hi,10.0,0.009375,128,40.0,0.0016299462877213955,0.001644818965966503,"{""depth"": 64.0, ""floor"": ""none"", ""panel"": 160.0, ""seed"": 101, ""top"": ""honeycomb"", ""top_params"": {""cell_lean_domain"": 16.0, ""jitter"": 0.3, ""pitch"": 6.4, ""wall_bot"": 0.03, ""wall_top"": 0.03}}"
RR_p06.4_d64.0_w0.03_f015_s102,25.0,160.0,102,6.4,64.0,0.03,0.15,9.6,musou_fit,anodised_hi,10.0,0.009375,128,0.0,0.00034605665132403374,0.001644818965966503,"{""depth"": 64.0, ""floor"": ""none"", ""panel"": 160.0, ""seed"": 102, ""top"": ""honeycomb"", ""top_params"": {""cell_lean_domain"": 16.0, ""jitter"": 0.3, ""pitch"": 6.4, ""wall_bot"": 0.03, ""wall_top"": 0.03}}"
RR_p06.4_d64.0_w0.03_f015_s102,25.0,160.0,102,6.4,64.0,0.03,0.15,9.6,musou_fit,anodised_hi,10.0,0.009375,128,-20.0,0.0011283522471785545,0.001644818965966503,"{""depth"": 64.0, ""floor"": ""none"", ""panel"": 160.0, ""seed"": 102, ""top"": ""honeycomb"", ""top_params"": {""cell_lean_domain"": 16.0, ""jitter"": 0.3, ""pitch"": 6.4, ""wall_bot"": 0.03, ""wall_top"": 0.03}}"
RR_p06.4_d64.0_w0.03_f015_s102,25.0,160.0,102,6.4,64.0,0.03,0.15,9.6,musou_fit,anodised_hi,10.0,0.009375,128,-40.0,0.0016554207541048527,0.001644818965966503,"{""depth"": 64.0, ""floor"": ""none"", ""panel"": 160.0, ""seed"": 102, ""top"": ""honeycomb"", ""top_params"": {""cell_lean_domain"": 16.0, ""jitter"": 0.3, ""pitch"": 6.4, ""wall_bot"": 0.03, ""wall_top"": 0.03}}"
RR_p06.4_d64.0_w0.03_f015_s102,25.0,160.0,102,6.4,64.0,0.03,0.15,9.6,musou_fit,anodised_hi,10.0,0.009375,128,20.0,0.001118857297115028,0.001644818965966503,"{""depth"": 64.0, ""floor"": ""none"", ""panel"": 160.0, ""seed"": 102, ""top"": ""honeycomb"", ""top_params"": {""cell_lean_domain"": 16.0, ""jitter"": 0.3, ""pitch"": 6.4, ""wall_bot"": 0.03, ""wall_top"": 0.03}}"
RR_p06.4_d64.0_w0.03_f015_s102,25.0,160.0,102,6.4,64.0,0.03,0.15,9.6,musou_fit,anodised_hi,10.0,0.009375,128,40.0,0.001639986876398325,0.001644818965966503,"{""depth"": 64.0, ""floor"": ""none"", ""panel"": 160.0, ""seed"": 102, ""top"": ""honeycomb"", ""top_params"": {""cell_lean_domain"": 16.0, ""jitter"": 0.3, ""pitch"": 6.4, ""wall_bot"": 0.03, ""wall_top"": 0.03}}"
RR_p10.0_d80.0_w0.03_f015_s23,25.0,250.0,23,10.0,80.0,0.03,0.15,12.0,musou_fit,anodised_hi,8.0,0.006,128,0.0,0.00042131307418458164,0.0016484730488931139,"{""depth"": 80.0, ""floor"": ""none"", ""panel"": 250.0, ""seed"": 23, ""top"": ""honeycomb"", ""top_params"": {""cell_lean_domain"": 16.0, ""jitter"": 0.3, ""pitch"": 10.0, ""wall_bot"": 0.03, ""wall_top"": 0.03}}"
RR_p10.0_d80.0_w0.03_f015_s23,25.0,250.0,23,10.0,80.0,0.03,0.15,12.0,musou_fit,anodised_hi,8.0,0.006,128,-20.0,0.001249807421118021,0.0016484730488931139,"{""depth"": 80.0, ""floor"": ""none"", ""panel"": 250.0, ""seed"": 23, ""top"": ""honeycomb"", ""top_params"": {""cell_lean_domain"": 16.0, ""jitter"": 0.3, ""pitch"": 10.0, ""wall_bot"": 0.03, ""wall_top"": 0.03}}"
RR_p10.0_d80.0_w0.03_f015_s23,25.0,250.0,23,10.0,80.0,0.03,0.15,12.0,musou_fit,anodised_hi,8.0,0.006,128,-40.0,0.00166127341799438,0.0016484730488931139,"{""depth"": 80.0, ""floor"": ""none"", ""panel"": 250.0, ""seed"": 23, ""top"": ""honeycomb"", ""top_params"": {""cell_lean_domain"": 16.0, ""jitter"": 0.3, ""pitch"": 10.0, ""wall_bot"": 0.03, ""wall_top"": 0.03}}"
RR_p10.0_d80.0_w0.03_f015_s23,25.0,250.0,23,10.0,80.0,0.03,0.15,12.0,musou_fit,anodised_hi,8.0,0.006,128,20.0,0.0012453903909772635,0.0016484730488931139,"{""depth"": 80.0, ""floor"": ""none"", ""panel"": 250.0, ""seed"": 23, ""top"": ""honeycomb"", ""top_params"": {""cell_lean_domain"": 16.0, ""jitter"": 0.3, ""pitch"": 10.0, ""wall_bot"": 0.03, ""wall_top"": 0.03}}"
RR_p10.0_d80.0_w0.03_f015_s23,25.0,250.0,23,10.0,80.0,0.03,0.15,12.0,musou_fit,anodised_hi,8.0,0.006,128,40.0,0.0016485870582982898,0.0016484730488931139,"{""depth"": 80.0, ""floor"": ""none"", ""panel"": 250.0, ""seed"": 23, ""top"": ""honeycomb"", ""top_params"": {""cell_lean_domain"": 16.0, ""jitter"": 0.3, ""pitch"": 10.0, ""wall_bot"": 0.03, ""wall_top"": 0.03}}"
RR_p10.0_d80.0_w0.03_f015_s101,25.0,250.0,101,10.0,80.0,0.03,0.15,12.0,musou_fit,anodised_hi,8.0,0.006,128,0.0,0.00042135734111070633,0.0016484730488931139,"{""depth"": 80.0, ""floor"": ""none"", ""panel"": 250.0, ""seed"": 101, ""top"": ""honeycomb"", ""top_params"": {""cell_lean_domain"": 16.0, ""jitter"": 0.3, ""pitch"": 10.0, ""wall_bot"": 0.03, ""wall_top"": 0.03}}"
RR_p10.0_d80.0_w0.03_f015_s101,25.0,250.0,101,10.0,80.0,0.03,0.15,12.0,musou_fit,anodised_hi,8.0,0.006,128,-20.0,0.0012524405028671026,0.0016484730488931139,"{""depth"": 80.0, ""floor"": ""none"", ""panel"": 250.0, ""seed"": 101, ""top"": ""honeycomb"", ""top_params"": {""cell_lean_domain"": 16.0, ""jitter"": 0.3, ""pitch"": 10.0, ""wall_bot"": 0.03, ""wall_top"": 0.03}}"
RR_p10.0_d80.0_w0.03_f015_s101,25.0,250.0,101,10.0,80.0,0.03,0.15,12.0,musou_fit,anodised_hi,8.0,0.006,128,-40.0,0.0016689648618921638,0.0016484730488931139,"{""depth"": 80.0, ""floor"": ""none"", ""panel"": 250.0, ""seed"": 101, ""top"": ""honeycomb"", ""top_params"": {""cell_lean_domain"": 16.0, ""jitter"": 0.3, ""pitch"": 10.0, ""wall_bot"": 0.03, ""wall_top"": 0.03}}"
RR_p10.0_d80.0_w0.03_f015_s101,25.0,250.0,101,10.0,80.0,0.03,0.15,12.0,musou_fit,anodised_hi,8.0,0.006,128,20.0,0.0012494813418015838,0.0016484730488931139,"{""depth"": 80.0, ""floor"": ""none"", ""panel"": 250.0, ""seed"": 101, ""top"": ""honeycomb"", ""top_params"": {""cell_lean_domain"": 16.0, ""jitter"": 0.3, ""pitch"": 10.0, ""wall_bot"": 0.03, ""wall_top"": 0.03}}"
RR_p10.0_d80.0_w0.03_f015_s101,25.0,250.0,101,10.0,80.0,0.03,0.15,12.0,musou_fit,anodised_hi,8.0,0.006,128,40.0,0.0016569129657000303,0.0016484730488931139,"{""depth"": 80.0, ""floor"": ""none"", ""panel"": 250.0, ""seed"": 101, ""top"": ""honeycomb"", ""top_params"": {""cell_lean_domain"": 16.0, ""jitter"": 0.3, ""pitch"": 10.0, ""wall_bot"": 0.03, ""wall_top"": 0.03}}"
RR_p10.0_d80.0_w0.03_f015_s102,25.0,250.0,102,10.0,80.0,0.03,0.15,12.0,musou_fit,anodised_hi,8.0,0.006,128,0.0,0.0004203312564641237,0.0016484730488931139,"{""depth"": 80.0, ""floor"": ""none"", ""panel"": 250.0, ""seed"": 102, ""top"": ""honeycomb"", ""top_params"": {""cell_lean_domain"": 16.0, ""jitter"": 0.3, ""pitch"": 10.0, ""wall_bot"": 0.03, ""wall_top"": 0.03}}"
RR_p10.0_d80.0_w0.03_f015_s102,25.0,250.0,102,10.0,80.0,0.03,0.15,12.0,musou_fit,anodised_hi,8.0,0.006,128,-20.0,0.0012549208477139473,0.0016484730488931139,"{""depth"": 80.0, ""floor"": ""none"", ""panel"": 250.0, ""seed"": 102, ""top"": ""honeycomb"", ""top_params"": {""cell_lean_domain"": 16.0, ""jitter"": 0.3, ""pitch"": 10.0, ""wall_bot"": 0.03, ""wall_top"": 0.03}}"
RR_p10.0_d80.0_w0.03_f015_s102,25.0,250.0,102,10.0,80.0,0.03,0.15,12.0,musou_fit,anodised_hi,8.0,0.006,128,-40.0,0.0016615979839116335,0.0016484730488931139,"{""depth"": 80.0, ""floor"": ""none"", ""panel"": 250.0, ""seed"": 102, ""top"": ""honeycomb"", ""top_params"": {""cell_lean_domain"": 16.0, ""jitter"": 0.3, ""pitch"": 10.0, ""wall_bot"": 0.03, ""wall_top"": 0.03}}"
RR_p10.0_d80.0_w0.03_f015_s102,25.0,250.0,102,10.0,80.0,0.03,0.15,12.0,musou_fit,anodised_hi,8.0,0.006,128,20.0,0.0012460191501304507,0.0016484730488931139,"{""depth"": 80.0, ""floor"": ""none"", ""panel"": 250.0, ""seed"": 102, ""top"": ""honeycomb"", ""top_params"": {""cell_lean_domain"": 16.0, ""jitter"": 0.3, ""pitch"": 10.0, ""wall_bot"": 0.03, ""wall_top"": 0.03}}"
RR_p10.0_d80.0_w0.03_f015_s102,25.0,250.0,102,10.0,80.0,0.03,0.15,12.0,musou_fit,anodised_hi,8.0,0.006,128,40.0,0.0016450408147647977,0.0016484730488931139,"{""depth"": 80.0, ""floor"": ""none"", ""panel"": 250.0, ""seed"": 102, ""top"": ""honeycomb"", ""top_params"": {""cell_lean_domain"": 16.0, ""jitter"": 0.3, ""pitch"": 10.0, ""wall_bot"": 0.03, ""wall_top"": 0.03}}"
RR_p06.5_d64.0_w0.03_f015_s23,25.0,162.5,23,6.5,64.0,0.03,0.15,9.6,musou_fit,anodised_hi,9.846153846153847,0.00923076923076923,128,0.0,0.00035308138467371464,0.0016499882719169061,"{""depth"": 64.0, ""floor"": ""none"", ""panel"": 162.5, ""seed"": 23, ""top"": ""honeycomb"", ""top_params"": {""cell_lean_domain"": 16.0, ""jitter"": 0.3, ""pitch"": 6.5, ""wall_bot"": 0.03, ""wall_top"": 0.03}}"
RR_p06.5_d64.0_w0.03_f015_s23,25.0,162.5,23,6.5,64.0,0.03,0.15,9.6,musou_fit,anodised_hi,9.846153846153847,0.00923076923076923,128,-20.0,0.001128202653490007,0.0016499882719169061,"{""depth"": 64.0, ""floor"": ""none"", ""panel"": 162.5, ""seed"": 23, ""top"": ""honeycomb"", ""top_params"": {""cell_lean_domain"": 16.0, ""jitter"": 0.3, ""pitch"": 6.5, ""wall_bot"": 0.03, ""wall_top"": 0.03}}"
RR_p06.5_d64.0_w0.03_f015_s23,25.0,162.5,23,6.5,64.0,0.03,0.15,9.6,musou_fit,anodised_hi,9.846153846153847,0.00923076923076923,128,-40.0,0.0016411951510235667,0.0016499882719169061,"{""depth"": 64.0, ""floor"": ""none"", ""panel"": 162.5, ""seed"": 23, ""top"": ""honeycomb"", ""top_params"": {""cell_lean_domain"": 16.0, ""jitter"": 0.3, ""pitch"": 6.5, ""wall_bot"": 0.03, ""wall_top"": 0.03}}"
RR_p06.5_d64.0_w0.03_f015_s23,25.0,162.5,23,6.5,64.0,0.03,0.15,9.6,musou_fit,anodised_hi,9.846153846153847,0.00923076923076923,128,20.0,0.0011245000641793013,0.0016499882719169061,"{""depth"": 64.0, ""floor"": ""none"", ""panel"": 162.5, ""seed"": 23, ""top"": ""honeycomb"", ""top_params"": {""cell_lean_domain"": 16.0, ""jitter"": 0.3, ""pitch"": 6.5, ""wall_bot"": 0.03, ""wall_top"": 0.03}}"
RR_p06.5_d64.0_w0.03_f015_s23,25.0,162.5,23,6.5,64.0,0.03,0.15,9.6,musou_fit,anodised_hi,9.846153846153847,0.00923076923076923,128,40.0,0.0016227082815021276,0.0016499882719169061,"{""depth"": 64.0, ""floor"": ""none"", ""panel"": 162.5, ""seed"": 23, ""top"": ""honeycomb"", ""top_params"": {""cell_lean_domain"": 16.0, ""jitter"": 0.3, ""pitch"": 6.5, ""wall_bot"": 0.03, ""wall_top"": 0.03}}"
RR_p06.5_d64.0_w0.03_f015_s101,25.0,162.5,101,6.5,64.0,0.03,0.15,9.6,musou_fit,anodised_hi,9.846153846153847,0.00923076923076923,128,0.0,0.0003531083057168871,0.0016499882719169061,"{""depth"": 64.0, ""floor"": ""none"", ""panel"": 162.5, ""seed"": 101, ""top"": ""honeycomb"", ""top_params"": {""cell_lean_domain"": 16.0, ""jitter"": 0.3, ""pitch"": 6.5, ""wall_bot"": 0.03, ""wall_top"": 0.03}}"
RR_p06.5_d64.0_w0.03_f015_s101,25.0,162.5,101,6.5,64.0,0.03,0.15,9.6,musou_fit,anodised_hi,9.846153846153847,0.00923076923076923,128,-20.0,0.0011394335888326168,0.0016499882719169061,"{""depth"": 64.0, ""floor"": ""none"", ""panel"": 162.5, ""seed"": 101, ""top"": ""honeycomb"", ""top_params"": {""cell_lean_domain"": 16.0, ""jitter"": 0.3, ""pitch"": 6.5, ""wall_bot"": 0.03, ""wall_top"": 0.03}}"
RR_p06.5_d64.0_w0.03_f015_s101,25.0,162.5,101,6.5,64.0,0.03,0.15,9.6,musou_fit,anodised_hi,9.846153846153847,0.00923076923076923,128,-40.0,0.0016484634252265096,0.0016499882719169061,"{""depth"": 64.0, ""floor"": ""none"", ""panel"": 162.5, ""seed"": 101, ""top"": ""honeycomb"", ""top_params"": {""cell_lean_domain"": 16.0, ""jitter"": 0.3, ""pitch"": 6.5, ""wall_bot"": 0.03, ""wall_top"": 0.03}}"
RR_p06.5_d64.0_w0.03_f015_s101,25.0,162.5,101,6.5,64.0,0.03,0.15,9.6,musou_fit,anodised_hi,9.846153846153847,0.00923076923076923,128,20.0,0.0011361113283783197,0.0016499882719169061,"{""depth"": 64.0, ""floor"": ""none"", ""panel"": 162.5, ""seed"": 101, ""top"": ""honeycomb"", ""top_params"": {""cell_lean_domain"": 16.0, ""jitter"": 0.3, ""pitch"": 6.5, ""wall_bot"": 0.03, ""wall_top"": 0.03}}"
RR_p06.5_d64.0_w0.03_f015_s101,25.0,162.5,101,6.5,64.0,0.03,0.15,9.6,musou_fit,anodised_hi,9.846153846153847,0.00923076923076923,128,40.0,0.0016364672919735312,0.0016499882719169061,"{""depth"": 64.0, ""floor"": ""none"", ""panel"": 162.5, ""seed"": 101, ""top"": ""honeycomb"", ""top_params"": {""cell_lean_domain"": 16.0, ""jitter"": 0.3, ""pitch"": 6.5, ""wall_bot"": 0.03, ""wall_top"": 0.03}}"
RR_p06.5_d64.0_w0.03_f015_s102,25.0,162.5,102,6.5,64.0,0.03,0.15,9.6,musou_fit,anodised_hi,9.846153846153847,0.00923076923076923,128,0.0,0.0003529199748300016,0.0016499882719169061,"{""depth"": 64.0, ""floor"": ""none"", ""panel"": 162.5, ""seed"": 102, ""top"": ""honeycomb"", ""top_params"": {""cell_lean_domain"": 16.0, ""jitter"": 0.3, ""pitch"": 6.5, ""wall_bot"": 0.03, ""wall_top"": 0.03}}"
RR_p06.5_d64.0_w0.03_f015_s102,25.0,162.5,102,6.5,64.0,0.03,0.15,9.6,musou_fit,anodised_hi,9.846153846153847,0.00923076923076923,128,-20.0,0.0011377336923033,0.0016499882719169061,"{""depth"": 64.0, ""floor"": ""none"", ""panel"": 162.5, ""seed"": 102, ""top"": ""honeycomb"", ""top_params"": {""cell_lean_domain"": 16.0, ""jitter"": 0.3, ""pitch"": 6.5, ""wall_bot"": 0.03, ""wall_top"": 0.03}}"
RR_p06.5_d64.0_w0.03_f015_s102,25.0,162.5,102,6.5,64.0,0.03,0.15,9.6,musou_fit,anodised_hi,9.846153846153847,0.00923076923076923,128,-40.0,0.0016491045244038105,0.0016499882719169061,"{""depth"": 64.0, ""floor"": ""none"", ""panel"": 162.5, ""seed"": 102, ""top"": ""honeycomb"", ""top_params"": {""cell_lean_domain"": 16.0, ""jitter"": 0.3, ""pitch"": 6.5, ""wall_bot"": 0.03, ""wall_top"": 0.03}}"
RR_p06.5_d64.0_w0.03_f015_s102,25.0,162.5,102,6.5,64.0,0.03,0.15,9.6,musou_fit,anodised_hi,9.846153846153847,0.00923076923076923,128,20.0,0.00112575211096555,0.0016499882719169061,"{""depth"": 64.0, ""floor"": ""none"", ""panel"": 162.5, ""seed"": 102, ""top"": ""honeycomb"", ""top_params"": {""cell_lean_domain"": 16.0, ""jitter"": 0.3, ""pitch"": 6.5, ""wall_bot"": 0.03, ""wall_top"": 0.03}}"
RR_p06.5_d64.0_w0.03_f015_s102,25.0,162.5,102,6.5,64.0,0.03,0.15,9.6,musou_fit,anodised_hi,9.846153846153847,0.00923076923076923,128,40.0,0.0016268653562292457,0.0016499882719169061,"{""depth"": 64.0, ""floor"": ""none"", ""panel"": 162.5, ""seed"": 102, ""top"": ""honeycomb"", ""top_params"": {""cell_lean_domain"": 16.0, ""jitter"": 0.3, ""pitch"": 6.5, ""wall_bot"": 0.03, ""wall_top"": 0.03}}"
RR_p08.1_d80.0_w0.03_f015_s23,25.0,203.0,23,8.12,80.0,0.03,0.15,12.0,musou_fit,anodised_hi,9.852216748768473,0.007389162561576355,128,0.0,0.000332720170263201,0.0016505929719035823,"{""depth"": 80.0, ""floor"": ""none"", ""panel"": 203.0, ""seed"": 23, ""top"": ""honeycomb"", ""top_params"": {""cell_lean_domain"": 16.0, ""jitter"": 0.3, ""pitch"": 8.12, ""wall_bot"": 0.03, ""wall_top"": 0.03}}"
RR_p08.1_d80.0_w0.03_f015_s23,25.0,203.0,23,8.12,80.0,0.03,0.15,12.0,musou_fit,anodised_hi,9.852216748768473,0.007389162561576355,128,-20.0,0.0011166189797222614,0.0016505929719035823,"{""depth"": 80.0, ""floor"": ""none"", ""panel"": 203.0, ""seed"": 23, ""top"": ""honeycomb"", ""top_params"": {""cell_lean_domain"": 16.0, ""jitter"": 0.3, ""pitch"": 8.12, ""wall_bot"": 0.03, ""wall_top"": 0.03}}"
RR_p08.1_d80.0_w0.03_f015_s23,25.0,203.0,23,8.12,80.0,0.03,0.15,12.0,musou_fit,anodised_hi,9.852216748768473,0.007389162561576355,128,-40.0,0.0016311571234837174,0.0016505929719035823,"{""depth"": 80.0, ""floor"": ""none"", ""panel"": 203.0, ""seed"": 23, ""top"": ""honeycomb"", ""top_params"": {""cell_lean_domain"": 16.0, ""jitter"": 0.3, ""pitch"": 8.12, ""wall_bot"": 0.03, ""wall_top"": 0.03}}"
RR_p08.1_d80.0_w0.03_f015_s23,25.0,203.0,23,8.12,80.0,0.03,0.15,12.0,musou_fit,anodised_hi,9.852216748768473,0.007389162561576355,128,20.0,0.0011079026153311133,0.0016505929719035823,"{""depth"": 80.0, ""floor"": ""none"", ""panel"": 203.0, ""seed"": 23, ""top"": ""honeycomb"", ""top_params"": {""cell_lean_domain"": 16.0, ""jitter"": 0.3, ""pitch"": 8.12, ""wall_bot"": 0.03, ""wall_top"": 0.03}}"
RR_p08.1_d80.0_w0.03_f015_s23,25.0,203.0,23,8.12,80.0,0.03,0.15,12.0,musou_fit,anodised_hi,9.852216748768473,0.007389162561576355,128,40.0,0.0016071265563368797,0.0016505929719035823,"{""depth"": 80.0, ""floor"": ""none"", ""panel"": 203.0, ""seed"": 23, ""top"": ""honeycomb"", ""top_params"": {""cell_lean_domain"": 16.0, ""jitter"": 0.3, ""pitch"": 8.12, ""wall_bot"": 0.03, ""wall_top"": 0.03}}"
RR_p08.1_d80.0_w0.03_f015_s101,25.0,203.0,101,8.12,80.0,0.03,0.15,12.0,musou_fit,anodised_hi,9.852216748768473,0.007389162561576355,128,0.0,0.00033670890843495727,0.0016505929719035823,"{""depth"": 80.0, ""floor"": ""none"", ""panel"": 203.0, ""seed"": 101, ""top"": ""honeycomb"", ""top_params"": {""cell_lean_domain"": 16.0, ""jitter"": 0.3, ""pitch"": 8.12, ""wall_bot"": 0.03, ""wall_top"": 0.03}}"
RR_p08.1_d80.0_w0.03_f015_s101,25.0,203.0,101,8.12,80.0,0.03,0.15,12.0,musou_fit,anodised_hi,9.852216748768473,0.007389162561576355,128,-20.0,0.0011183348251506686,0.0016505929719035823,"{""depth"": 80.0, ""floor"": ""none"", ""panel"": 203.0, ""seed"": 101, ""top"": ""honeycomb"", ""top_params"": {""cell_lean_domain"": 16.0, ""jitter"": 0.3, ""pitch"": 8.12, ""wall_bot"": 0.03, ""wall_top"": 0.03}}"
RR_p08.1_d80.0_w0.03_f015_s101,25.0,203.0,101,8.12,80.0,0.03,0.15,12.0,musou_fit,anodised_hi,9.852216748768473,0.007389162561576355,128,-40.0,0.0016331891529262066,0.0016505929719035823,"{""depth"": 80.0, ""floor"": ""none"", ""panel"": 203.0, ""seed"": 101, ""top"": ""honeycomb"", ""top_params"": {""cell_lean_domain"": 16.0, ""jitter"": 0.3, ""pitch"": 8.12, ""wall_bot"": 0.03, ""wall_top"": 0.03}}"
RR_p08.1_d80.0_w0.03_f015_s101,25.0,203.0,101,8.12,80.0,0.03,0.15,12.0,musou_fit,anodised_hi,9.852216748768473,0.007389162561576355,128,20.0,0.0011194893158972263,0.0016505929719035823,"{""depth"": 80.0, ""floor"": ""none"", ""panel"": 203.0, ""seed"": 101, ""top"": ""honeycomb"", ""top_params"": {""cell_lean_domain"": 16.0, ""jitter"": 0.3, ""pitch"": 8.12, ""wall_bot"": 0.03, ""wall_top"": 0.03}}"
RR_p08.1_d80.0_w0.03_f015_s101,25.0,203.0,101,8.12,80.0,0.03,0.15,12.0,musou_fit,anodised_hi,9.852216748768473,0.007389162561576355,128,40.0,0.0016238567186519504,0.0016505929719035823,"{""depth"": 80.0, ""floor"": ""none"", ""panel"": 203.0, ""seed"": 101, ""top"": ""honeycomb"", ""top_params"": {""cell_lean_domain"": 16.0, ""jitter"": 0.3, ""pitch"": 8.12, ""wall_bot"": 0.03, ""wall_top"": 0.03}}"
RR_p08.1_d80.0_w0.03_f015_s102,25.0,203.0,102,8.12,80.0,0.03,0.15,12.0,musou_fit,anodised_hi,9.852216748768473,0.007389162561576355,128,0.0,0.00033464960870333016,0.0016505929719035823,"{""depth"": 80.0, ""floor"": ""none"", ""panel"": 203.0, ""seed"": 102, ""top"": ""honeycomb"", ""top_params"": {""cell_lean_domain"": 16.0, ""jitter"": 0.3, ""pitch"": 8.12, ""wall_bot"": 0.03, ""wall_top"": 0.03}}"
RR_p08.1_d80.0_w0.03_f015_s102,25.0,203.0,102,8.12,80.0,0.03,0.15,12.0,musou_fit,anodised_hi,9.852216748768473,0.007389162561576355,128,-20.0,0.0011190040968358517,0.0016505929719035823,"{""depth"": 80.0, ""floor"": ""none"", ""panel"": 203.0, ""seed"": 102, ""top"": ""honeycomb"", ""top_params"": {""cell_lean_domain"": 16.0, ""jitter"": 0.3, ""pitch"": 8.12, ""wall_bot"": 0.03, ""wall_top"": 0.03}}"
RR_p08.1_d80.0_w0.03_f015_s102,25.0,203.0,102,8.12,80.0,0.03,0.15,12.0,musou_fit,anodised_hi,9.852216748768473,0.007389162561576355,128,-40.0,0.001629868638701737,0.0016505929719035823,"{""depth"": 80.0, ""floor"": ""none"", ""panel"": 203.0, ""seed"": 102, ""top"": ""honeycomb"", ""top_params"": {""cell_lean_domain"": 16.0, ""jitter"": 0.3, ""pitch"": 8.12, ""wall_bot"": 0.03, ""wall_top"": 0.03}}"
RR_p08.1_d80.0_w0.03_f015_s102,25.0,203.0,102,8.12,80.0,0.03,0.15,12.0,musou_fit,anodised_hi,9.852216748768473,0.007389162561576355,128,20.0,0.0011192703386768699,0.0016505929719035823,"{""depth"": 80.0, ""floor"": ""none"", ""panel"": 203.0, ""seed"": 102, ""top"": ""honeycomb"", ""top_params"": {""cell_lean_domain"": 16.0, ""jitter"": 0.3, ""pitch"": 8.12, ""wall_bot"": 0.03, ""wall_top"": 0.03}}"
RR_p08.1_d80.0_w0.03_f015_s102,25.0,203.0,102,8.12,80.0,0.03,0.15,12.0,musou_fit,anodised_hi,9.852216748768473,0.007389162561576355,128,40.0,0.001608729944564402,0.0016505929719035823,"{""depth"": 80.0, ""floor"": ""none"", ""panel"": 203.0, ""seed"": 102, ""top"": ""honeycomb"", ""top_params"": {""cell_lean_domain"": 16.0, ""jitter"": 0.3, ""pitch"": 8.12, ""wall_bot"": 0.03, ""wall_top"": 0.03}}"
RR_p08.0_d80.0_w0.03_f015_s23,25.0,200.0,23,8.0,80.0,0.03,0.15,12.0,musou_fit,anodised_hi,10.0,0.0075,128,0.0,0.00032982323318719864,0.0016542568725223343,"{""depth"": 80.0, ""floor"": ""none"", ""panel"": 200.0, ""seed"": 23, ""top"": ""honeycomb"", ""top_params"": {""cell_lean_domain"": 16.0, ""jitter"": 0.3, ""pitch"": 8.0, ""wall_bot"": 0.03, ""wall_top"": 0.03}}"
RR_p08.0_d80.0_w0.03_f015_s23,25.0,200.0,23,8.0,80.0,0.03,0.15,12.0,musou_fit,anodised_hi,10.0,0.0075,128,-20.0,0.0011163781164214015,0.0016542568725223343,"{""depth"": 80.0, ""floor"": ""none"", ""panel"": 200.0, ""seed"": 23, ""top"": ""honeycomb"", ""top_params"": {""cell_lean_domain"": 16.0, ""jitter"": 0.3, ""pitch"": 8.0, ""wall_bot"": 0.03, ""wall_top"": 0.03}}"
RR_p08.0_d80.0_w0.03_f015_s23,25.0,200.0,23,8.0,80.0,0.03,0.15,12.0,musou_fit,anodised_hi,10.0,0.0075,128,-40.0,0.0016357807908207178,0.0016542568725223343,"{""depth"": 80.0, ""floor"": ""none"", ""panel"": 200.0, ""seed"": 23, ""top"": ""honeycomb"", ""top_params"": {""cell_lean_domain"": 16.0, ""jitter"": 0.3, ""pitch"": 8.0, ""wall_bot"": 0.03, ""wall_top"": 0.03}}"
RR_p08.0_d80.0_w0.03_f015_s23,25.0,200.0,23,8.0,80.0,0.03,0.15,12.0,musou_fit,anodised_hi,10.0,0.0075,128,20.0,0.0011255458230152726,0.0016542568725223343,"{""depth"": 80.0, ""floor"": ""none"", ""panel"": 200.0, ""seed"": 23, ""top"": ""honeycomb"", ""top_params"": {""cell_lean_domain"": 16.0, ""jitter"": 0.3, ""pitch"": 8.0, ""wall_bot"": 0.03, ""wall_top"": 0.03}}"
RR_p08.0_d80.0_w0.03_f015_s23,25.0,200.0,23,8.0,80.0,0.03,0.15,12.0,musou_fit,anodised_hi,10.0,0.0075,128,40.0,0.001628831960260868,0.0016542568725223343,"{""depth"": 80.0, ""floor"": ""none"", ""panel"": 200.0, ""seed"": 23, ""top"": ""honeycomb"", ""top_params"": {""cell_lean_domain"": 16.0, ""jitter"": 0.3, ""pitch"": 8.0, ""wall_bot"": 0.03, ""wall_top"": 0.03}}"
RR_p08.0_d80.0_w0.03_f015_s101,25.0,200.0,101,8.0,80.0,0.03,0.15,12.0,musou_fit,anodised_hi,10.0,0.0075,128,0.0,0.00032821286004036665,0.0016542568725223343,"{""depth"": 80.0, ""floor"": ""none"", ""panel"": 200.0, ""seed"": 101, ""top"": ""honeycomb"", ""top_params"": {""cell_lean_domain"": 16.0, ""jitter"": 0.3, ""pitch"": 8.0, ""wall_bot"": 0.03, ""wall_top"": 0.03}}"
RR_p08.0_d80.0_w0.03_f015_s101,25.0,200.0,101,8.0,80.0,0.03,0.15,12.0,musou_fit,anodised_hi,10.0,0.0075,128,-20.0,0.0011128118494525552,0.0016542568725223343,"{""depth"": 80.0, ""floor"": ""none"", ""panel"": 200.0, ""seed"": 101, ""top"": ""honeycomb"", ""top_params"": {""cell_lean_domain"": 16.0, ""jitter"": 0.3, ""pitch"": 8.0, ""wall_bot"": 0.03, ""wall_top"": 0.03}}"
RR_p08.0_d80.0_w0.03_f015_s101,25.0,200.0,101,8.0,80.0,0.03,0.15,12.0,musou_fit,anodised_hi,10.0,0.0075,128,-40.0,0.0016393224941566586,0.0016542568725223343,"{""depth"": 80.0, ""floor"": ""none"", ""panel"": 200.0, ""seed"": 101, ""top"": ""honeycomb"", ""top_params"": {""cell_lean_domain"": 16.0, ""jitter"": 0.3, ""pitch"": 8.0, ""wall_bot"": 0.03, ""wall_top"": 0.03}}"
RR_p08.0_d80.0_w0.03_f015_s101,25.0,200.0,101,8.0,80.0,0.03,0.15,12.0,musou_fit,anodised_hi,10.0,0.0075,128,20.0,0.0011119383852928877,0.0016542568725223343,"{""depth"": 80.0, ""floor"": ""none"", ""panel"": 200.0, ""seed"": 101, ""top"": ""honeycomb"", ""top_params"": {""cell_lean_domain"": 16.0, ""jitter"": 0.3, ""pitch"": 8.0, ""wall_bot"": 0.03, ""wall_top"": 0.03}}"
RR_p08.0_d80.0_w0.03_f015_s101,25.0,200.0,101,8.0,80.0,0.03,0.15,12.0,musou_fit,anodised_hi,10.0,0.0075,128,40.0,0.00161467504221946,0.0016542568725223343,"{""depth"": 80.0, ""floor"": ""none"", ""panel"": 200.0, ""seed"": 101, ""top"": ""honeycomb"", ""top_params"": {""cell_lean_domain"": 16.0, ""jitter"": 0.3, ""pitch"": 8.0, ""wall_bot"": 0.03, ""wall_top"": 0.03}}"
RR_p08.0_d80.0_w0.03_f015_s102,25.0,200.0,102,8.0,80.0,0.03,0.15,12.0,musou_fit,anodised_hi,10.0,0.0075,128,0.0,0.0003279654192738235,0.0016542568725223343,"{""depth"": 80.0, ""floor"": ""none"", ""panel"": 200.0, ""seed"": 102, ""top"": ""honeycomb"", ""top_params"": {""cell_lean_domain"": 16.0, ""jitter"": 0.3, ""pitch"": 8.0, ""wall_bot"": 0.03, ""wall_top"": 0.03}}"
RR_p08.0_d80.0_w0.03_f015_s102,25.0,200.0,102,8.0,80.0,0.03,0.15,12.0,musou_fit,anodised_hi,10.0,0.0075,128,-20.0,0.001105972216464579,0.0016542568725223343,"{""depth"": 80.0, ""floor"": ""none"", ""panel"": 200.0, ""seed"": 102, ""top"": ""honeycomb"", ""top_params"": {""cell_lean_domain"": 16.0, ""jitter"": 0.3, ""pitch"": 8.0, ""wall_bot"": 0.03, ""wall_top"": 0.03}}"
RR_p08.0_d80.0_w0.03_f015_s102,25.0,200.0,102,8.0,80.0,0.03,0.15,12.0,musou_fit,anodised_hi,10.0,0.0075,128,-40.0,0.0016298153204843402,0.0016542568725223343,"{""depth"": 80.0, ""floor"": ""none"", ""panel"": 200.0, ""seed"": 102, ""top"": ""honeycomb"", ""top_params"": {""cell_lean_domain"": 16.0, ""jitter"": 0.3, ""pitch"": 8.0, ""wall_bot"": 0.03, ""wall_top"": 0.03}}"
RR_p08.0_d80.0_w0.03_f015_s102,25.0,200.0,102,8.0,80.0,0.03,0.15,12.0,musou_fit,anodised_hi,10.0,0.0075,128,20.0,0.0011099211405962706,0.0016542568725223343,"{""depth"": 80.0, ""floor"": ""none"", ""panel"": 200.0, ""seed"": 102, ""top"": ""honeycomb"", ""top_params"": {""cell_lean_domain"": 16.0, ""jitter"": 0.3, ""pitch"": 8.0, ""wall_bot"": 0.03, ""wall_top"": 0.03}}"
RR_p08.0_d80.0_w0.03_f015_s102,25.0,200.0,102,8.0,80.0,0.03,0.15,12.0,musou_fit,anodised_hi,10.0,0.0075,128,40.0,0.0016189489979296923,0.0016542568725223343,"{""depth"": 80.0, ""floor"": ""none"", ""panel"": 200.0, ""seed"": 102, ""top"": ""honeycomb"", ""top_params"": {""cell_lean_domain"": 16.0, ""jitter"": 0.3, ""pitch"": 8.0, ""wall_bot"": 0.03, ""wall_top"": 0.03}}"
RR_p05.2_d50.0_w0.03_f015_s23,25.0,130.0,23,5.2,50.0,0.03,0.15,7.5,musou_fit,anodised_hi,9.615384615384615,0.011538461538461537,128,0.0,0.0003858066047541797,0.0016671411382655303,"{""depth"": 50.0, ""floor"": ""none"", ""panel"": 130.0, ""seed"": 23, ""top"": ""honeycomb"", ""top_params"": {""cell_lean_domain"": 16.0, ""jitter"": 0.3, ""pitch"": 5.2, ""wall_bot"": 0.03, ""wall_top"": 0.03}}"
RR_p05.2_d50.0_w0.03_f015_s23,25.0,130.0,23,5.2,50.0,0.03,0.15,7.5,musou_fit,anodised_hi,9.615384615384615,0.011538461538461537,128,-20.0,0.001173830358311534,0.0016671411382655303,"{""depth"": 50.0, ""floor"": ""none"", ""panel"": 130.0, ""seed"": 23, ""top"": ""honeycomb"", ""top_params"": {""cell_lean_domain"": 16.0, ""jitter"": 0.3, ""pitch"": 5.2, ""wall_bot"": 0.03, ""wall_top"": 0.03}}"
RR_p05.2_d50.0_w0.03_f015_s23,25.0,130.0,23,5.2,50.0,0.03,0.15,7.5,musou_fit,anodised_hi,9.615384615384615,0.011538461538461537,128,-40.0,0.0016617716755717993,0.0016671411382655303,"{""depth"": 50.0, ""floor"": ""none"", ""panel"": 130.0, ""seed"": 23, ""top"": ""honeycomb"", ""top_params"": {""cell_lean_domain"": 16.0, ""jitter"": 0.3, ""pitch"": 5.2, ""wall_bot"": 0.03, ""wall_top"": 0.03}}"
RR_p05.2_d50.0_w0.03_f015_s23,25.0,130.0,23,5.2,50.0,0.03,0.15,7.5,musou_fit,anodised_hi,9.615384615384615,0.011538461538461537,128,20.0,0.0011669049272313714,0.0016671411382655303,"{""depth"": 50.0, ""floor"": ""none"", ""panel"": 130.0, ""seed"": 23, ""top"": ""honeycomb"", ""top_params"": {""cell_lean_domain"": 16.0, ""jitter"": 0.3, ""pitch"": 5.2, ""wall_bot"": 0.03, ""wall_top"": 0.03}}"
RR_p05.2_d50.0_w0.03_f015_s23,25.0,130.0,23,5.2,50.0,0.03,0.15,7.5,musou_fit,anodised_hi,9.615384615384615,0.011538461538461537,128,40.0,0.001656348817050457,0.0016671411382655303,"{""depth"": 50.0, ""floor"": ""none"", ""panel"": 130.0, ""seed"": 23, ""top"": ""honeycomb"", ""top_params"": {""cell_lean_domain"": 16.0, ""jitter"": 0.3, ""pitch"": 5.2, ""wall_bot"": 0.03, ""wall_top"": 0.03}}"
RR_p05.2_d50.0_w0.03_f015_s101,25.0,130.0,101,5.2,50.0,0.03,0.15,7.5,musou_fit,anodised_hi,9.615384615384615,0.011538461538461537,128,0.0,0.00038340548053383827,0.0016671411382655303,"{""depth"": 50.0, ""floor"": ""none"", ""panel"": 130.0, ""seed"": 101, ""top"": ""honeycomb"", ""top_params"": {""cell_lean_domain"": 16.0, ""jitter"": 0.3, ""pitch"": 5.2, ""wall_bot"": 0.03, ""wall_top"": 0.03}}"
RR_p05.2_d50.0_w0.03_f015_s101,25.0,130.0,101,5.2,50.0,0.03,0.15,7.5,musou_fit,anodised_hi,9.615384615384615,0.011538461538461537,128,-20.0,0.0011716074077412486,0.0016671411382655303,"{""depth"": 50.0, ""floor"": ""none"", ""panel"": 130.0, ""seed"": 101, ""top"": ""honeycomb"", ""top_params"": {""cell_lean_domain"": 16.0, ""jitter"": 0.3, ""pitch"": 5.2, ""wall_bot"": 0.03, ""wall_top"": 0.03}}"
RR_p05.2_d50.0_w0.03_f015_s101,25.0,130.0,101,5.2,50.0,0.03,0.15,7.5,musou_fit,anodised_hi,9.615384615384615,0.011538461538461537,128,-40.0,0.0016626589931547642,0.0016671411382655303,"{""depth"": 50.0, ""floor"": ""none"", ""panel"": 130.0, ""seed"": 101, ""top"": ""honeycomb"", ""top_params"": {""cell_lean_domain"": 16.0, ""jitter"": 0.3, ""pitch"": 5.2, ""wall_bot"": 0.03, ""wall_top"": 0.03}}"
RR_p05.2_d50.0_w0.03_f015_s101,25.0,130.0,101,5.2,50.0,0.03,0.15,7.5,musou_fit,anodised_hi,9.615384615384615,0.011538461538461537,128,20.0,0.0011678283335641026,0.0016671411382655303,"{""depth"": 50.0, ""floor"": ""none"", ""panel"": 130.0, ""seed"": 101, ""top"": ""honeycomb"", ""top_params"": {""cell_lean_domain"": 16.0, ""jitter"": 0.3, ""pitch"": 5.2, ""wall_bot"": 0.03, ""wall_top"": 0.03}}"
RR_p05.2_d50.0_w0.03_f015_s101,25.0,130.0,101,5.2,50.0,0.03,0.15,7.5,musou_fit,anodised_hi,9.615384615384615,0.011538461538461537,128,40.0,0.0016531494911760092,0.0016671411382655303,"{""depth"": 50.0, ""floor"": ""none"", ""panel"": 130.0, ""seed"": 101, ""top"": ""honeycomb"", ""top_params"": {""cell_lean_domain"": 16.0, ""jitter"": 0.3, ""pitch"": 5.2, ""wall_bot"": 0.03, ""wall_top"": 0.03}}"
RR_p05.2_d50.0_w0.03_f015_s102,25.0,130.0,102,5.2,50.0,0.03,0.15,7.5,musou_fit,anodised_hi,9.615384615384615,0.011538461538461537,128,0.0,0.0003846861363854259,0.0016671411382655303,"{""depth"": 50.0, ""floor"": ""none"", ""panel"": 130.0, ""seed"": 102, ""top"": ""honeycomb"", ""top_params"": {""cell_lean_domain"": 16.0, ""jitter"": 0.3, ""pitch"": 5.2, ""wall_bot"": 0.03, ""wall_top"": 0.03}}"
RR_p05.2_d50.0_w0.03_f015_s102,25.0,130.0,102,5.2,50.0,0.03,0.15,7.5,musou_fit,anodised_hi,9.615384615384615,0.011538461538461537,128,-20.0,0.0011550519848242402,0.0016671411382655303,"{""depth"": 50.0, ""floor"": ""none"", ""panel"": 130.0, ""seed"": 102, ""top"": ""honeycomb"", ""top_params"": {""cell_lean_domain"": 16.0, ""jitter"": 0.3, ""pitch"": 5.2, ""wall_bot"": 0.03, ""wall_top"": 0.03}}"
RR_p05.2_d50.0_w0.03_f015_s102,25.0,130.0,102,5.2,50.0,0.03,0.15,7.5,musou_fit,anodised_hi,9.615384615384615,0.011538461538461537,128,-40.0,0.0016611277824267745,0.0016671411382655303,"{""depth"": 50.0, ""floor"": ""none"", ""panel"": 130.0, ""seed"": 102, ""top"": ""honeycomb"", ""top_params"": {""cell_lean_domain"": 16.0, ""jitter"": 0.3, ""pitch"": 5.2, ""wall_bot"": 0.03, ""wall_top"": 0.03}}"
RR_p05.2_d50.0_w0.03_f015_s102,25.0,130.0,102,5.2,50.0,0.03,0.15,7.5,musou_fit,anodised_hi,9.615384615384615,0.011538461538461537,128,20.0,0.0011759796179831028,0.0016671411382655303,"{""depth"": 50.0, ""floor"": ""none"", ""panel"": 130.0, ""seed"": 102, ""top"": ""honeycomb"", ""top_params"": {""cell_lean_domain"": 16.0, ""jitter"": 0.3, ""pitch"": 5.2, ""wall_bot"": 0.03, ""wall_top"": 0.03}}"
RR_p05.2_d50.0_w0.03_f015_s102,25.0,130.0,102,5.2,50.0,0.03,0.15,7.5,musou_fit,anodised_hi,9.615384615384615,0.011538461538461537,128,40.0,0.0016579498769715428,0.0016671411382655303,"{""depth"": 50.0, ""floor"": ""none"", ""panel"": 130.0, ""seed"": 102, ""top"": ""honeycomb"", ""top_params"": {""cell_lean_domain"": 16.0, ""jitter"": 0.3, ""pitch"": 5.2, ""wall_bot"": 0.03, ""wall_top"": 0.03}}"
RR_p04.2_d80.0_w0.03_f015_s23,25.0,104.0,23,4.16,80.0,0.03,0.15,12.0,musou_fit,anodised_hi,19.23076923076923,0.014423076923076922,128,0.0,0.00022503125364892185,0.001667949021793902,"{""depth"": 80.0, ""floor"": ""none"", ""panel"": 104.0, ""seed"": 23, ""top"": ""honeycomb"", ""top_params"": {""cell_lean_domain"": 16.0, ""jitter"": 0.3, ""pitch"": 4.16, ""wall_bot"": 0.03, ""wall_top"": 0.03}}"
RR_p04.2_d80.0_w0.03_f015_s23,25.0,104.0,23,4.16,80.0,0.03,0.15,12.0,musou_fit,anodised_hi,19.23076923076923,0.014423076923076922,128,-20.0,0.0009895797120407224,0.001667949021793902,"{""depth"": 80.0, ""floor"": ""none"", ""panel"": 104.0, ""seed"": 23, ""top"": ""honeycomb"", ""top_params"": {""cell_lean_domain"": 16.0, ""jitter"": 0.3, ""pitch"": 4.16, ""wall_bot"": 0.03, ""wall_top"": 0.03}}"
RR_p04.2_d80.0_w0.03_f015_s23,25.0,104.0,23,4.16,80.0,0.03,0.15,12.0,musou_fit,anodised_hi,19.23076923076923,0.014423076923076922,128,-40.0,0.0016821904573589563,0.001667949021793902,"{""depth"": 80.0, ""floor"": ""none"", ""panel"": 104.0, ""seed"": 23, ""top"": ""honeycomb"", ""top_params"": {""cell_lean_domain"": 16.0, ""jitter"": 0.3, ""pitch"": 4.16, ""wall_bot"": 0.03, ""wall_top"": 0.03}}"
RR_p04.2_d80.0_w0.03_f015_s23,25.0,104.0,23,4.16,80.0,0.03,0.15,12.0,musou_fit,anodised_hi,19.23076923076923,0.014423076923076922,128,20.0,0.0009742231341078877,0.001667949021793902,"{""depth"": 80.0, ""floor"": ""none"", ""panel"": 104.0, ""seed"": 23, ""top"": ""honeycomb"", ""top_params"": {""cell_lean_domain"": 16.0, ""jitter"": 0.3, ""pitch"": 4.16, ""wall_bot"": 0.03, ""wall_top"": 0.03}}"
RR_p04.2_d80.0_w0.03_f015_s23,25.0,104.0,23,4.16,80.0,0.03,0.15,12.0,musou_fit,anodised_hi,19.23076923076923,0.014423076923076922,128,40.0,0.0016797418938949704,0.001667949021793902,"{""depth"": 80.0, ""floor"": ""none"", ""panel"": 104.0, ""seed"": 23, ""top"": ""honeycomb"", ""top_params"": {""cell_lean_domain"": 16.0, ""jitter"": 0.3, ""pitch"": 4.16, ""wall_bot"": 0.03, ""wall_top"": 0.03}}"
RR_p04.2_d80.0_w0.03_f015_s101,25.0,104.0,101,4.16,80.0,0.03,0.15,12.0,musou_fit,anodised_hi,19.23076923076923,0.014423076923076922,128,0.0,0.00022101495414972305,0.001667949021793902,"{""depth"": 80.0, ""floor"": ""none"", ""panel"": 104.0, ""seed"": 101, ""top"": ""honeycomb"", ""top_params"": {""cell_lean_domain"": 16.0, ""jitter"": 0.3, ""pitch"": 4.16, ""wall_bot"": 0.03, ""wall_top"": 0.03}}"
RR_p04.2_d80.0_w0.03_f015_s101,25.0,104.0,101,4.16,80.0,0.03,0.15,12.0,musou_fit,anodised_hi,19.23076923076923,0.014423076923076922,128,-20.0,0.0009888694621622562,0.001667949021793902,"{""depth"": 80.0, ""floor"": ""none"", ""panel"": 104.0, ""seed"": 101, ""top"": ""honeycomb"", ""top_params"": {""cell_lean_domain"": 16.0, ""jitter"": 0.3, ""pitch"": 4.16, ""wall_bot"": 0.03, ""wall_top"": 0.03}}"
RR_p04.2_d80.0_w0.03_f015_s101,25.0,104.0,101,4.16,80.0,0.03,0.15,12.0,musou_fit,anodised_hi,19.23076923076923,0.014423076923076922,128,-40.0,0.0016906058881431818,0.001667949021793902,"{""depth"": 80.0, ""floor"": ""none"", ""panel"": 104.0, ""seed"": 101, ""top"": ""honeycomb"", ""top_params"": {""cell_lean_domain"": 16.0, ""jitter"": 0.3, ""pitch"": 4.16, ""wall_bot"": 0.03, ""wall_top"": 0.03}}"
RR_p04.2_d80.0_w0.03_f015_s101,25.0,104.0,101,4.16,80.0,0.03,0.15,12.0,musou_fit,anodised_hi,19.23076923076923,0.014423076923076922,128,20.0,0.000972255424130708,0.001667949021793902,"{""depth"": 80.0, ""floor"": ""none"", ""panel"": 104.0, ""seed"": 101, ""top"": ""honeycomb"", ""top_params"": {""cell_lean_domain"": 16.0, ""jitter"": 0.3, ""pitch"": 4.16, ""wall_bot"": 0.03, ""wall_top"": 0.03}}"
RR_p04.2_d80.0_w0.03_f015_s101,25.0,104.0,101,4.16,80.0,0.03,0.15,12.0,musou_fit,anodised_hi,19.23076923076923,0.014423076923076922,128,40.0,0.0016784665640443563,0.001667949021793902,"{""depth"": 80.0, ""floor"": ""none"", ""panel"": 104.0, ""seed"": 101, ""top"": ""honeycomb"", ""top_params"": {""cell_lean_domain"": 16.0, ""jitter"": 0.3, ""pitch"": 4.16, ""wall_bot"": 0.03, ""wall_top"": 0.03}}"
RR_p04.2_d80.0_w0.03_f015_s102,25.0,104.0,102,4.16,80.0,0.03,0.15,12.0,musou_fit,anodised_hi,19.23076923076923,0.014423076923076922,128,0.0,0.00022022858320269734,0.001667949021793902,"{""depth"": 80.0, ""floor"": ""none"", ""panel"": 104.0, ""seed"": 102, ""top"": ""honeycomb"", ""top_params"": {""cell_lean_domain"": 16.0, ""jitter"": 0.3, ""pitch"": 4.16, ""wall_bot"": 0.03, ""wall_top"": 0.03}}"
RR_p04.2_d80.0_w0.03_f015_s102,25.0,104.0,102,4.16,80.0,0.03,0.15,12.0,musou_fit,anodised_hi,19.23076923076923,0.014423076923076922,128,-20.0,0.0009938034927472472,0.001667949021793902,"{""depth"": 80.0, ""floor"": ""none"", ""panel"": 104.0, ""seed"": 102, ""top"": ""honeycomb"", ""top_params"": {""cell_lean_domain"": 16.0, ""jitter"": 0.3, ""pitch"": 4.16, ""wall_bot"": 0.03, ""wall_top"": 0.03}}"
RR_p04.2_d80.0_w0.03_f015_s102,25.0,104.0,102,4.16,80.0,0.03,0.15,12.0,musou_fit,anodised_hi,19.23076923076923,0.014423076923076922,128,-40.0,0.0016893387073650956,0.001667949021793902,"{""depth"": 80.0, ""floor"": ""none"", ""panel"": 104.0, ""seed"": 102, ""top"": ""honeycomb"", ""top_params"": {""cell_lean_domain"": 16.0, ""jitter"": 0.3, ""pitch"": 4.16, ""wall_bot"": 0.03, ""wall_top"": 0.03}}"
RR_p04.2_d80.0_w0.03_f015_s102,25.0,104.0,102,4.16,80.0,0.03,0.15,12.0,musou_fit,anodised_hi,19.23076923076923,0.014423076923076922,128,20.0,0.0009682223899289966,0.001667949021793902,"{""depth"": 80.0, ""floor"": ""none"", ""panel"": 104.0, ""seed"": 102, ""top"": ""honeycomb"", ""top_params"": {""cell_lean_domain"": 16.0, ""jitter"": 0.3, ""pitch"": 4.16, ""wall_bot"": 0.03, ""wall_top"": 0.03}}"
RR_p04.2_d80.0_w0.03_f015_s102,25.0,104.0,102,4.16,80.0,0.03,0.15,12.0,musou_fit,anodised_hi,19.23076923076923,0.014423076923076922,128,40.0,0.0016656463267281651,0.001667949021793902,"{""depth"": 80.0, ""floor"": ""none"", ""panel"": 104.0, ""seed"": 102, ""top"": ""honeycomb"", ""top_params"": {""cell_lean_domain"": 16.0, ""jitter"": 0.3, ""pitch"": 4.16, ""wall_bot"": 0.03, ""wall_top"": 0.03}}"
RR_p05.2_d80.0_w0.03_f015_s23,25.0,130.0,23,5.2,80.0,0.03,0.15,12.0,musou_fit,anodised_hi,15.384615384615383,0.011538461538461537,128,0.0,0.00023462976969312876,0.0016680099458123248,"{""depth"": 80.0, ""floor"": ""none"", ""panel"": 130.0, ""seed"": 23, ""top"": ""honeycomb"", ""top_params"": {""cell_lean_domain"": 16.0, ""jitter"": 0.3, ""pitch"": 5.2, ""wall_bot"": 0.03, ""wall_top"": 0.03}}"
RR_p05.2_d80.0_w0.03_f015_s23,25.0,130.0,23,5.2,80.0,0.03,0.15,12.0,musou_fit,anodised_hi,15.384615384615383,0.011538461538461537,128,-20.0,0.000988184125162661,0.0016680099458123248,"{""depth"": 80.0, ""floor"": ""none"", ""panel"": 130.0, ""seed"": 23, ""top"": ""honeycomb"", ""top_params"": {""cell_lean_domain"": 16.0, ""jitter"": 0.3, ""pitch"": 5.2, ""wall_bot"": 0.03, ""wall_top"": 0.03}}"
RR_p05.2_d80.0_w0.03_f015_s23,25.0,130.0,23,5.2,80.0,0.03,0.15,12.0,musou_fit,anodised_hi,15.384615384615383,0.011538461538461537,128,-40.0,0.0016563008539378643,0.0016680099458123248,"{""depth"": 80.0, ""floor"": ""none"", ""panel"": 130.0, ""seed"": 23, ""top"": ""honeycomb"", ""top_params"": {""cell_lean_domain"": 16.0, ""jitter"": 0.3, ""pitch"": 5.2, ""wall_bot"": 0.03, ""wall_top"": 0.03}}"
RR_p05.2_d80.0_w0.03_f015_s23,25.0,130.0,23,5.2,80.0,0.03,0.15,12.0,musou_fit,anodised_hi,15.384615384615383,0.011538461538461537,128,20.0,0.000978306052275002,0.0016680099458123248,"{""depth"": 80.0, ""floor"": ""none"", ""panel"": 130.0, ""seed"": 23, ""top"": ""honeycomb"", ""top_params"": {""cell_lean_domain"": 16.0, ""jitter"": 0.3, ""pitch"": 5.2, ""wall_bot"": 0.03, ""wall_top"": 0.03}}"
RR_p05.2_d80.0_w0.03_f015_s23,25.0,130.0,23,5.2,80.0,0.03,0.15,12.0,musou_fit,anodised_hi,15.384615384615383,0.011538461538461537,128,40.0,0.001652341103181243,0.0016680099458123248,"{""depth"": 80.0, ""floor"": ""none"", ""panel"": 130.0, ""seed"": 23, ""top"": ""honeycomb"", ""top_params"": {""cell_lean_domain"": 16.0, ""jitter"": 0.3, ""pitch"": 5.2, ""wall_bot"": 0.03, ""wall_top"": 0.03}}"
RR_p05.2_d80.0_w0.03_f015_s101,25.0,130.0,101,5.2,80.0,0.03,0.15,12.0,musou_fit,anodised_hi,15.384615384615383,0.011538461538461537,128,0.0,0.00023322808556258678,0.0016680099458123248,"{""depth"": 80.0, ""floor"": ""none"", ""panel"": 130.0, ""seed"": 101, ""top"": ""honeycomb"", ""top_params"": {""cell_lean_domain"": 16.0, ""jitter"": 0.3, ""pitch"": 5.2, ""wall_bot"": 0.03, ""wall_top"": 0.03}}"
RR_p05.2_d80.0_w0.03_f015_s101,25.0,130.0,101,5.2,80.0,0.03,0.15,12.0,musou_fit,anodised_hi,15.384615384615383,0.011538461538461537,128,-20.0,0.0009879074059426785,0.0016680099458123248,"{""depth"": 80.0, ""floor"": ""none"", ""panel"": 130.0, ""seed"": 101, ""top"": ""honeycomb"", ""top_params"": {""cell_lean_domain"": 16.0, ""jitter"": 0.3, ""pitch"": 5.2, ""wall_bot"": 0.03, ""wall_top"": 0.03}}"
RR_p05.2_d80.0_w0.03_f015_s101,25.0,130.0,101,5.2,80.0,0.03,0.15,12.0,musou_fit,anodised_hi,15.384615384615383,0.011538461538461537,128,-40.0,0.0016587026184424758,0.0016680099458123248,"{""depth"": 80.0, ""floor"": ""none"", ""panel"": 130.0, ""seed"": 101, ""top"": ""honeycomb"", ""top_params"": {""cell_lean_domain"": 16.0, ""jitter"": 0.3, ""pitch"": 5.2, ""wall_bot"": 0.03, ""wall_top"": 0.03}}"
RR_p05.2_d80.0_w0.03_f015_s101,25.0,130.0,101,5.2,80.0,0.03,0.15,12.0,musou_fit,anodised_hi,15.384615384615383,0.011538461538461537,128,20.0,0.00098120654001832,0.0016680099458123248,"{""depth"": 80.0, ""floor"": ""none"", ""panel"": 130.0, ""seed"": 101, ""top"": ""honeycomb"", ""top_params"": {""cell_lean_domain"": 16.0, ""jitter"": 0.3, ""pitch"": 5.2, ""wall_bot"": 0.03, ""wall_top"": 0.03}}"
RR_p05.2_d80.0_w0.03_f015_s101,25.0,130.0,101,5.2,80.0,0.03,0.15,12.0,musou_fit,anodised_hi,15.384615384615383,0.011538461538461537,128,40.0,0.0016484837979078293,0.0016680099458123248,"{""depth"": 80.0, ""floor"": ""none"", ""panel"": 130.0, ""seed"": 101, ""top"": ""honeycomb"", ""top_params"": {""cell_lean_domain"": 16.0, ""jitter"": 0.3, ""pitch"": 5.2, ""wall_bot"": 0.03, ""wall_top"": 0.03}}"
RR_p05.2_d80.0_w0.03_f015_s102,25.0,130.0,102,5.2,80.0,0.03,0.15,12.0,musou_fit,anodised_hi,15.384615384615383,0.011538461538461537,128,0.0,0.0002329293347429484,0.0016680099458123248,"{""depth"": 80.0, ""floor"": ""none"", ""panel"": 130.0, ""seed"": 102, ""top"": ""honeycomb"", ""top_params"": {""cell_lean_domain"": 16.0, ""jitter"": 0.3, ""pitch"": 5.2, ""wall_bot"": 0.03, ""wall_top"": 0.03}}"
RR_p05.2_d80.0_w0.03_f015_s102,25.0,130.0,102,5.2,80.0,0.03,0.15,12.0,musou_fit,anodised_hi,15.384615384615383,0.011538461538461537,128,-20.0,0.000982625293545425,0.0016680099458123248,"{""depth"": 80.0, ""floor"": ""none"", ""panel"": 130.0, ""seed"": 102, ""top"": ""honeycomb"", ""top_params"": {""cell_lean_domain"": 16.0, ""jitter"": 0.3, ""pitch"": 5.2, ""wall_bot"": 0.03, ""wall_top"": 0.03}}"
RR_p05.2_d80.0_w0.03_f015_s102,25.0,130.0,102,5.2,80.0,0.03,0.15,12.0,musou_fit,anodised_hi,15.384615384615383,0.011538461538461537,128,-40.0,0.0016585850389674306,0.0016680099458123248,"{""depth"": 80.0, ""floor"": ""none"", ""panel"": 130.0, ""seed"": 102, ""top"": ""honeycomb"", ""top_params"": {""cell_lean_domain"": 16.0, ""jitter"": 0.3, ""pitch"": 5.2, ""wall_bot"": 0.03, ""wall_top"": 0.03}}"
RR_p05.2_d80.0_w0.03_f015_s102,25.0,130.0,102,5.2,80.0,0.03,0.15,12.0,musou_fit,anodised_hi,15.384615384615383,0.011538461538461537,128,20.0,0.0009774750797078013,0.0016680099458123248,"{""depth"": 80.0, ""floor"": ""none"", ""panel"": 130.0, ""seed"": 102, ""top"": ""honeycomb"", ""top_params"": {""cell_lean_domain"": 16.0, ""jitter"": 0.3, ""pitch"": 5.2, ""wall_bot"": 0.03, ""wall_top"": 0.03}}"
RR_p05.2_d80.0_w0.03_f015_s102,25.0,130.0,102,5.2,80.0,0.03,0.15,12.0,musou_fit,anodised_hi,15.384615384615383,0.011538461538461537,128,40.0,0.0016448376700282097,0.0016680099458123248,"{""depth"": 80.0, ""floor"": ""none"", ""panel"": 130.0, ""seed"": 102, ""top"": ""honeycomb"", ""top_params"": {""cell_lean_domain"": 16.0, ""jitter"": 0.3, ""pitch"": 5.2, ""wall_bot"": 0.03, ""wall_top"": 0.03}}"
