tag,mode,theta,ratio_vs_flat,panel_mean,control_mean,panel_p99,panel_max,material_mode,spec_roughness,n_slats,n_baffles,png,depth_mm,slat_len_mm,slat_deg,slat_zone_depth_mm,chamber_depth_mm,slat_overlap,pitch_mean_mm,open_face_fraction,chamber_aperture_fraction,flare_mm,chamfer_mm,baffle_rows,baffle_count,baffle_len_mm,back_profile
bang00,hemi_view,-80,0.9999726563390579,0.04999857768416405,0.04999994486570358,0.04999998211860657,0.04999998211860657,mixed,0.05,25,17,/Users/hojunsong/Desktop/SpillSinkSimulator/project/renders/baffle_angle/bang00__hemi_view_th-80.0.png,100.0,30.0,45.0,21.213203435596427,78.78679656440357,1.0606601717798212,20.0,0.95,0.20994522337775917,20.0,30.0,2,16,34.5,flat
bang00,hemi_view,-70,0.9999825656260755,0.04999908432364464,0.04999995604157448,0.04999999329447746,0.04999999329447746,mixed,0.05,25,17,/Users/hojunsong/Desktop/SpillSinkSimulator/project/renders/baffle_angle/bang00__hemi_view_th-70.0.png,100.0,30.0,45.0,21.213203435596427,78.78679656440357,1.0606601717798212,20.0,0.95,0.20994522337775917,20.0,30.0,2,16,34.5,flat
bang00,hemi_view,-60,0.9999832361776697,0.049999114125967026,0.04999995231628418,0.04999999329447746,0.04999999329447746,mixed,0.05,25,17,/Users/hojunsong/Desktop/SpillSinkSimulator/project/renders/baffle_angle/bang00__hemi_view_th-60.0.png,100.0,30.0,45.0,21.213203435596427,78.78679656440357,1.0606601717798212,20.0,0.95,0.20994522337775917,20.0,30.0,2,16,34.5,flat
bang00,hemi_view,-50,0.9969906335695715,0.0498494915664196,0.04999995976686478,0.04999999329447746,0.04999999329447746,mixed,0.05,25,17,/Users/hojunsong/Desktop/SpillSinkSimulator/project/renders/baffle_angle/bang00__hemi_view_th-50.0.png,100.0,30.0,45.0,21.213203435596427,78.78679656440357,1.0606601717798212,20.0,0.95,0.20994522337775917,20.0,30.0,2,16,34.5,flat
bang00,hemi_view,-40,0.8417064999801814,0.04208529740571976,0.049999967217445374,0.04999999329447746,0.04999999329447746,mixed,0.05,25,17,/Users/hojunsong/Desktop/SpillSinkSimulator/project/renders/baffle_angle/bang00__hemi_view_th-40.0.png,100.0,30.0,45.0,21.213203435596427,78.78679656440357,1.0606601717798212,20.0,0.95,0.20994522337775917,20.0,30.0,2,16,34.5,flat
bang00,hemi_view,-30,0.5812510188675647,0.029062531888484955,0.049999967217445374,0.04999999329447746,0.04999999329447746,mixed,0.05,25,17,/Users/hojunsong/Desktop/SpillSinkSimulator/project/renders/baffle_angle/bang00__hemi_view_th-30.0.png,100.0,30.0,45.0,21.213203435596427,78.78679656440357,1.0606601717798212,20.0,0.95,0.20994522337775917,20.0,30.0,2,16,34.5,flat
bang00,hemi_view,-20,0.3767776260093402,0.01883886754512787,0.049999963492155075,0.04999999329447746,0.04999999329447746,mixed,0.05,25,17,/Users/hojunsong/Desktop/SpillSinkSimulator/project/renders/baffle_angle/bang00__hemi_view_th-20.0.png,100.0,30.0,45.0,21.213203435596427,78.78679656440357,1.0606601717798212,20.0,0.95,0.20994522337775917,20.0,30.0,2,16,34.5,flat
bang00,hemi_view,-10,0.19894947854465914,0.009947466664016247,0.049999963492155075,0.04999998211860657,0.04999998211860657,mixed,0.05,25,17,/Users/hojunsong/Desktop/SpillSinkSimulator/project/renders/baffle_angle/bang00__hemi_view_th-10.0.png,100.0,30.0,45.0,21.213203435596427,78.78679656440357,1.0606601717798212,20.0,0.95,0.20994522337775917,20.0,30.0,2,16,34.5,flat
bang00,hemi_view,0,0.03673744276366674,0.0018368707969784737,0.049999963492155075,0.0294270608574152,0.030390677973628044,mixed,0.05,25,17,/Users/hojunsong/Desktop/SpillSinkSimulator/project/renders/baffle_angle/bang00__hemi_view_th+00.0.png,100.0,30.0,45.0,21.213203435596427,78.78679656440357,1.0606601717798212,20.0,0.95,0.20994522337775917,20.0,30.0,2,16,34.5,flat
bang00,hemi_view,10,0.0516313132633917,0.002581563778221607,0.049999963492155075,0.028867259621620178,0.0314009003341198,mixed,0.05,25,17,/Users/hojunsong/Desktop/SpillSinkSimulator/project/renders/baffle_angle/bang00__hemi_view_th+10.0.png,100.0,30.0,45.0,21.213203435596427,78.78679656440357,1.0606601717798212,20.0,0.95,0.20994522337775917,20.0,30.0,2,16,34.5,flat
bang00,hemi_view,20,0.08412557277311483,0.004206275567412376,0.049999963492155075,0.02569655328989029,0.029467903077602386,mixed,0.05,25,17,/Users/hojunsong/Desktop/SpillSinkSimulator/project/renders/baffle_angle/bang00__hemi_view_th+20.0.png,100.0,30.0,45.0,21.213203435596427,78.78679656440357,1.0606601717798212,20.0,0.95,0.20994522337775917,20.0,30.0,2,16,34.5,flat
bang00,hemi_view,30,0.09827106183658124,0.004913549870252609,0.049999967217445374,0.023471739143133163,0.02504887245595455,mixed,0.05,25,17,/Users/hojunsong/Desktop/SpillSinkSimulator/project/renders/baffle_angle/bang00__hemi_view_th+30.0.png,100.0,30.0,45.0,21.213203435596427,78.78679656440357,1.0606601717798212,20.0,0.95,0.20994522337775917,20.0,30.0,2,16,34.5,flat
bang00,hemi_view,40,0.1568456091166556,0.007842275314033031,0.049999967217445374,0.02855927124619484,0.030265962705016136,mixed,0.05,25,17,/Users/hojunsong/Desktop/SpillSinkSimulator/project/renders/baffle_angle/bang00__hemi_view_th+40.0.png,100.0,30.0,45.0,21.213203435596427,78.78679656440357,1.0606601717798212,20.0,0.95,0.20994522337775917,20.0,30.0,2,16,34.5,flat
bang00,hemi_view,50,0.15059543784191673,0.007529765833169222,0.04999995976686478,0.028463775292038918,0.029837200418114662,mixed,0.05,25,17,/Users/hojunsong/Desktop/SpillSinkSimulator/project/renders/baffle_angle/bang00__hemi_view_th+50.0.png,100.0,30.0,45.0,21.213203435596427,78.78679656440357,1.0606601717798212,20.0,0.95,0.20994522337775917,20.0,30.0,2,16,34.5,flat
bang00,hemi_view,60,0.08457052204777912,0.004228522069752216,0.04999995231628418,0.02744445390999317,0.029601573944091797,mixed,0.05,25,17,/Users/hojunsong/Desktop/SpillSinkSimulator/project/renders/baffle_angle/bang00__hemi_view_th+60.0.png,100.0,30.0,45.0,21.213203435596427,78.78679656440357,1.0606601717798212,20.0,0.95,0.20994522337775917,20.0,30.0,2,16,34.5,flat
bang00,hemi_view,70,0.0832949845404042,0.004164745565503836,0.04999995604157448,0.023840900510549545,0.024118587374687195,mixed,0.05,25,17,/Users/hojunsong/Desktop/SpillSinkSimulator/project/renders/baffle_angle/bang00__hemi_view_th+70.0.png,100.0,30.0,45.0,21.213203435596427,78.78679656440357,1.0606601717798212,20.0,0.95,0.20994522337775917,20.0,30.0,2,16,34.5,flat
bang00,hemi_view,80,0.13508205296206355,0.006754095200449228,0.04999994486570358,0.020439952611923218,0.02068687230348587,mixed,0.05,25,17,/Users/hojunsong/Desktop/SpillSinkSimulator/project/renders/baffle_angle/bang00__hemi_view_th+80.0.png,100.0,30.0,45.0,21.213203435596427,78.78679656440357,1.0606601717798212,20.0,0.95,0.20994522337775917,20.0,30.0,2,16,34.5,flat
bang15,hemi_view,-80,0.9999726563390579,0.04999857768416405,0.04999994486570358,0.04999998211860657,0.04999998211860657,mixed,0.05,25,17,/Users/hojunsong/Desktop/SpillSinkSimulator/project/renders/baffle_angle/bang15__hemi_view_th-80.0.png,100.0,30.0,45.0,21.213203435596427,78.78679656440357,1.0606601717798212,20.0,0.95,0.20655919698183473,20.0,30.0,2,16,35.72,flat
bang15,hemi_view,-70,0.9999825656260755,0.04999908432364464,0.04999995604157448,0.04999999329447746,0.04999999329447746,mixed,0.05,25,17,/Users/hojunsong/Desktop/SpillSinkSimulator/project/renders/baffle_angle/bang15__hemi_view_th-70.0.png,100.0,30.0,45.0,21.213203435596427,78.78679656440357,1.0606601717798212,20.0,0.95,0.20655919698183473,20.0,30.0,2,16,35.72,flat
bang15,hemi_view,-60,0.9999832361776697,0.049999114125967026,0.04999995231628418,0.04999999329447746,0.04999999329447746,mixed,0.05,25,17,/Users/hojunsong/Desktop/SpillSinkSimulator/project/renders/baffle_angle/bang15__hemi_view_th-60.0.png,100.0,30.0,45.0,21.213203435596427,78.78679656440357,1.0606601717798212,20.0,0.95,0.20655919698183473,20.0,30.0,2,16,35.72,flat
bang15,hemi_view,-50,0.9969907080754374,0.0498494952917099,0.04999995976686478,0.04999999329447746,0.04999999329447746,mixed,0.05,25,17,/Users/hojunsong/Desktop/SpillSinkSimulator/project/renders/baffle_angle/bang15__hemi_view_th-50.0.png,100.0,30.0,45.0,21.213203435596427,78.78679656440357,1.0606601717798212,20.0,0.95,0.20655919698183473,20.0,30.0,2,16,35.72,flat
bang15,hemi_view,-40,0.8417056804157784,0.042085256427526474,0.049999967217445374,0.04999999329447746,0.04999999329447746,mixed,0.05,25,17,/Users/hojunsong/Desktop/SpillSinkSimulator/project/renders/baffle_angle/bang15__hemi_view_th-40.0.png,100.0,30.0,45.0,21.213203435596427,78.78679656440357,1.0606601717798212,20.0,0.95,0.20655919698183473,20.0,30.0,2,16,35.72,flat
bang15,hemi_view,-30,0.5812510188675647,0.029062531888484955,0.049999967217445374,0.04999999329447746,0.04999999329447746,mixed,0.05,25,17,/Users/hojunsong/Desktop/SpillSinkSimulator/project/renders/baffle_angle/bang15__hemi_view_th-30.0.png,100.0,30.0,45.0,21.213203435596427,78.78679656440357,1.0606601717798212,20.0,0.95,0.20655919698183473,20.0,30.0,2,16,35.72,flat
bang15,hemi_view,-20,0.37678176108459077,0.018839074298739433,0.049999963492155075,0.04999999329447746,0.04999999329447746,mixed,0.05,25,17,/Users/hojunsong/Desktop/SpillSinkSimulator/project/renders/baffle_angle/bang15__hemi_view_th-20.0.png,100.0,30.0,45.0,21.213203435596427,78.78679656440357,1.0606601717798212,20.0,0.95,0.20655919698183473,20.0,30.0,2,16,35.72,flat
bang15,hemi_view,-10,0.1989596299681346,0.009947974234819412,0.049999963492155075,0.04999998211860657,0.04999998211860657,mixed,0.05,25,17,/Users/hojunsong/Desktop/SpillSinkSimulator/project/renders/baffle_angle/bang15__hemi_view_th-10.0.png,100.0,30.0,45.0,21.213203435596427,78.78679656440357,1.0606601717798212,20.0,0.95,0.20655919698183473,20.0,30.0,2,16,35.72,flat
bang15,hemi_view,0,0.03676839994865056,0.0018384186550974846,0.049999963492155075,0.029431408271193504,0.030390677973628044,mixed,0.05,25,17,/Users/hojunsong/Desktop/SpillSinkSimulator/project/renders/baffle_angle/bang15__hemi_view_th+00.0.png,100.0,30.0,45.0,21.213203435596427,78.78679656440357,1.0606601717798212,20.0,0.95,0.20655919698183473,20.0,30.0,2,16,35.72,flat
bang15,hemi_view,10,0.05358254258401076,0.0026791251730173826,0.049999963492155075,0.028980670496821404,0.031314074993133545,mixed,0.05,25,17,/Users/hojunsong/Desktop/SpillSinkSimulator/project/renders/baffle_angle/bang15__hemi_view_th+10.0.png,100.0,30.0,45.0,21.213203435596427,78.78679656440357,1.0606601717798212,20.0,0.95,0.20655919698183473,20.0,30.0,2,16,35.72,flat
bang15,hemi_view,20,0.09244174926945141,0.004622084088623524,0.049999963492155075,0.02569660171866417,0.029855897650122643,mixed,0.05,25,17,/Users/hojunsong/Desktop/SpillSinkSimulator/project/renders/baffle_angle/bang15__hemi_view_th+20.0.png,100.0,30.0,45.0,21.213203435596427,78.78679656440357,1.0606601717798212,20.0,0.95,0.20655919698183473,20.0,30.0,2,16,35.72,flat
bang15,hemi_view,30,0.11827988854520166,0.0059139905497431755,0.049999967217445374,0.023567087948322296,0.025384731590747833,mixed,0.05,25,17,/Users/hojunsong/Desktop/SpillSinkSimulator/project/renders/baffle_angle/bang15__hemi_view_th+30.0.png,100.0,30.0,45.0,21.213203435596427,78.78679656440357,1.0606601717798212,20.0,0.95,0.20655919698183473,20.0,30.0,2,16,35.72,flat
bang15,hemi_view,40,0.1793011522181436,0.008965051732957363,0.049999967217445374,0.028677210211753845,0.030836617574095726,mixed,0.05,25,17,/Users/hojunsong/Desktop/SpillSinkSimulator/project/renders/baffle_angle/bang15__hemi_view_th+40.0.png,100.0,30.0,45.0,21.213203435596427,78.78679656440357,1.0606601717798212,20.0,0.95,0.20655919698183473,20.0,30.0,2,16,35.72,flat
bang15,hemi_view,50,0.1859482011378238,0.009297402575612068,0.04999995976686478,0.029177416115999222,0.0319058895111084,mixed,0.05,25,17,/Users/hojunsong/Desktop/SpillSinkSimulator/project/renders/baffle_angle/bang15__hemi_view_th+50.0.png,100.0,30.0,45.0,21.213203435596427,78.78679656440357,1.0606601717798212,20.0,0.95,0.20655919698183473,20.0,30.0,2,16,35.72,flat
bang15,hemi_view,60,0.09210958547910258,0.004605474881827831,0.04999995231628418,0.029245955869555473,0.031115608289837837,mixed,0.05,25,17,/Users/hojunsong/Desktop/SpillSinkSimulator/project/renders/baffle_angle/bang15__hemi_view_th+60.0.png,100.0,30.0,45.0,21.213203435596427,78.78679656440357,1.0606601717798212,20.0,0.95,0.20655919698183473,20.0,30.0,2,16,35.72,flat
bang15,hemi_view,70,0.08501336002034308,0.004250664263963699,0.04999995604157448,0.02388029359281063,0.02421409823000431,mixed,0.05,25,17,/Users/hojunsong/Desktop/SpillSinkSimulator/project/renders/baffle_angle/bang15__hemi_view_th+70.0.png,100.0,30.0,45.0,21.213203435596427,78.78679656440357,1.0606601717798212,20.0,0.95,0.20655919698183473,20.0,30.0,2,16,35.72,flat
bang15,hemi_view,80,0.13557476971347568,0.006778731010854244,0.04999994486570358,0.020439568907022476,0.02071448788046837,mixed,0.05,25,17,/Users/hojunsong/Desktop/SpillSinkSimulator/project/renders/baffle_angle/bang15__hemi_view_th+80.0.png,100.0,30.0,45.0,21.213203435596427,78.78679656440357,1.0606601717798212,20.0,0.95,0.20655919698183473,20.0,30.0,2,16,35.72,flat
bang30,hemi_view,-80,0.9999726563390579,0.04999857768416405,0.04999994486570358,0.04999998211860657,0.04999998211860657,mixed,0.05,25,17,/Users/hojunsong/Desktop/SpillSinkSimulator/project/renders/baffle_angle/bang30__hemi_view_th-80.0.png,100.0,30.0,45.0,21.213203435596427,78.78679656440357,1.0606601717798212,20.0,0.95,0.1958899473612361,20.0,30.0,2,16,39.84,flat
bang30,hemi_view,-70,0.9999825656260755,0.04999908432364464,0.04999995604157448,0.04999999329447746,0.04999999329447746,mixed,0.05,25,17,/Users/hojunsong/Desktop/SpillSinkSimulator/project/renders/baffle_angle/bang30__hemi_view_th-70.0.png,100.0,30.0,45.0,21.213203435596427,78.78679656440357,1.0606601717798212,20.0,0.95,0.1958899473612361,20.0,30.0,2,16,39.84,flat
bang30,hemi_view,-60,0.9999832361776697,0.049999114125967026,0.04999995231628418,0.04999999329447746,0.04999999329447746,mixed,0.05,25,17,/Users/hojunsong/Desktop/SpillSinkSimulator/project/renders/baffle_angle/bang30__hemi_view_th-60.0.png,100.0,30.0,45.0,21.213203435596427,78.78679656440357,1.0606601717798212,20.0,0.95,0.1958899473612361,20.0,30.0,2,16,39.84,flat
bang30,hemi_view,-50,0.9969904845578397,0.049849484115839005,0.04999995976686478,0.04999999329447746,0.04999999329447746,mixed,0.05,25,17,/Users/hojunsong/Desktop/SpillSinkSimulator/project/renders/baffle_angle/bang30__hemi_view_th-50.0.png,100.0,30.0,45.0,21.213203435596427,78.78679656440357,1.0606601717798212,20.0,0.95,0.1958899473612361,20.0,30.0,2,16,39.84,flat
bang30,hemi_view,-40,0.8417057549216332,0.04208526015281677,0.049999967217445374,0.04999999329447746,0.04999999329447746,mixed,0.05,25,17,/Users/hojunsong/Desktop/SpillSinkSimulator/project/renders/baffle_angle/bang30__hemi_view_th-40.0.png,100.0,30.0,45.0,21.213203435596427,78.78679656440357,1.0606601717798212,20.0,0.95,0.1958899473612361,20.0,30.0,2,16,39.84,flat
bang30,hemi_view,-30,0.5812509443617099,0.029062528163194656,0.049999967217445374,0.04999999329447746,0.04999999329447746,mixed,0.05,25,17,/Users/hojunsong/Desktop/SpillSinkSimulator/project/renders/baffle_angle/bang30__hemi_view_th-30.0.png,100.0,30.0,45.0,21.213203435596427,78.78679656440357,1.0606601717798212,20.0,0.95,0.1958899473612361,20.0,30.0,2,16,39.84,flat
bang30,hemi_view,-20,0.3767824688902643,0.01883910968899727,0.049999963492155075,0.04999999329447746,0.04999999329447746,mixed,0.05,25,17,/Users/hojunsong/Desktop/SpillSinkSimulator/project/renders/baffle_angle/bang30__hemi_view_th-20.0.png,100.0,30.0,45.0,21.213203435596427,78.78679656440357,1.0606601717798212,20.0,0.95,0.1958899473612361,20.0,30.0,2,16,39.84,flat
bang30,hemi_view,-10,0.19895176959986552,0.009947581216692924,0.049999963492155075,0.04999998211860657,0.04999998211860657,mixed,0.05,25,17,/Users/hojunsong/Desktop/SpillSinkSimulator/project/renders/baffle_angle/bang30__hemi_view_th-10.0.png,100.0,30.0,45.0,21.213203435596427,78.78679656440357,1.0606601717798212,20.0,0.95,0.1958899473612361,20.0,30.0,2,16,39.84,flat
bang30,hemi_view,0,0.0367473916243343,0.0018373682396486402,0.049999963492155075,0.029407568275928497,0.030390655621886253,mixed,0.05,25,17,/Users/hojunsong/Desktop/SpillSinkSimulator/project/renders/baffle_angle/bang30__hemi_view_th+00.0.png,100.0,30.0,45.0,21.213203435596427,78.78679656440357,1.0606601717798212,20.0,0.95,0.1958899473612361,20.0,30.0,2,16,39.84,flat
bang30,hemi_view,10,0.05446414249007377,0.0027232051361352205,0.049999963492155075,0.028997227549552917,0.03128432109951973,mixed,0.05,25,17,/Users/hojunsong/Desktop/SpillSinkSimulator/project/renders/baffle_angle/bang30__hemi_view_th+10.0.png,100.0,30.0,45.0,21.213203435596427,78.78679656440357,1.0606601717798212,20.0,0.95,0.1958899473612361,20.0,30.0,2,16,39.84,flat
bang30,hemi_view,20,0.0946230294038123,0.004731148015707731,0.049999963492155075,0.025696640834212303,0.029854202643036842,mixed,0.05,25,17,/Users/hojunsong/Desktop/SpillSinkSimulator/project/renders/baffle_angle/bang30__hemi_view_th+20.0.png,100.0,30.0,45.0,21.213203435596427,78.78679656440357,1.0606601717798212,20.0,0.95,0.1958899473612361,20.0,30.0,2,16,39.84,flat
bang30,hemi_view,30,0.13578745126199507,0.006789368111640215,0.049999967217445374,0.023595506325364113,0.02508927695453167,mixed,0.05,25,17,/Users/hojunsong/Desktop/SpillSinkSimulator/project/renders/baffle_angle/bang30__hemi_view_th+30.0.png,100.0,30.0,45.0,21.213203435596427,78.78679656440357,1.0606601717798212,20.0,0.95,0.1958899473612361,20.0,30.0,2,16,39.84,flat
bang30,hemi_view,40,0.20147670231722148,0.010073828510940075,0.049999967217445374,0.028826680034399033,0.03059726022183895,mixed,0.05,25,17,/Users/hojunsong/Desktop/SpillSinkSimulator/project/renders/baffle_angle/bang30__hemi_view_th+40.0.png,100.0,30.0,45.0,21.213203435596427,78.78679656440357,1.0606601717798212,20.0,0.95,0.1958899473612361,20.0,30.0,2,16,39.84,flat
bang30,hemi_view,50,0.215698207135546,0.010784901678562164,0.04999995976686478,0.029901154339313507,0.03164839744567871,mixed,0.05,25,17,/Users/hojunsong/Desktop/SpillSinkSimulator/project/renders/baffle_angle/bang30__hemi_view_th+50.0.png,100.0,30.0,45.0,21.213203435596427,78.78679656440357,1.0606601717798212,20.0,0.95,0.1958899473612361,20.0,30.0,2,16,39.84,flat
bang30,hemi_view,60,0.09602988915015616,0.004801489878445864,0.04999995231628418,0.029502928256988525,0.03138864412903786,mixed,0.05,25,17,/Users/hojunsong/Desktop/SpillSinkSimulator/project/renders/baffle_angle/bang30__hemi_view_th+60.0.png,100.0,30.0,45.0,21.213203435596427,78.78679656440357,1.0606601717798212,20.0,0.95,0.1958899473612361,20.0,30.0,2,16,39.84,flat
bang30,hemi_view,70,0.08632884500029467,0.00431643845513463,0.04999995604157448,0.023899730294942856,0.024218732491135597,mixed,0.05,25,17,/Users/hojunsong/Desktop/SpillSinkSimulator/project/renders/baffle_angle/bang30__hemi_view_th+70.0.png,100.0,30.0,45.0,21.213203435596427,78.78679656440357,1.0606601717798212,20.0,0.95,0.1958899473612361,20.0,30.0,2,16,39.84,flat
bang30,hemi_view,80,0.13558995960141734,0.006779490504413843,0.04999994486570358,0.02041008323431015,0.020670408383011818,mixed,0.05,25,17,/Users/hojunsong/Desktop/SpillSinkSimulator/project/renders/baffle_angle/bang30__hemi_view_th+80.0.png,100.0,30.0,45.0,21.213203435596427,78.78679656440357,1.0606601717798212,20.0,0.95,0.1958899473612361,20.0,30.0,2,16,39.84,flat
bang45,hemi_view,-80,0.9999726563390579,0.04999857768416405,0.04999994486570358,0.04999998211860657,0.04999998211860657,mixed,0.05,25,17,/Users/hojunsong/Desktop/SpillSinkSimulator/project/renders/baffle_angle/bang45__hemi_view_th-80.0.png,100.0,30.0,45.0,21.213203435596427,78.78679656440357,1.0606601717798212,20.0,0.95,0.1761274344017619,20.0,30.0,2,16,48.79,flat
bang45,hemi_view,-70,0.9999825656260755,0.04999908432364464,0.04999995604157448,0.04999999329447746,0.04999999329447746,mixed,0.05,25,17,/Users/hojunsong/Desktop/SpillSinkSimulator/project/renders/baffle_angle/bang45__hemi_view_th-70.0.png,100.0,30.0,45.0,21.213203435596427,78.78679656440357,1.0606601717798212,20.0,0.95,0.1761274344017619,20.0,30.0,2,16,48.79,flat
bang45,hemi_view,-60,0.9999832361776697,0.049999114125967026,0.04999995231628418,0.04999999329447746,0.04999999329447746,mixed,0.05,25,17,/Users/hojunsong/Desktop/SpillSinkSimulator/project/renders/baffle_angle/bang45__hemi_view_th-60.0.png,100.0,30.0,45.0,21.213203435596427,78.78679656440357,1.0606601717798212,20.0,0.95,0.1761274344017619,20.0,30.0,2,16,48.79,flat
bang45,hemi_view,-50,0.996990186534376,0.04984946921467781,0.04999995976686478,0.04999999329447746,0.04999999329447746,mixed,0.05,25,17,/Users/hojunsong/Desktop/SpillSinkSimulator/project/renders/baffle_angle/bang45__hemi_view_th-50.0.png,100.0,30.0,45.0,21.213203435596427,78.78679656440357,1.0606601717798212,20.0,0.95,0.1761274344017619,20.0,30.0,2,16,48.79,flat
bang45,hemi_view,-40,0.8417056804157784,0.042085256427526474,0.049999967217445374,0.04999999329447746,0.04999999329447746,mixed,0.05,25,17,/Users/hojunsong/Desktop/SpillSinkSimulator/project/renders/baffle_angle/bang45__hemi_view_th-40.0.png,100.0,30.0,45.0,21.213203435596427,78.78679656440357,1.0606601717798212,20.0,0.95,0.1761274344017619,20.0,30.0,2,16,48.79,flat
bang45,hemi_view,-30,0.5812509443617099,0.029062528163194656,0.049999967217445374,0.04999999329447746,0.04999999329447746,mixed,0.05,25,17,/Users/hojunsong/Desktop/SpillSinkSimulator/project/renders/baffle_angle/bang45__hemi_view_th-30.0.png,100.0,30.0,45.0,21.213203435596427,78.78679656440357,1.0606601717798212,20.0,0.95,0.1761274344017619,20.0,30.0,2,16,48.79,flat
bang45,hemi_view,-20,0.37675967009699096,0.01883796975016594,0.049999963492155075,0.04999999329447746,0.04999999329447746,mixed,0.05,25,17,/Users/hojunsong/Desktop/SpillSinkSimulator/project/renders/baffle_angle/bang45__hemi_view_th-20.0.png,100.0,30.0,45.0,21.213203435596427,78.78679656440357,1.0606601717798212,20.0,0.95,0.1761274344017619,20.0,30.0,2,16,48.79,flat
bang45,hemi_view,-10,0.1989348008901662,0.00994673278182745,0.049999963492155075,0.04999998211860657,0.04999998211860657,mixed,0.05,25,17,/Users/hojunsong/Desktop/SpillSinkSimulator/project/renders/baffle_angle/bang45__hemi_view_th-10.0.png,100.0,30.0,45.0,21.213203435596427,78.78679656440357,1.0606601717798212,20.0,0.95,0.1761274344017619,20.0,30.0,2,16,48.79,flat
bang45,hemi_view,0,0.03662788422430049,0.0018313928740099072,0.049999963492155075,0.029401039704680443,0.03041020780801773,mixed,0.05,25,17,/Users/hojunsong/Desktop/SpillSinkSimulator/project/renders/baffle_angle/bang45__hemi_view_th+00.0.png,100.0,30.0,45.0,21.213203435596427,78.78679656440357,1.0606601717798212,20.0,0.95,0.1761274344017619,20.0,30.0,2,16,48.79,flat
bang45,hemi_view,10,0.049932682092509006,0.002496632281690836,0.049999963492155075,0.02898646891117096,0.031406283378601074,mixed,0.05,25,17,/Users/hojunsong/Desktop/SpillSinkSimulator/project/renders/baffle_angle/bang45__hemi_view_th+10.0.png,100.0,30.0,45.0,21.213203435596427,78.78679656440357,1.0606601717798212,20.0,0.95,0.1761274344017619,20.0,30.0,2,16,48.79,flat
bang45,hemi_view,20,0.09004090036457953,0.004502041731029749,0.049999963492155075,0.02568361721932888,0.029716499149799347,mixed,0.05,25,17,/Users/hojunsong/Desktop/SpillSinkSimulator/project/renders/baffle_angle/bang45__hemi_view_th+20.0.png,100.0,30.0,45.0,21.213203435596427,78.78679656440357,1.0606601717798212,20.0,0.95,0.1761274344017619,20.0,30.0,2,16,48.79,flat
bang45,hemi_view,30,0.1383776473047805,0.006918877828866243,0.049999967217445374,0.02358957938849926,0.02587582916021347,mixed,0.05,25,17,/Users/hojunsong/Desktop/SpillSinkSimulator/project/renders/baffle_angle/bang45__hemi_view_th+30.0.png,100.0,30.0,45.0,21.213203435596427,78.78679656440357,1.0606601717798212,20.0,0.95,0.1761274344017619,20.0,30.0,2,16,48.79,flat
bang45,hemi_view,40,0.2056213885149523,0.010281062684953213,0.049999967217445374,0.028818976134061813,0.030518770217895508,mixed,0.05,25,17,/Users/hojunsong/Desktop/SpillSinkSimulator/project/renders/baffle_angle/bang45__hemi_view_th+40.0.png,100.0,30.0,45.0,21.213203435596427,78.78679656440357,1.0606601717798212,20.0,0.95,0.1761274344017619,20.0,30.0,2,16,48.79,flat
bang45,hemi_view,50,0.215134216356988,0.010756702162325382,0.04999995976686478,0.029463358223438263,0.03146196901798248,mixed,0.05,25,17,/Users/hojunsong/Desktop/SpillSinkSimulator/project/renders/baffle_angle/bang45__hemi_view_th+50.0.png,100.0,30.0,45.0,21.213203435596427,78.78679656440357,1.0606601717798212,20.0,0.95,0.1761274344017619,20.0,30.0,2,16,48.79,flat
bang45,hemi_view,60,0.09433658476980664,0.0047168247401714325,0.04999995231628418,0.029412899166345596,0.03127577528357506,mixed,0.05,25,17,/Users/hojunsong/Desktop/SpillSinkSimulator/project/renders/baffle_angle/bang45__hemi_view_th+60.0.png,100.0,30.0,45.0,21.213203435596427,78.78679656440357,1.0606601717798212,20.0,0.95,0.1761274344017619,20.0,30.0,2,16,48.79,flat
bang45,hemi_view,70,0.08661982768133034,0.004330987576395273,0.04999995604157448,0.023925786837935448,0.024249231442809105,mixed,0.05,25,17,/Users/hojunsong/Desktop/SpillSinkSimulator/project/renders/baffle_angle/bang45__hemi_view_th+70.0.png,100.0,30.0,45.0,21.213203435596427,78.78679656440357,1.0606601717798212,20.0,0.95,0.1761274344017619,20.0,30.0,2,16,48.79,flat
bang45,hemi_view,80,0.1345613871893682,0.006728061940521002,0.04999994486570358,0.020399020984768867,0.020657388493418694,mixed,0.05,25,17,/Users/hojunsong/Desktop/SpillSinkSimulator/project/renders/baffle_angle/bang45__hemi_view_th+80.0.png,100.0,30.0,45.0,21.213203435596427,78.78679656440357,1.0606601717798212,20.0,0.95,0.1761274344017619,20.0,30.0,2,16,48.79,flat
bang60,hemi_view,-80,0.9999726563390579,0.04999857768416405,0.04999994486570358,0.04999998211860657,0.04999998211860657,mixed,0.05,25,26,/Users/hojunsong/Desktop/SpillSinkSimulator/project/renders/baffle_angle/bang60__hemi_view_th-80.0.png,100.0,30.0,45.0,21.213203435596427,78.78679656440357,1.0606601717798212,20.0,0.95,0.14344841290560087,20.0,30.0,2,24,46.0,flat
bang60,hemi_view,-70,0.9999825656260755,0.04999908432364464,0.04999995604157448,0.04999999329447746,0.04999999329447746,mixed,0.05,25,26,/Users/hojunsong/Desktop/SpillSinkSimulator/project/renders/baffle_angle/bang60__hemi_view_th-70.0.png,100.0,30.0,45.0,21.213203435596427,78.78679656440357,1.0606601717798212,20.0,0.95,0.14344841290560087,20.0,30.0,2,24,46.0,flat
bang60,hemi_view,-60,0.9999832361776697,0.049999114125967026,0.04999995231628418,0.04999999329447746,0.04999999329447746,mixed,0.05,25,26,/Users/hojunsong/Desktop/SpillSinkSimulator/project/renders/baffle_angle/bang60__hemi_view_th-60.0.png,100.0,30.0,45.0,21.213203435596427,78.78679656440357,1.0606601717798212,20.0,0.95,0.14344841290560087,20.0,30.0,2,24,46.0,flat
bang60,hemi_view,-50,0.9969901120285101,0.04984946548938751,0.04999995976686478,0.04999999329447746,0.04999999329447746,mixed,0.05,25,26,/Users/hojunsong/Desktop/SpillSinkSimulator/project/renders/baffle_angle/bang60__hemi_view_th-50.0.png,100.0,30.0,45.0,21.213203435596427,78.78679656440357,1.0606601717798212,20.0,0.95,0.14344841290560087,20.0,30.0,2,24,46.0,flat
bang60,hemi_view,-40,0.8417057549216332,0.04208526015281677,0.049999967217445374,0.04999999329447746,0.04999999329447746,mixed,0.05,25,26,/Users/hojunsong/Desktop/SpillSinkSimulator/project/renders/baffle_angle/bang60__hemi_view_th-40.0.png,100.0,30.0,45.0,21.213203435596427,78.78679656440357,1.0606601717798212,20.0,0.95,0.14344841290560087,20.0,30.0,2,24,46.0,flat
bang60,hemi_view,-30,0.5812508326029276,0.02906252257525921,0.049999967217445374,0.04999999329447746,0.04999999329447746,mixed,0.05,25,26,/Users/hojunsong/Desktop/SpillSinkSimulator/project/renders/baffle_angle/bang60__hemi_view_th-30.0.png,100.0,30.0,45.0,21.213203435596427,78.78679656440357,1.0606601717798212,20.0,0.95,0.14344841290560087,20.0,30.0,2,24,46.0,flat
bang60,hemi_view,-20,0.3767638796781019,0.018838180229067802,0.049999963492155075,0.04999999329447746,0.04999999329447746,mixed,0.05,25,26,/Users/hojunsong/Desktop/SpillSinkSimulator/project/renders/baffle_angle/bang60__hemi_view_th-20.0.png,100.0,30.0,45.0,21.213203435596427,78.78679656440357,1.0606601717798212,20.0,0.95,0.14344841290560087,20.0,30.0,2,24,46.0,flat
bang60,hemi_view,-10,0.19889920571537434,0.00994495302438736,0.049999963492155075,0.04999998211860657,0.04999998211860657,mixed,0.05,25,26,/Users/hojunsong/Desktop/SpillSinkSimulator/project/renders/baffle_angle/bang60__hemi_view_th-10.0.png,100.0,30.0,45.0,21.213203435596427,78.78679656440357,1.0606601717798212,20.0,0.95,0.14344841290560087,20.0,30.0,2,24,46.0,flat
bang60,hemi_view,0,0.03698278124863328,0.0018491377122700214,0.049999963492155075,0.029550788924098015,0.030631644651293755,mixed,0.05,25,26,/Users/hojunsong/Desktop/SpillSinkSimulator/project/renders/baffle_angle/bang60__hemi_view_th+00.0.png,100.0,30.0,45.0,21.213203435596427,78.78679656440357,1.0606601717798212,20.0,0.95,0.14344841290560087,20.0,30.0,2,24,46.0,flat
bang60,hemi_view,10,0.051163681887394376,0.0025581822264939547,0.049999963492155075,0.02884044125676155,0.030649391934275627,mixed,0.05,25,26,/Users/hojunsong/Desktop/SpillSinkSimulator/project/renders/baffle_angle/bang60__hemi_view_th+10.0.png,100.0,30.0,45.0,21.213203435596427,78.78679656440357,1.0606601717798212,20.0,0.95,0.14344841290560087,20.0,30.0,2,24,46.0,flat
bang60,hemi_view,20,0.07996528660206562,0.003998261410742998,0.049999963492155075,0.025571348145604134,0.029567593708634377,mixed,0.05,25,26,/Users/hojunsong/Desktop/SpillSinkSimulator/project/renders/baffle_angle/bang60__hemi_view_th+20.0.png,100.0,30.0,45.0,21.213203435596427,78.78679656440357,1.0606601717798212,20.0,0.95,0.14344841290560087,20.0,30.0,2,24,46.0,flat
bang60,hemi_view,30,0.11182845451611279,0.00559141905978322,0.049999967217445374,0.023330703377723694,0.025617817416787148,mixed,0.05,25,26,/Users/hojunsong/Desktop/SpillSinkSimulator/project/renders/baffle_angle/bang60__hemi_view_th+30.0.png,100.0,30.0,45.0,21.213203435596427,78.78679656440357,1.0606601717798212,20.0,0.95,0.14344841290560087,20.0,30.0,2,24,46.0,flat
bang60,hemi_view,40,0.17847510580576442,0.008923749439418316,0.049999967217445374,0.028770258650183678,0.030467413365840912,mixed,0.05,25,26,/Users/hojunsong/Desktop/SpillSinkSimulator/project/renders/baffle_angle/bang60__hemi_view_th+40.0.png,100.0,30.0,45.0,21.213203435596427,78.78679656440357,1.0606601717798212,20.0,0.95,0.14344841290560087,20.0,30.0,2,24,46.0,flat
bang60,hemi_view,50,0.19782482732147985,0.009891233406960964,0.04999995976686478,0.029149310663342476,0.03110705129802227,mixed,0.05,25,26,/Users/hojunsong/Desktop/SpillSinkSimulator/project/renders/baffle_angle/bang60__hemi_view_th+50.0.png,100.0,30.0,45.0,21.213203435596427,78.78679656440357,1.0606601717798212,20.0,0.95,0.14344841290560087,20.0,30.0,2,24,46.0,flat
bang60,hemi_view,60,0.0892919035953556,0.004464590921998024,0.04999995231628418,0.028743969276547432,0.03034205175936222,mixed,0.05,25,26,/Users/hojunsong/Desktop/SpillSinkSimulator/project/renders/baffle_angle/bang60__hemi_view_th+60.0.png,100.0,30.0,45.0,21.213203435596427,78.78679656440357,1.0606601717798212,20.0,0.95,0.14344841290560087,20.0,30.0,2,24,46.0,flat
bang60,hemi_view,70,0.08375557983784691,0.004187775310128927,0.04999995604157448,0.023867158219218254,0.02421870082616806,mixed,0.05,25,26,/Users/hojunsong/Desktop/SpillSinkSimulator/project/renders/baffle_angle/bang60__hemi_view_th+70.0.png,100.0,30.0,45.0,21.213203435596427,78.78679656440357,1.0606601717798212,20.0,0.95,0.14344841290560087,20.0,30.0,2,24,46.0,flat
bang60,hemi_view,80,0.13360666873892377,0.006680326070636511,0.04999994486570358,0.020364513620734215,0.020631348714232445,mixed,0.05,25,26,/Users/hojunsong/Desktop/SpillSinkSimulator/project/renders/baffle_angle/bang60__hemi_view_th+80.0.png,100.0,30.0,45.0,21.213203435596427,78.78679656440357,1.0606601717798212,20.0,0.95,0.14344841290560087,20.0,30.0,2,24,46.0,flat
bang75,hemi_view,-80,0.9999726563390579,0.04999857768416405,0.04999994486570358,0.04999998211860657,0.04999998211860657,mixed,0.05,25,53,/Users/hojunsong/Desktop/SpillSinkSimulator/project/renders/baffle_angle/bang75__hemi_view_th-80.0.png,100.0,30.0,45.0,21.213203435596427,78.78679656440357,1.0606601717798212,20.0,0.95,0.0874038226866915,20.0,30.0,2,50,44.43,flat
bang75,hemi_view,-70,0.9999825656260755,0.04999908432364464,0.04999995604157448,0.04999999329447746,0.04999999329447746,mixed,0.05,25,53,/Users/hojunsong/Desktop/SpillSinkSimulator/project/renders/baffle_angle/bang75__hemi_view_th-70.0.png,100.0,30.0,45.0,21.213203435596427,78.78679656440357,1.0606601717798212,20.0,0.95,0.0874038226866915,20.0,30.0,2,50,44.43,flat
bang75,hemi_view,-60,0.9999832361776697,0.049999114125967026,0.04999995231628418,0.04999999329447746,0.04999999329447746,mixed,0.05,25,53,/Users/hojunsong/Desktop/SpillSinkSimulator/project/renders/baffle_angle/bang75__hemi_view_th-60.0.png,100.0,30.0,45.0,21.213203435596427,78.78679656440357,1.0606601717798212,20.0,0.95,0.0874038226866915,20.0,30.0,2,50,44.43,flat
bang75,hemi_view,-50,0.9969901120285101,0.04984946548938751,0.04999995976686478,0.04999999329447746,0.04999999329447746,mixed,0.05,25,53,/Users/hojunsong/Desktop/SpillSinkSimulator/project/renders/baffle_angle/bang75__hemi_view_th-50.0.png,100.0,30.0,45.0,21.213203435596427,78.78679656440357,1.0606601717798212,20.0,0.95,0.0874038226866915,20.0,30.0,2,50,44.43,flat
bang75,hemi_view,-40,0.8417056804157784,0.042085256427526474,0.049999967217445374,0.04999999329447746,0.04999999329447746,mixed,0.05,25,53,/Users/hojunsong/Desktop/SpillSinkSimulator/project/renders/baffle_angle/bang75__hemi_view_th-40.0.png,100.0,30.0,45.0,21.213203435596427,78.78679656440357,1.0606601717798212,20.0,0.95,0.0874038226866915,20.0,30.0,2,50,44.43,flat
bang75,hemi_view,-30,0.5812507208441454,0.02906251698732376,0.049999967217445374,0.04999999329447746,0.04999999329447746,mixed,0.05,25,53,/Users/hojunsong/Desktop/SpillSinkSimulator/project/renders/baffle_angle/bang75__hemi_view_th-30.0.png,100.0,30.0,45.0,21.213203435596427,78.78679656440357,1.0606601717798212,20.0,0.95,0.0874038226866915,20.0,30.0,2,50,44.43,flat
bang75,hemi_view,-20,0.37674070835552675,0.01883702166378498,0.049999963492155075,0.04999999329447746,0.04999999329447746,mixed,0.05,25,53,/Users/hojunsong/Desktop/SpillSinkSimulator/project/renders/baffle_angle/bang75__hemi_view_th-20.0.png,100.0,30.0,45.0,21.213203435596427,78.78679656440357,1.0606601717798212,20.0,0.95,0.0874038226866915,20.0,30.0,2,50,44.43,flat
bang75,hemi_view,-10,0.1988147905755749,0.009940732270479202,0.049999963492155075,0.04999998211860657,0.04999998211860657,mixed,0.05,25,53,/Users/hojunsong/Desktop/SpillSinkSimulator/project/renders/baffle_angle/bang75__hemi_view_th-10.0.png,100.0,30.0,45.0,21.213203435596427,78.78679656440357,1.0606601717798212,20.0,0.95,0.0874038226866915,20.0,30.0,2,50,44.43,flat
bang75,hemi_view,0,0.03602565335492811,0.0018012813525274396,0.049999963492155075,0.029296888038516045,0.030390655621886253,mixed,0.05,25,53,/Users/hojunsong/Desktop/SpillSinkSimulator/project/renders/baffle_angle/bang75__hemi_view_th+00.0.png,100.0,30.0,45.0,21.213203435596427,78.78679656440357,1.0606601717798212,20.0,0.95,0.0874038226866915,20.0,30.0,2,50,44.43,flat
bang75,hemi_view,10,0.03822236085900191,0.0019111166475340724,0.049999963492155075,0.028580572456121445,0.029693132266402245,mixed,0.05,25,53,/Users/hojunsong/Desktop/SpillSinkSimulator/project/renders/baffle_angle/bang75__hemi_view_th+10.0.png,100.0,30.0,45.0,21.213203435596427,78.78679656440357,1.0606601717798212,20.0,0.95,0.0874038226866915,20.0,30.0,2,50,44.43,flat
bang75,hemi_view,20,0.07444916606708075,0.003722455585375428,0.049999963492155075,0.02569662034511566,0.02957683801651001,mixed,0.05,25,53,/Users/hojunsong/Desktop/SpillSinkSimulator/project/renders/baffle_angle/bang75__hemi_view_th+20.0.png,100.0,30.0,45.0,21.213203435596427,78.78679656440357,1.0606601717798212,20.0,0.95,0.0874038226866915,20.0,30.0,2,50,44.43,flat
bang75,hemi_view,30,0.12499377876112261,0.00624968484044075,0.049999967217445374,0.023282909765839577,0.025198787450790405,mixed,0.05,25,53,/Users/hojunsong/Desktop/SpillSinkSimulator/project/renders/baffle_angle/bang75__hemi_view_th+30.0.png,100.0,30.0,45.0,21.213203435596427,78.78679656440357,1.0606601717798212,20.0,0.95,0.0874038226866915,20.0,30.0,2,50,44.43,flat
bang75,hemi_view,40,0.16522921279199962,0.008261455222964287,0.049999967217445374,0.02871636487543583,0.030559873208403587,mixed,0.05,25,53,/Users/hojunsong/Desktop/SpillSinkSimulator/project/renders/baffle_angle/bang75__hemi_view_th+40.0.png,100.0,30.0,45.0,21.213203435596427,78.78679656440357,1.0606601717798212,20.0,0.95,0.0874038226866915,20.0,30.0,2,50,44.43,flat
bang75,hemi_view,50,0.18439641158888082,0.009219813160598278,0.04999995976686478,0.02891644462943077,0.030670350417494774,mixed,0.05,25,53,/Users/hojunsong/Desktop/SpillSinkSimulator/project/renders/baffle_angle/bang75__hemi_view_th+50.0.png,100.0,30.0,45.0,21.213203435596427,78.78679656440357,1.0606601717798212,20.0,0.95,0.0874038226866915,20.0,30.0,2,50,44.43,flat
bang75,hemi_view,60,0.08495682570691176,0.004247837234288454,0.04999995231628418,0.028648652136325836,0.030604010447859764,mixed,0.05,25,53,/Users/hojunsong/Desktop/SpillSinkSimulator/project/renders/baffle_angle/bang75__hemi_view_th+60.0.png,100.0,30.0,45.0,21.213203435596427,78.78679656440357,1.0606601717798212,20.0,0.95,0.0874038226866915,20.0,30.0,2,50,44.43,flat
bang75,hemi_view,70,0.08581190463755091,0.004290591459721327,0.04999995604157448,0.023932330310344696,0.024205714464187622,mixed,0.05,25,53,/Users/hojunsong/Desktop/SpillSinkSimulator/project/renders/baffle_angle/bang75__hemi_view_th+70.0.png,100.0,30.0,45.0,21.213203435596427,78.78679656440357,1.0606601717798212,20.0,0.95,0.0874038226866915,20.0,30.0,2,50,44.43,flat
bang75,hemi_view,80,0.13167934111164872,0.006583959795534611,0.04999994486570358,0.020442631095647812,0.020722493529319763,mixed,0.05,25,53,/Users/hojunsong/Desktop/SpillSinkSimulator/project/renders/baffle_angle/bang75__hemi_view_th+80.0.png,100.0,30.0,45.0,21.213203435596427,78.78679656440357,1.0606601717798212,20.0,0.95,0.0874038226866915,20.0,30.0,2,50,44.43,flat
bang45_neg,hemi_view,-80,0.9999726563390579,0.04999857768416405,0.04999994486570358,0.04999998211860657,0.04999998211860657,mixed,0.05,25,17,/Users/hojunsong/Desktop/SpillSinkSimulator/project/renders/baffle_angle/bang45_neg__hemi_view_th-80.0.png,100.0,30.0,45.0,21.213203435596427,78.78679656440357,1.0606601717798212,20.0,0.95,0.1761274344017619,20.0,30.0,2,16,48.79,flat
bang45_neg,hemi_view,-70,0.9999825656260755,0.04999908432364464,0.04999995604157448,0.04999999329447746,0.04999999329447746,mixed,0.05,25,17,/Users/hojunsong/Desktop/SpillSinkSimulator/project/renders/baffle_angle/bang45_neg__hemi_view_th-70.0.png,100.0,30.0,45.0,21.213203435596427,78.78679656440357,1.0606601717798212,20.0,0.95,0.1761274344017619,20.0,30.0,2,16,48.79,flat
bang45_neg,hemi_view,-60,0.9999832361776697,0.049999114125967026,0.04999995231628418,0.04999999329447746,0.04999999329447746,mixed,0.05,25,17,/Users/hojunsong/Desktop/SpillSinkSimulator/project/renders/baffle_angle/bang45_neg__hemi_view_th-60.0.png,100.0,30.0,45.0,21.213203435596427,78.78679656440357,1.0606601717798212,20.0,0.95,0.1761274344017619,20.0,30.0,2,16,48.79,flat
bang45_neg,hemi_view,-50,0.9969904845578397,0.049849484115839005,0.04999995976686478,0.04999999329447746,0.04999999329447746,mixed,0.05,25,17,/Users/hojunsong/Desktop/SpillSinkSimulator/project/renders/baffle_angle/bang45_neg__hemi_view_th-50.0.png,100.0,30.0,45.0,21.213203435596427,78.78679656440357,1.0606601717798212,20.0,0.95,0.1761274344017619,20.0,30.0,2,16,48.79,flat
bang45_neg,hemi_view,-40,0.8417067234977459,0.04208530858159065,0.049999967217445374,0.04999999329447746,0.04999999329447746,mixed,0.05,25,17,/Users/hojunsong/Desktop/SpillSinkSimulator/project/renders/baffle_angle/bang45_neg__hemi_view_th-40.0.png,100.0,30.0,45.0,21.213203435596427,78.78679656440357,1.0606601717798212,20.0,0.95,0.1761274344017619,20.0,30.0,2,16,48.79,flat
bang45_neg,hemi_view,-30,0.5812509443617099,0.029062528163194656,0.049999967217445374,0.04999999329447746,0.04999999329447746,mixed,0.05,25,17,/Users/hojunsong/Desktop/SpillSinkSimulator/project/renders/baffle_angle/bang45_neg__hemi_view_th-30.0.png,100.0,30.0,45.0,21.213203435596427,78.78679656440357,1.0606601717798212,20.0,0.95,0.1761274344017619,20.0,30.0,2,16,48.79,flat
bang45_neg,hemi_view,-20,0.37675449193969524,0.018837710842490196,0.049999963492155075,0.04999999329447746,0.04999999329447746,mixed,0.05,25,17,/Users/hojunsong/Desktop/SpillSinkSimulator/project/renders/baffle_angle/bang45_neg__hemi_view_th-20.0.png,100.0,30.0,45.0,21.213203435596427,78.78679656440357,1.0606601717798212,20.0,0.95,0.1761274344017619,20.0,30.0,2,16,48.79,flat
bang45_neg,hemi_view,-10,0.1988586186479377,0.009942923672497272,0.049999963492155075,0.04999998211860657,0.04999998211860657,mixed,0.05,25,17,/Users/hojunsong/Desktop/SpillSinkSimulator/project/renders/baffle_angle/bang45_neg__hemi_view_th-10.0.png,100.0,30.0,45.0,21.213203435596427,78.78679656440357,1.0606601717798212,20.0,0.95,0.1761274344017619,20.0,30.0,2,16,48.79,flat
bang45_neg,hemi_view,0,0.03615198502611021,0.0018075979314744473,0.049999963492155075,0.02932947315275669,0.030390677973628044,mixed,0.05,25,17,/Users/hojunsong/Desktop/SpillSinkSimulator/project/renders/baffle_angle/bang45_neg__hemi_view_th+00.0.png,100.0,30.0,45.0,21.213203435596427,78.78679656440357,1.0606601717798212,20.0,0.95,0.1761274344017619,20.0,30.0,2,16,48.79,flat
bang45_neg,hemi_view,10,0.040840047428940596,0.0020420008804649115,0.049999963492155075,0.028574278578162193,0.030502015724778175,mixed,0.05,25,17,/Users/hojunsong/Desktop/SpillSinkSimulator/project/renders/baffle_angle/bang45_neg__hemi_view_th+10.0.png,100.0,30.0,45.0,21.213203435596427,78.78679656440357,1.0606601717798212,20.0,0.95,0.1761274344017619,20.0,30.0,2,16,48.79,flat
bang45_neg,hemi_view,20,0.051712850614334345,0.0025856406427919865,0.049999963492155075,0.025683611631393433,0.028805673122406006,mixed,0.05,25,17,/Users/hojunsong/Desktop/SpillSinkSimulator/project/renders/baffle_angle/bang45_neg__hemi_view_th+20.0.png,100.0,30.0,45.0,21.213203435596427,78.78679656440357,1.0606601717798212,20.0,0.95,0.1761274344017619,20.0,30.0,2,16,48.79,flat
bang45_neg,hemi_view,30,0.06570328609562796,0.0032851621508598328,0.049999967217445374,0.023268401622772217,0.025766337290406227,mixed,0.05,25,17,/Users/hojunsong/Desktop/SpillSinkSimulator/project/renders/baffle_angle/bang45_neg__hemi_view_th+30.0.png,100.0,30.0,45.0,21.213203435596427,78.78679656440357,1.0606601717798212,20.0,0.95,0.1761274344017619,20.0,30.0,2,16,48.79,flat
bang45_neg,hemi_view,40,0.12554239330985106,0.006277115549892187,0.049999967217445374,0.02858060970902443,0.03015630878508091,mixed,0.05,25,17,/Users/hojunsong/Desktop/SpillSinkSimulator/project/renders/baffle_angle/bang45_neg__hemi_view_th+40.0.png,100.0,30.0,45.0,21.213203435596427,78.78679656440357,1.0606601717798212,20.0,0.95,0.1761274344017619,20.0,30.0,2,16,48.79,flat
bang45_neg,hemi_view,50,0.11922707130405084,0.00596134876832366,0.04999995976686478,0.02844369411468506,0.029921507462859154,mixed,0.05,25,17,/Users/hojunsong/Desktop/SpillSinkSimulator/project/renders/baffle_angle/bang45_neg__hemi_view_th+50.0.png,100.0,30.0,45.0,21.213203435596427,78.78679656440357,1.0606601717798212,20.0,0.95,0.1761274344017619,20.0,30.0,2,16,48.79,flat
bang45_neg,hemi_view,60,0.06911576797677801,0.0034557851031422615,0.04999995231628418,0.027322547510266304,0.028590068221092224,mixed,0.05,25,17,/Users/hojunsong/Desktop/SpillSinkSimulator/project/renders/baffle_angle/bang45_neg__hemi_view_th+60.0.png,100.0,30.0,45.0,21.213203435596427,78.78679656440357,1.0606601717798212,20.0,0.95,0.1761274344017619,20.0,30.0,2,16,48.79,flat
bang45_neg,hemi_view,70,0.0811696673037167,0.00405847979709506,0.04999995604157448,0.023859888315200806,0.024127595126628876,mixed,0.05,25,17,/Users/hojunsong/Desktop/SpillSinkSimulator/project/renders/baffle_angle/bang45_neg__hemi_view_th+70.0.png,100.0,30.0,45.0,21.213203435596427,78.78679656440357,1.0606601717798212,20.0,0.95,0.1761274344017619,20.0,30.0,2,16,48.79,flat
bang45_neg,hemi_view,80,0.13183095128074876,0.0065915402956306934,0.04999994486570358,0.02039695531129837,0.020657388493418694,mixed,0.05,25,17,/Users/hojunsong/Desktop/SpillSinkSimulator/project/renders/baffle_angle/bang45_neg__hemi_view_th+80.0.png,100.0,30.0,45.0,21.213203435596427,78.78679656440357,1.0606601717798212,20.0,0.95,0.1761274344017619,20.0,30.0,2,16,48.79,flat
bang45_alt,hemi_view,-80,0.9999726563390579,0.04999857768416405,0.04999994486570358,0.04999998211860657,0.04999998211860657,mixed,0.05,25,17,/Users/hojunsong/Desktop/SpillSinkSimulator/project/renders/baffle_angle/bang45_alt__hemi_view_th-80.0.png,100.0,30.0,45.0,21.213203435596427,78.78679656440357,1.0606601717798212,20.0,0.95,0.1761274344017619,20.0,30.0,2,16,48.79,flat
bang45_alt,hemi_view,-70,0.9999825656260755,0.04999908432364464,0.04999995604157448,0.04999999329447746,0.04999999329447746,mixed,0.05,25,17,/Users/hojunsong/Desktop/SpillSinkSimulator/project/renders/baffle_angle/bang45_alt__hemi_view_th-70.0.png,100.0,30.0,45.0,21.213203435596427,78.78679656440357,1.0606601717798212,20.0,0.95,0.1761274344017619,20.0,30.0,2,16,48.79,flat
bang45_alt,hemi_view,-60,0.9999832361776697,0.049999114125967026,0.04999995231628418,0.04999999329447746,0.04999999329447746,mixed,0.05,25,17,/Users/hojunsong/Desktop/SpillSinkSimulator/project/renders/baffle_angle/bang45_alt__hemi_view_th-60.0.png,100.0,30.0,45.0,21.213203435596427,78.78679656440357,1.0606601717798212,20.0,0.95,0.1761274344017619,20.0,30.0,2,16,48.79,flat
bang45_alt,hemi_view,-50,0.996990186534376,0.04984946921467781,0.04999995976686478,0.04999999329447746,0.04999999329447746,mixed,0.05,25,17,/Users/hojunsong/Desktop/SpillSinkSimulator/project/renders/baffle_angle/bang45_alt__hemi_view_th-50.0.png,100.0,30.0,45.0,21.213203435596427,78.78679656440357,1.0606601717798212,20.0,0.95,0.1761274344017619,20.0,30.0,2,16,48.79,flat
bang45_alt,hemi_view,-40,0.8417057549216332,0.04208526015281677,0.049999967217445374,0.04999999329447746,0.04999999329447746,mixed,0.05,25,17,/Users/hojunsong/Desktop/SpillSinkSimulator/project/renders/baffle_angle/bang45_alt__hemi_view_th-40.0.png,100.0,30.0,45.0,21.213203435596427,78.78679656440357,1.0606601717798212,20.0,0.95,0.1761274344017619,20.0,30.0,2,16,48.79,flat
bang45_alt,hemi_view,-30,0.5812509443617099,0.029062528163194656,0.049999967217445374,0.04999999329447746,0.04999999329447746,mixed,0.05,25,17,/Users/hojunsong/Desktop/SpillSinkSimulator/project/renders/baffle_angle/bang45_alt__hemi_view_th-30.0.png,100.0,30.0,45.0,21.213203435596427,78.78679656440357,1.0606601717798212,20.0,0.95,0.1761274344017619,20.0,30.0,2,16,48.79,flat
bang45_alt,hemi_view,-20,0.37676697167130724,0.01883833482861519,0.049999963492155075,0.04999999329447746,0.04999999329447746,mixed,0.05,25,17,/Users/hojunsong/Desktop/SpillSinkSimulator/project/renders/baffle_angle/bang45_alt__hemi_view_th-20.0.png,100.0,30.0,45.0,21.213203435596427,78.78679656440357,1.0606601717798212,20.0,0.95,0.1761274344017619,20.0,30.0,2,16,48.79,flat
bang45_alt,hemi_view,-10,0.19892196725571745,0.00994609110057354,0.049999963492155075,0.04999998211860657,0.04999998211860657,mixed,0.05,25,17,/Users/hojunsong/Desktop/SpillSinkSimulator/project/renders/baffle_angle/bang45_alt__hemi_view_th-10.0.png,100.0,30.0,45.0,21.213203435596427,78.78679656440357,1.0606601717798212,20.0,0.95,0.1761274344017619,20.0,30.0,2,16,48.79,flat
bang45_alt,hemi_view,0,0.03641329104827734,0.0018206632230430841,0.049999963492155075,0.029309924691915512,0.03041020780801773,mixed,0.05,25,17,/Users/hojunsong/Desktop/SpillSinkSimulator/project/renders/baffle_angle/bang45_alt__hemi_view_th+00.0.png,100.0,30.0,45.0,21.213203435596427,78.78679656440357,1.0606601717798212,20.0,0.95,0.1761274344017619,20.0,30.0,2,16,48.79,flat
bang45_alt,hemi_view,10,0.05167472224028989,0.0025837342254817486,0.049999963492155075,0.02898280695080757,0.0308678075671196,mixed,0.05,25,17,/Users/hojunsong/Desktop/SpillSinkSimulator/project/renders/baffle_angle/bang45_alt__hemi_view_th+10.0.png,100.0,30.0,45.0,21.213203435596427,78.78679656440357,1.0606601717798212,20.0,0.95,0.1761274344017619,20.0,30.0,2,16,48.79,flat
bang45_alt,hemi_view,20,0.08740995873641935,0.004370494745671749,0.049999963492155075,0.02557944692671299,0.029716497287154198,mixed,0.05,25,17,/Users/hojunsong/Desktop/SpillSinkSimulator/project/renders/baffle_angle/bang45_alt__hemi_view_th+20.0.png,100.0,30.0,45.0,21.213203435596427,78.78679656440357,1.0606601717798212,20.0,0.95,0.1761274344017619,20.0,30.0,2,16,48.79,flat
bang45_alt,hemi_view,30,0.13712877085307118,0.0068564340472221375,0.049999967217445374,0.023676319047808647,0.02586931735277176,mixed,0.05,25,17,/Users/hojunsong/Desktop/SpillSinkSimulator/project/renders/baffle_angle/bang45_alt__hemi_view_th+30.0.png,100.0,30.0,45.0,21.213203435596427,78.78679656440357,1.0606601717798212,20.0,0.95,0.1761274344017619,20.0,30.0,2,16,48.79,flat
bang45_alt,hemi_view,40,0.2037927540672001,0.010189631022512913,0.049999967217445374,0.0288185216486454,0.030453354120254517,mixed,0.05,25,17,/Users/hojunsong/Desktop/SpillSinkSimulator/project/renders/baffle_angle/bang45_alt__hemi_view_th+40.0.png,100.0,30.0,45.0,21.213203435596427,78.78679656440357,1.0606601717798212,20.0,0.95,0.1761274344017619,20.0,30.0,2,16,48.79,flat
bang45_alt,hemi_view,50,0.21421235527794338,0.010710609145462513,0.04999995976686478,0.029413867741823196,0.031461965292692184,mixed,0.05,25,17,/Users/hojunsong/Desktop/SpillSinkSimulator/project/renders/baffle_angle/bang45_alt__hemi_view_th+50.0.png,100.0,30.0,45.0,21.213203435596427,78.78679656440357,1.0606601717798212,20.0,0.95,0.1761274344017619,20.0,30.0,2,16,48.79,flat
bang45_alt,hemi_view,60,0.093669421893999,0.004683466628193855,0.04999995231628418,0.02934824861586094,0.031205080449581146,mixed,0.05,25,17,/Users/hojunsong/Desktop/SpillSinkSimulator/project/renders/baffle_angle/bang45_alt__hemi_view_th+60.0.png,100.0,30.0,45.0,21.213203435596427,78.78679656440357,1.0606601717798212,20.0,0.95,0.1761274344017619,20.0,30.0,2,16,48.79,flat
bang45_alt,hemi_view,70,0.08623797577680008,0.004311894997954369,0.04999995604157448,0.02391313947737217,0.024210164323449135,mixed,0.05,25,17,/Users/hojunsong/Desktop/SpillSinkSimulator/project/renders/baffle_angle/bang45_alt__hemi_view_th+70.0.png,100.0,30.0,45.0,21.213203435596427,78.78679656440357,1.0606601717798212,20.0,0.95,0.1761274344017619,20.0,30.0,2,16,48.79,flat
bang45_alt,hemi_view,80,0.1348884773514766,0.006744416430592537,0.04999994486570358,0.02039089798927307,0.020657388493418694,mixed,0.05,25,17,/Users/hojunsong/Desktop/SpillSinkSimulator/project/renders/baffle_angle/bang45_alt__hemi_view_th+80.0.png,100.0,30.0,45.0,21.213203435596427,78.78679656440357,1.0606601717798212,20.0,0.95,0.1761274344017619,20.0,30.0,2,16,48.79,flat
bang60_neg,hemi_view,-80,0.9999726563390579,0.04999857768416405,0.04999994486570358,0.04999998211860657,0.04999998211860657,mixed,0.05,25,26,/Users/hojunsong/Desktop/SpillSinkSimulator/project/renders/baffle_angle/bang60_neg__hemi_view_th-80.0.png,100.0,30.0,45.0,21.213203435596427,78.78679656440357,1.0606601717798212,20.0,0.95,0.14344841290560087,20.0,30.0,2,24,46.0,flat
bang60_neg,hemi_view,-70,0.9999825656260755,0.04999908432364464,0.04999995604157448,0.04999999329447746,0.04999999329447746,mixed,0.05,25,26,/Users/hojunsong/Desktop/SpillSinkSimulator/project/renders/baffle_angle/bang60_neg__hemi_view_th-70.0.png,100.0,30.0,45.0,21.213203435596427,78.78679656440357,1.0606601717798212,20.0,0.95,0.14344841290560087,20.0,30.0,2,24,46.0,flat
bang60_neg,hemi_view,-60,0.9999832361776697,0.049999114125967026,0.04999995231628418,0.04999999329447746,0.04999999329447746,mixed,0.05,25,26,/Users/hojunsong/Desktop/SpillSinkSimulator/project/renders/baffle_angle/bang60_neg__hemi_view_th-60.0.png,100.0,30.0,45.0,21.213203435596427,78.78679656440357,1.0606601717798212,20.0,0.95,0.14344841290560087,20.0,30.0,2,24,46.0,flat
bang60_neg,hemi_view,-50,0.9969906335695715,0.0498494915664196,0.04999995976686478,0.04999999329447746,0.04999999329447746,mixed,0.05,25,26,/Users/hojunsong/Desktop/SpillSinkSimulator/project/renders/baffle_angle/bang60_neg__hemi_view_th-50.0.png,100.0,30.0,45.0,21.213203435596427,78.78679656440357,1.0606601717798212,20.0,0.95,0.14344841290560087,20.0,30.0,2,24,46.0,flat
bang60_neg,hemi_view,-40,0.8417059784391977,0.04208527132868767,0.049999967217445374,0.04999999329447746,0.04999999329447746,mixed,0.05,25,26,/Users/hojunsong/Desktop/SpillSinkSimulator/project/renders/baffle_angle/bang60_neg__hemi_view_th-40.0.png,100.0,30.0,45.0,21.213203435596427,78.78679656440357,1.0606601717798212,20.0,0.95,0.14344841290560087,20.0,30.0,2,24,46.0,flat
bang60_neg,hemi_view,-30,0.5812509443617099,0.029062528163194656,0.049999967217445374,0.04999999329447746,0.04999999329447746,mixed,0.05,25,26,/Users/hojunsong/Desktop/SpillSinkSimulator/project/renders/baffle_angle/bang60_neg__hemi_view_th-30.0.png,100.0,30.0,45.0,21.213203435596427,78.78679656440357,1.0606601717798212,20.0,0.95,0.14344841290560087,20.0,30.0,2,24,46.0,flat
bang60_neg,hemi_view,-20,0.37674417287803397,0.01883719488978386,0.049999963492155075,0.04999999329447746,0.04999999329447746,mixed,0.05,25,26,/Users/hojunsong/Desktop/SpillSinkSimulator/project/renders/baffle_angle/bang60_neg__hemi_view_th-20.0.png,100.0,30.0,45.0,21.213203435596427,78.78679656440357,1.0606601717798212,20.0,0.95,0.14344841290560087,20.0,30.0,2,24,46.0,flat
bang60_neg,hemi_view,-10,0.19882915158016126,0.00994145032018423,0.049999963492155075,0.04999998211860657,0.04999998211860657,mixed,0.05,25,26,/Users/hojunsong/Desktop/SpillSinkSimulator/project/renders/baffle_angle/bang60_neg__hemi_view_th-10.0.png,100.0,30.0,45.0,21.213203435596427,78.78679656440357,1.0606601717798212,20.0,0.95,0.14344841290560087,20.0,30.0,2,24,46.0,flat
bang60_neg,hemi_view,0,0.035976526053246506,0.0017988249892368913,0.049999963492155075,0.029308656230568886,0.030390655621886253,mixed,0.05,25,26,/Users/hojunsong/Desktop/SpillSinkSimulator/project/renders/baffle_angle/bang60_neg__hemi_view_th+00.0.png,100.0,30.0,45.0,21.213203435596427,78.78679656440357,1.0606601717798212,20.0,0.95,0.14344841290560087,20.0,30.0,2,24,46.0,flat
bang60_neg,hemi_view,10,0.03951691182447492,0.0019758441485464573,0.049999963492155075,0.02846359647810459,0.030208393931388855,mixed,0.05,25,26,/Users/hojunsong/Desktop/SpillSinkSimulator/project/renders/baffle_angle/bang60_neg__hemi_view_th+10.0.png,100.0,30.0,45.0,21.213203435596427,78.78679656440357,1.0606601717798212,20.0,0.95,0.14344841290560087,20.0,30.0,2,24,46.0,flat
bang60_neg,hemi_view,20,0.05372971494132328,0.002686483785510063,0.049999963492155075,0.025683825835585594,0.02855033427476883,mixed,0.05,25,26,/Users/hojunsong/Desktop/SpillSinkSimulator/project/renders/baffle_angle/bang60_neg__hemi_view_th+20.0.png,100.0,30.0,45.0,21.213203435596427,78.78679656440357,1.0606601717798212,20.0,0.95,0.14344841290560087,20.0,30.0,2,24,46.0,flat
bang60_neg,hemi_view,30,0.07681538730676533,0.0038407668471336365,0.049999967217445374,0.02307289093732834,0.025115439668297768,mixed,0.05,25,26,/Users/hojunsong/Desktop/SpillSinkSimulator/project/renders/baffle_angle/bang60_neg__hemi_view_th+30.0.png,100.0,30.0,45.0,21.213203435596427,78.78679656440357,1.0606601717798212,20.0,0.95,0.14344841290560087,20.0,30.0,2,24,46.0,flat
bang60_neg,hemi_view,40,0.10510775632770775,0.005255384370684624,0.049999967217445374,0.02839849889278412,0.02972426824271679,mixed,0.05,25,26,/Users/hojunsong/Desktop/SpillSinkSimulator/project/renders/baffle_angle/bang60_neg__hemi_view_th+40.0.png,100.0,30.0,45.0,21.213203435596427,78.78679656440357,1.0606601717798212,20.0,0.95,0.14344841290560087,20.0,30.0,2,24,46.0,flat
bang60_neg,hemi_view,50,0.09485560651425648,0.00474277650937438,0.04999995976686478,0.0278361514210701,0.028867213055491447,mixed,0.05,25,26,/Users/hojunsong/Desktop/SpillSinkSimulator/project/renders/baffle_angle/bang60_neg__hemi_view_th+50.0.png,100.0,30.0,45.0,21.213203435596427,78.78679656440357,1.0606601717798212,20.0,0.95,0.14344841290560087,20.0,30.0,2,24,46.0,flat
bang60_neg,hemi_view,60,0.06954006031995803,0.0034769997000694275,0.04999995231628418,0.026829445734620094,0.027979828417301178,mixed,0.05,25,26,/Users/hojunsong/Desktop/SpillSinkSimulator/project/renders/baffle_angle/bang60_neg__hemi_view_th+60.0.png,100.0,30.0,45.0,21.213203435596427,78.78679656440357,1.0606601717798212,20.0,0.95,0.14344841290560087,20.0,30.0,2,24,46.0,flat
bang60_neg,hemi_view,70,0.08096127438120825,0.004048060160130262,0.04999995604157448,0.023850250989198685,0.02412591688334942,mixed,0.05,25,26,/Users/hojunsong/Desktop/SpillSinkSimulator/project/renders/baffle_angle/bang60_neg__hemi_view_th+70.0.png,100.0,30.0,45.0,21.213203435596427,78.78679656440357,1.0606601717798212,20.0,0.95,0.14344841290560087,20.0,30.0,2,24,46.0,flat
bang60_neg,hemi_view,80,0.13100235267242935,0.006550110410898924,0.04999994486570358,0.020371031016111374,0.020631346851587296,mixed,0.05,25,26,/Users/hojunsong/Desktop/SpillSinkSimulator/project/renders/baffle_angle/bang60_neg__hemi_view_th+80.0.png,100.0,30.0,45.0,21.213203435596427,78.78679656440357,1.0606601717798212,20.0,0.95,0.14344841290560087,20.0,30.0,2,24,46.0,flat
bang60_alt,hemi_view,-80,0.9999726563390579,0.04999857768416405,0.04999994486570358,0.04999998211860657,0.04999998211860657,mixed,0.05,25,26,/Users/hojunsong/Desktop/SpillSinkSimulator/project/renders/baffle_angle/bang60_alt__hemi_view_th-80.0.png,100.0,30.0,45.0,21.213203435596427,78.78679656440357,1.0606601717798212,20.0,0.95,0.14344841290560087,20.0,30.0,2,24,46.0,flat
bang60_alt,hemi_view,-70,0.9999825656260755,0.04999908432364464,0.04999995604157448,0.04999999329447746,0.04999999329447746,mixed,0.05,25,26,/Users/hojunsong/Desktop/SpillSinkSimulator/project/renders/baffle_angle/bang60_alt__hemi_view_th-70.0.png,100.0,30.0,45.0,21.213203435596427,78.78679656440357,1.0606601717798212,20.0,0.95,0.14344841290560087,20.0,30.0,2,24,46.0,flat
bang60_alt,hemi_view,-60,0.9999832361776697,0.049999114125967026,0.04999995231628418,0.04999999329447746,0.04999999329447746,mixed,0.05,25,26,/Users/hojunsong/Desktop/SpillSinkSimulator/project/renders/baffle_angle/bang60_alt__hemi_view_th-60.0.png,100.0,30.0,45.0,21.213203435596427,78.78679656440357,1.0606601717798212,20.0,0.95,0.14344841290560087,20.0,30.0,2,24,46.0,flat
bang60_alt,hemi_view,-50,0.9969901120285101,0.04984946548938751,0.04999995976686478,0.04999999329447746,0.04999999329447746,mixed,0.05,25,26,/Users/hojunsong/Desktop/SpillSinkSimulator/project/renders/baffle_angle/bang60_alt__hemi_view_th-50.0.png,100.0,30.0,45.0,21.213203435596427,78.78679656440357,1.0606601717798212,20.0,0.95,0.14344841290560087,20.0,30.0,2,24,46.0,flat
bang60_alt,hemi_view,-40,0.8417056804157784,0.042085256427526474,0.049999967217445374,0.04999999329447746,0.04999999329447746,mixed,0.05,25,26,/Users/hojunsong/Desktop/SpillSinkSimulator/project/renders/baffle_angle/bang60_alt__hemi_view_th-40.0.png,100.0,30.0,45.0,21.213203435596427,78.78679656440357,1.0606601717798212,20.0,0.95,0.14344841290560087,20.0,30.0,2,24,46.0,flat
bang60_alt,hemi_view,-30,0.5812508326029276,0.02906252257525921,0.049999967217445374,0.04999999329447746,0.04999999329447746,mixed,0.05,25,26,/Users/hojunsong/Desktop/SpillSinkSimulator/project/renders/baffle_angle/bang60_alt__hemi_view_th-30.0.png,100.0,30.0,45.0,21.213203435596427,78.78679656440357,1.0606601717798212,20.0,0.95,0.14344841290560087,20.0,30.0,2,24,46.0,flat
bang60_alt,hemi_view,-20,0.37676794024749205,0.01883838325738907,0.049999963492155075,0.04999999329447746,0.04999999329447746,mixed,0.05,25,26,/Users/hojunsong/Desktop/SpillSinkSimulator/project/renders/baffle_angle/bang60_alt__hemi_view_th-20.0.png,100.0,30.0,45.0,21.213203435596427,78.78679656440357,1.0606601717798212,20.0,0.95,0.14344841290560087,20.0,30.0,2,24,46.0,flat
bang60_alt,hemi_view,-10,0.19888991110929316,0.009944488294422626,0.049999963492155075,0.04999998211860657,0.04999998211860657,mixed,0.05,25,26,/Users/hojunsong/Desktop/SpillSinkSimulator/project/renders/baffle_angle/bang60_alt__hemi_view_th-10.0.png,100.0,30.0,45.0,21.213203435596427,78.78679656440357,1.0606601717798212,20.0,0.95,0.14344841290560087,20.0,30.0,2,24,46.0,flat
bang60_alt,hemi_view,0,0.03697289990890169,0.001848643645644188,0.049999963492155075,0.02955068275332451,0.03063160926103592,mixed,0.05,25,26,/Users/hojunsong/Desktop/SpillSinkSimulator/project/renders/baffle_angle/bang60_alt__hemi_view_th+00.0.png,100.0,30.0,45.0,21.213203435596427,78.78679656440357,1.0606601717798212,20.0,0.95,0.14344841290560087,20.0,30.0,2,24,46.0,flat
bang60_alt,hemi_view,10,0.05113199827027195,0.0025565980467945337,0.049999963492155075,0.02883954904973507,0.030357373878359795,mixed,0.05,25,26,/Users/hojunsong/Desktop/SpillSinkSimulator/project/renders/baffle_angle/bang60_alt__hemi_view_th+10.0.png,100.0,30.0,45.0,21.213203435596427,78.78679656440357,1.0606601717798212,20.0,0.95,0.14344841290560087,20.0,30.0,2,24,46.0,flat
bang60_alt,hemi_view,20,0.07902810532416643,0.003951402381062508,0.049999963492155075,0.025572342798113823,0.029574120417237282,mixed,0.05,25,26,/Users/hojunsong/Desktop/SpillSinkSimulator/project/renders/baffle_angle/bang60_alt__hemi_view_th+20.0.png,100.0,30.0,45.0,21.213203435596427,78.78679656440357,1.0606601717798212,20.0,0.95,0.14344841290560087,20.0,30.0,2,24,46.0,flat
bang60_alt,hemi_view,30,0.11087238607384245,0.00554361566901207,0.049999967217445374,0.02335643395781517,0.02561781369149685,mixed,0.05,25,26,/Users/hojunsong/Desktop/SpillSinkSimulator/project/renders/baffle_angle/bang60_alt__hemi_view_th+30.0.png,100.0,30.0,45.0,21.213203435596427,78.78679656440357,1.0606601717798212,20.0,0.95,0.14344841290560087,20.0,30.0,2,24,46.0,flat
bang60_alt,hemi_view,40,0.1778034727774978,0.008890167810022831,0.049999967217445374,0.028766702860593796,0.030461177229881287,mixed,0.05,25,26,/Users/hojunsong/Desktop/SpillSinkSimulator/project/renders/baffle_angle/bang60_alt__hemi_view_th+40.0.png,100.0,30.0,45.0,21.213203435596427,78.78679656440357,1.0606601717798212,20.0,0.95,0.14344841290560087,20.0,30.0,2,24,46.0,flat
bang60_alt,hemi_view,50,0.19671739075689168,0.009835861623287201,0.04999995976686478,0.029135096818208694,0.031107047572731972,mixed,0.05,25,26,/Users/hojunsong/Desktop/SpillSinkSimulator/project/renders/baffle_angle/bang60_alt__hemi_view_th+50.0.png,100.0,30.0,45.0,21.213203435596427,78.78679656440357,1.0606601717798212,20.0,0.95,0.14344841290560087,20.0,30.0,2,24,46.0,flat
bang60_alt,hemi_view,60,0.08909231166404406,0.004454611334949732,0.04999995231628418,0.028699729591608047,0.03021182119846344,mixed,0.05,25,26,/Users/hojunsong/Desktop/SpillSinkSimulator/project/renders/baffle_angle/bang60_alt__hemi_view_th+60.0.png,100.0,30.0,45.0,21.213203435596427,78.78679656440357,1.0606601717798212,20.0,0.95,0.14344841290560087,20.0,30.0,2,24,46.0,flat
bang60_alt,hemi_view,70,0.08353521009649927,0.0041767568327486515,0.04999995604157448,0.0238606259226799,0.02421216480433941,mixed,0.05,25,26,/Users/hojunsong/Desktop/SpillSinkSimulator/project/renders/baffle_angle/bang60_alt__hemi_view_th+70.0.png,100.0,30.0,45.0,21.213203435596427,78.78679656440357,1.0606601717798212,20.0,0.95,0.14344841290560087,20.0,30.0,2,24,46.0,flat
bang60_alt,hemi_view,80,0.13396237847530854,0.006698111537843943,0.04999994486570358,0.020364511758089066,0.020618421956896782,mixed,0.05,25,26,/Users/hojunsong/Desktop/SpillSinkSimulator/project/renders/baffle_angle/bang60_alt__hemi_view_th+80.0.png,100.0,30.0,45.0,21.213203435596427,78.78679656440357,1.0606601717798212,20.0,0.95,0.14344841290560087,20.0,30.0,2,24,46.0,flat
