tag,family,topology,process,feature,seed,diffuse_frac,plate_over,azimuth_mode,jitter,blades,collisions,blades_hit,hit_frac,theta,rho,control,params_json
BH_p055_t02_grid_s23,stack,shingle/pyramid,sheet,0.05,23,d00,1.15,grid,0.3,193,55,89,0.46114,0.0,0.0005070812185294926,0.04999997094273567,"{""backing"": 2.0, ""bot"": ""pyramid"", ""bot_depth"": 3.0, ""bot_params"": {""margin_depth_ref"": 50.0, ""margin_min"": 103.41699, ""pitch"": 2.0, ""tip_flat"": 0.1}, ""face_h"": 60.0, ""face_w"": 60.0, ""margin_depths"": 2.0, ""seed"": 23, ""top"": ""shingle"", ""top_depth"": 47.0, ""top_params"": {""azimuth_mode"": ""grid"", ""jitter"": 0.3, ""pitch"": 5.5, ""plate_over"": 1.15, ""plate_t_bot"": 0.05, ""plate_t_top"": 0.05, ""tilt_deg"": 2.0, ""tilt_jitter"": 0.0}}"
BH_p055_t02_grid_s23,stack,shingle/pyramid,sheet,0.05,23,d00,1.15,grid,0.3,193,55,89,0.46114,-20.0,0.000386665400583297,0.04999997094273567,"{""backing"": 2.0, ""bot"": ""pyramid"", ""bot_depth"": 3.0, ""bot_params"": {""margin_depth_ref"": 50.0, ""margin_min"": 103.41699, ""pitch"": 2.0, ""tip_flat"": 0.1}, ""face_h"": 60.0, ""face_w"": 60.0, ""margin_depths"": 2.0, ""seed"": 23, ""top"": ""shingle"", ""top_depth"": 47.0, ""top_params"": {""azimuth_mode"": ""grid"", ""jitter"": 0.3, ""pitch"": 5.5, ""plate_over"": 1.15, ""plate_t_bot"": 0.05, ""plate_t_top"": 0.05, ""tilt_deg"": 2.0, ""tilt_jitter"": 0.0}}"
BH_p055_t02_grid_s23,stack,shingle/pyramid,sheet,0.05,23,d00,1.15,grid,0.3,193,55,89,0.46114,20.0,0.0003528275992721319,0.04999997094273567,"{""backing"": 2.0, ""bot"": ""pyramid"", ""bot_depth"": 3.0, ""bot_params"": {""margin_depth_ref"": 50.0, ""margin_min"": 103.41699, ""pitch"": 2.0, ""tip_flat"": 0.1}, ""face_h"": 60.0, ""face_w"": 60.0, ""margin_depths"": 2.0, ""seed"": 23, ""top"": ""shingle"", ""top_depth"": 47.0, ""top_params"": {""azimuth_mode"": ""grid"", ""jitter"": 0.3, ""pitch"": 5.5, ""plate_over"": 1.15, ""plate_t_bot"": 0.05, ""plate_t_top"": 0.05, ""tilt_deg"": 2.0, ""tilt_jitter"": 0.0}}"
BH_p055_t02_grid_s23,stack,shingle/pyramid,sheet,0.05,23,d00,1.15,grid,0.3,193,55,89,0.46114,-40.0,0.00032661622390151024,0.04999997094273567,"{""backing"": 2.0, ""bot"": ""pyramid"", ""bot_depth"": 3.0, ""bot_params"": {""margin_depth_ref"": 50.0, ""margin_min"": 103.41699, ""pitch"": 2.0, ""tip_flat"": 0.1}, ""face_h"": 60.0, ""face_w"": 60.0, ""margin_depths"": 2.0, ""seed"": 23, ""top"": ""shingle"", ""top_depth"": 47.0, ""top_params"": {""azimuth_mode"": ""grid"", ""jitter"": 0.3, ""pitch"": 5.5, ""plate_over"": 1.15, ""plate_t_bot"": 0.05, ""plate_t_top"": 0.05, ""tilt_deg"": 2.0, ""tilt_jitter"": 0.0}}"
BH_p055_t02_grid_s23,stack,shingle/pyramid,sheet,0.05,23,d00,1.15,grid,0.3,193,55,89,0.46114,40.0,0.0003147129318676889,0.04999997094273567,"{""backing"": 2.0, ""bot"": ""pyramid"", ""bot_depth"": 3.0, ""bot_params"": {""margin_depth_ref"": 50.0, ""margin_min"": 103.41699, ""pitch"": 2.0, ""tip_flat"": 0.1}, ""face_h"": 60.0, ""face_w"": 60.0, ""margin_depths"": 2.0, ""seed"": 23, ""top"": ""shingle"", ""top_depth"": 47.0, ""top_params"": {""azimuth_mode"": ""grid"", ""jitter"": 0.3, ""pitch"": 5.5, ""plate_over"": 1.15, ""plate_t_bot"": 0.05, ""plate_t_top"": 0.05, ""tilt_deg"": 2.0, ""tilt_jitter"": 0.0}}"
BH_p055_t02_grid_s23,stack,shingle/pyramid,sheet,0.05,23,d76,1.15,grid,0.3,193,55,89,0.46114,0.0,0.00034983016666956246,0.04999997094273567,"{""backing"": 2.0, ""bot"": ""pyramid"", ""bot_depth"": 3.0, ""bot_params"": {""margin_depth_ref"": 50.0, ""margin_min"": 103.41699, ""pitch"": 2.0, ""tip_flat"": 0.1}, ""face_h"": 60.0, ""face_w"": 60.0, ""margin_depths"": 2.0, ""seed"": 23, ""top"": ""shingle"", ""top_depth"": 47.0, ""top_params"": {""azimuth_mode"": ""grid"", ""jitter"": 0.3, ""pitch"": 5.5, ""plate_over"": 1.15, ""plate_t_bot"": 0.05, ""plate_t_top"": 0.05, ""tilt_deg"": 2.0, ""tilt_jitter"": 0.0}}"
BH_p055_t02_grid_s23,stack,shingle/pyramid,sheet,0.05,23,d76,1.15,grid,0.3,193,55,89,0.46114,-20.0,0.0007590948953293264,0.04999997094273567,"{""backing"": 2.0, ""bot"": ""pyramid"", ""bot_depth"": 3.0, ""bot_params"": {""margin_depth_ref"": 50.0, ""margin_min"": 103.41699, ""pitch"": 2.0, ""tip_flat"": 0.1}, ""face_h"": 60.0, ""face_w"": 60.0, ""margin_depths"": 2.0, ""seed"": 23, ""top"": ""shingle"", ""top_depth"": 47.0, ""top_params"": {""azimuth_mode"": ""grid"", ""jitter"": 0.3, ""pitch"": 5.5, ""plate_over"": 1.15, ""plate_t_bot"": 0.05, ""plate_t_top"": 0.05, ""tilt_deg"": 2.0, ""tilt_jitter"": 0.0}}"
BH_p055_t02_grid_s23,stack,shingle/pyramid,sheet,0.05,23,d76,1.15,grid,0.3,193,55,89,0.46114,20.0,0.0008899751119315624,0.04999997094273567,"{""backing"": 2.0, ""bot"": ""pyramid"", ""bot_depth"": 3.0, ""bot_params"": {""margin_depth_ref"": 50.0, ""margin_min"": 103.41699, ""pitch"": 2.0, ""tip_flat"": 0.1}, ""face_h"": 60.0, ""face_w"": 60.0, ""margin_depths"": 2.0, ""seed"": 23, ""top"": ""shingle"", ""top_depth"": 47.0, ""top_params"": {""azimuth_mode"": ""grid"", ""jitter"": 0.3, ""pitch"": 5.5, ""plate_over"": 1.15, ""plate_t_bot"": 0.05, ""plate_t_top"": 0.05, ""tilt_deg"": 2.0, ""tilt_jitter"": 0.0}}"
BH_p055_t02_grid_s23,stack,shingle/pyramid,sheet,0.05,23,d76,1.15,grid,0.3,193,55,89,0.46114,-40.0,0.00132620835211128,0.04999997094273567,"{""backing"": 2.0, ""bot"": ""pyramid"", ""bot_depth"": 3.0, ""bot_params"": {""margin_depth_ref"": 50.0, ""margin_min"": 103.41699, ""pitch"": 2.0, ""tip_flat"": 0.1}, ""face_h"": 60.0, ""face_w"": 60.0, ""margin_depths"": 2.0, ""seed"": 23, ""top"": ""shingle"", ""top_depth"": 47.0, ""top_params"": {""azimuth_mode"": ""grid"", ""jitter"": 0.3, ""pitch"": 5.5, ""plate_over"": 1.15, ""plate_t_bot"": 0.05, ""plate_t_top"": 0.05, ""tilt_deg"": 2.0, ""tilt_jitter"": 0.0}}"
BH_p055_t02_grid_s23,stack,shingle/pyramid,sheet,0.05,23,d76,1.15,grid,0.3,193,55,89,0.46114,40.0,0.0014644375769421458,0.04999997094273567,"{""backing"": 2.0, ""bot"": ""pyramid"", ""bot_depth"": 3.0, ""bot_params"": {""margin_depth_ref"": 50.0, ""margin_min"": 103.41699, ""pitch"": 2.0, ""tip_flat"": 0.1}, ""face_h"": 60.0, ""face_w"": 60.0, ""margin_depths"": 2.0, ""seed"": 23, ""top"": ""shingle"", ""top_depth"": 47.0, ""top_params"": {""azimuth_mode"": ""grid"", ""jitter"": 0.3, ""pitch"": 5.5, ""plate_over"": 1.15, ""plate_t_bot"": 0.05, ""plate_t_top"": 0.05, ""tilt_deg"": 2.0, ""tilt_jitter"": 0.0}}"
BH_p055_t02_grid_s23,stack,shingle/pyramid,sheet,0.05,23,d100,1.15,grid,0.3,193,55,89,0.46114,0.0,0.0003221387160010636,0.04999997094273567,"{""backing"": 2.0, ""bot"": ""pyramid"", ""bot_depth"": 3.0, ""bot_params"": {""margin_depth_ref"": 50.0, ""margin_min"": 103.41699, ""pitch"": 2.0, ""tip_flat"": 0.1}, ""face_h"": 60.0, ""face_w"": 60.0, ""margin_depths"": 2.0, ""seed"": 23, ""top"": ""shingle"", ""top_depth"": 47.0, ""top_params"": {""azimuth_mode"": ""grid"", ""jitter"": 0.3, ""pitch"": 5.5, ""plate_over"": 1.15, ""plate_t_bot"": 0.05, ""plate_t_top"": 0.05, ""tilt_deg"": 2.0, ""tilt_jitter"": 0.0}}"
BH_p055_t02_grid_s23,stack,shingle/pyramid,sheet,0.05,23,d100,1.15,grid,0.3,193,55,89,0.46114,-20.0,0.0008849176811054349,0.04999997094273567,"{""backing"": 2.0, ""bot"": ""pyramid"", ""bot_depth"": 3.0, ""bot_params"": {""margin_depth_ref"": 50.0, ""margin_min"": 103.41699, ""pitch"": 2.0, ""tip_flat"": 0.1}, ""face_h"": 60.0, ""face_w"": 60.0, ""margin_depths"": 2.0, ""seed"": 23, ""top"": ""shingle"", ""top_depth"": 47.0, ""top_params"": {""azimuth_mode"": ""grid"", ""jitter"": 0.3, ""pitch"": 5.5, ""plate_over"": 1.15, ""plate_t_bot"": 0.05, ""plate_t_top"": 0.05, ""tilt_deg"": 2.0, ""tilt_jitter"": 0.0}}"
BH_p055_t02_grid_s23,stack,shingle/pyramid,sheet,0.05,23,d100,1.15,grid,0.3,193,55,89,0.46114,20.0,0.0010643521090969443,0.04999997094273567,"{""backing"": 2.0, ""bot"": ""pyramid"", ""bot_depth"": 3.0, ""bot_params"": {""margin_depth_ref"": 50.0, ""margin_min"": 103.41699, ""pitch"": 2.0, ""tip_flat"": 0.1}, ""face_h"": 60.0, ""face_w"": 60.0, ""margin_depths"": 2.0, ""seed"": 23, ""top"": ""shingle"", ""top_depth"": 47.0, ""top_params"": {""azimuth_mode"": ""grid"", ""jitter"": 0.3, ""pitch"": 5.5, ""plate_over"": 1.15, ""plate_t_bot"": 0.05, ""plate_t_top"": 0.05, ""tilt_deg"": 2.0, ""tilt_jitter"": 0.0}}"
BH_p055_t02_grid_s23,stack,shingle/pyramid,sheet,0.05,23,d100,1.15,grid,0.3,193,55,89,0.46114,-40.0,0.001643416122533381,0.04999997094273567,"{""backing"": 2.0, ""bot"": ""pyramid"", ""bot_depth"": 3.0, ""bot_params"": {""margin_depth_ref"": 50.0, ""margin_min"": 103.41699, ""pitch"": 2.0, ""tip_flat"": 0.1}, ""face_h"": 60.0, ""face_w"": 60.0, ""margin_depths"": 2.0, ""seed"": 23, ""top"": ""shingle"", ""top_depth"": 47.0, ""top_params"": {""azimuth_mode"": ""grid"", ""jitter"": 0.3, ""pitch"": 5.5, ""plate_over"": 1.15, ""plate_t_bot"": 0.05, ""plate_t_top"": 0.05, ""tilt_deg"": 2.0, ""tilt_jitter"": 0.0}}"
BH_p055_t02_grid_s23,stack,shingle/pyramid,sheet,0.05,23,d100,1.15,grid,0.3,193,55,89,0.46114,40.0,0.0018418728141114116,0.04999997094273567,"{""backing"": 2.0, ""bot"": ""pyramid"", ""bot_depth"": 3.0, ""bot_params"": {""margin_depth_ref"": 50.0, ""margin_min"": 103.41699, ""pitch"": 2.0, ""tip_flat"": 0.1}, ""face_h"": 60.0, ""face_w"": 60.0, ""margin_depths"": 2.0, ""seed"": 23, ""top"": ""shingle"", ""top_depth"": 47.0, ""top_params"": {""azimuth_mode"": ""grid"", ""jitter"": 0.3, ""pitch"": 5.5, ""plate_over"": 1.15, ""plate_t_bot"": 0.05, ""plate_t_top"": 0.05, ""tilt_deg"": 2.0, ""tilt_jitter"": 0.0}}"
BF_par115_s23,stack,shingle/pyramid,sheet,0.05,23,d00,1.15,parallel,0.3,193,0,0,0.0,0.0,0.0007027174578979611,0.04999997094273567,"{""backing"": 2.0, ""bot"": ""pyramid"", ""bot_depth"": 3.0, ""bot_params"": {""margin_depth_ref"": 50.0, ""margin_min"": 103.755665, ""pitch"": 2.0, ""tip_flat"": 0.1}, ""face_h"": 60.0, ""face_w"": 60.0, ""margin_depths"": 2.0, ""seed"": 23, ""top"": ""shingle"", ""top_depth"": 47.0, ""top_params"": {""azimuth_mode"": ""parallel"", ""jitter"": 0.3, ""pitch"": 5.5, ""plate_over"": 1.15, ""plate_t_bot"": 0.05, ""plate_t_top"": 0.05, ""tilt_deg"": 2.0, ""tilt_jitter"": 0.0}}"
BF_par115_s23,stack,shingle/pyramid,sheet,0.05,23,d00,1.15,parallel,0.3,193,0,0,0.0,-20.0,0.00028899608878418803,0.04999997094273567,"{""backing"": 2.0, ""bot"": ""pyramid"", ""bot_depth"": 3.0, ""bot_params"": {""margin_depth_ref"": 50.0, ""margin_min"": 103.755665, ""pitch"": 2.0, ""tip_flat"": 0.1}, ""face_h"": 60.0, ""face_w"": 60.0, ""margin_depths"": 2.0, ""seed"": 23, ""top"": ""shingle"", ""top_depth"": 47.0, ""top_params"": {""azimuth_mode"": ""parallel"", ""jitter"": 0.3, ""pitch"": 5.5, ""plate_over"": 1.15, ""plate_t_bot"": 0.05, ""plate_t_top"": 0.05, ""tilt_deg"": 2.0, ""tilt_jitter"": 0.0}}"
BF_par115_s23,stack,shingle/pyramid,sheet,0.05,23,d00,1.15,parallel,0.3,193,0,0,0.0,20.0,0.00025874932180158794,0.04999997094273567,"{""backing"": 2.0, ""bot"": ""pyramid"", ""bot_depth"": 3.0, ""bot_params"": {""margin_depth_ref"": 50.0, ""margin_min"": 103.755665, ""pitch"": 2.0, ""tip_flat"": 0.1}, ""face_h"": 60.0, ""face_w"": 60.0, ""margin_depths"": 2.0, ""seed"": 23, ""top"": ""shingle"", ""top_depth"": 47.0, ""top_params"": {""azimuth_mode"": ""parallel"", ""jitter"": 0.3, ""pitch"": 5.5, ""plate_over"": 1.15, ""plate_t_bot"": 0.05, ""plate_t_top"": 0.05, ""tilt_deg"": 2.0, ""tilt_jitter"": 0.0}}"
BF_par115_s23,stack,shingle/pyramid,sheet,0.05,23,d00,1.15,parallel,0.3,193,0,0,0.0,-40.0,0.00020724353089462966,0.04999997094273567,"{""backing"": 2.0, ""bot"": ""pyramid"", ""bot_depth"": 3.0, ""bot_params"": {""margin_depth_ref"": 50.0, ""margin_min"": 103.755665, ""pitch"": 2.0, ""tip_flat"": 0.1}, ""face_h"": 60.0, ""face_w"": 60.0, ""margin_depths"": 2.0, ""seed"": 23, ""top"": ""shingle"", ""top_depth"": 47.0, ""top_params"": {""azimuth_mode"": ""parallel"", ""jitter"": 0.3, ""pitch"": 5.5, ""plate_over"": 1.15, ""plate_t_bot"": 0.05, ""plate_t_top"": 0.05, ""tilt_deg"": 2.0, ""tilt_jitter"": 0.0}}"
BF_par115_s23,stack,shingle/pyramid,sheet,0.05,23,d00,1.15,parallel,0.3,193,0,0,0.0,40.0,0.00021881115389987826,0.04999997094273567,"{""backing"": 2.0, ""bot"": ""pyramid"", ""bot_depth"": 3.0, ""bot_params"": {""margin_depth_ref"": 50.0, ""margin_min"": 103.755665, ""pitch"": 2.0, ""tip_flat"": 0.1}, ""face_h"": 60.0, ""face_w"": 60.0, ""margin_depths"": 2.0, ""seed"": 23, ""top"": ""shingle"", ""top_depth"": 47.0, ""top_params"": {""azimuth_mode"": ""parallel"", ""jitter"": 0.3, ""pitch"": 5.5, ""plate_over"": 1.15, ""plate_t_bot"": 0.05, ""plate_t_top"": 0.05, ""tilt_deg"": 2.0, ""tilt_jitter"": 0.0}}"
BF_par115_s23,stack,shingle/pyramid,sheet,0.05,23,d76,1.15,parallel,0.3,193,0,0,0.0,0.0,0.0004686476895585656,0.04999997094273567,"{""backing"": 2.0, ""bot"": ""pyramid"", ""bot_depth"": 3.0, ""bot_params"": {""margin_depth_ref"": 50.0, ""margin_min"": 103.755665, ""pitch"": 2.0, ""tip_flat"": 0.1}, ""face_h"": 60.0, ""face_w"": 60.0, ""margin_depths"": 2.0, ""seed"": 23, ""top"": ""shingle"", ""top_depth"": 47.0, ""top_params"": {""azimuth_mode"": ""parallel"", ""jitter"": 0.3, ""pitch"": 5.5, ""plate_over"": 1.15, ""plate_t_bot"": 0.05, ""plate_t_top"": 0.05, ""tilt_deg"": 2.0, ""tilt_jitter"": 0.0}}"
BF_par115_s23,stack,shingle/pyramid,sheet,0.05,23,d76,1.15,parallel,0.3,193,0,0,0.0,-20.0,0.0010687436442822218,0.04999997094273567,"{""backing"": 2.0, ""bot"": ""pyramid"", ""bot_depth"": 3.0, ""bot_params"": {""margin_depth_ref"": 50.0, ""margin_min"": 103.755665, ""pitch"": 2.0, ""tip_flat"": 0.1}, ""face_h"": 60.0, ""face_w"": 60.0, ""margin_depths"": 2.0, ""seed"": 23, ""top"": ""shingle"", ""top_depth"": 47.0, ""top_params"": {""azimuth_mode"": ""parallel"", ""jitter"": 0.3, ""pitch"": 5.5, ""plate_over"": 1.15, ""plate_t_bot"": 0.05, ""plate_t_top"": 0.05, ""tilt_deg"": 2.0, ""tilt_jitter"": 0.0}}"
BF_par115_s23,stack,shingle/pyramid,sheet,0.05,23,d76,1.15,parallel,0.3,193,0,0,0.0,20.0,0.001323525095358491,0.04999997094273567,"{""backing"": 2.0, ""bot"": ""pyramid"", ""bot_depth"": 3.0, ""bot_params"": {""margin_depth_ref"": 50.0, ""margin_min"": 103.755665, ""pitch"": 2.0, ""tip_flat"": 0.1}, ""face_h"": 60.0, ""face_w"": 60.0, ""margin_depths"": 2.0, ""seed"": 23, ""top"": ""shingle"", ""top_depth"": 47.0, ""top_params"": {""azimuth_mode"": ""parallel"", ""jitter"": 0.3, ""pitch"": 5.5, ""plate_over"": 1.15, ""plate_t_bot"": 0.05, ""plate_t_top"": 0.05, ""tilt_deg"": 2.0, ""tilt_jitter"": 0.0}}"
BF_par115_s23,stack,shingle/pyramid,sheet,0.05,23,d76,1.15,parallel,0.3,193,0,0,0.0,-40.0,0.0018820135155692697,0.04999997094273567,"{""backing"": 2.0, ""bot"": ""pyramid"", ""bot_depth"": 3.0, ""bot_params"": {""margin_depth_ref"": 50.0, ""margin_min"": 103.755665, ""pitch"": 2.0, ""tip_flat"": 0.1}, ""face_h"": 60.0, ""face_w"": 60.0, ""margin_depths"": 2.0, ""seed"": 23, ""top"": ""shingle"", ""top_depth"": 47.0, ""top_params"": {""azimuth_mode"": ""parallel"", ""jitter"": 0.3, ""pitch"": 5.5, ""plate_over"": 1.15, ""plate_t_bot"": 0.05, ""plate_t_top"": 0.05, ""tilt_deg"": 2.0, ""tilt_jitter"": 0.0}}"
BF_par115_s23,stack,shingle/pyramid,sheet,0.05,23,d76,1.15,parallel,0.3,193,0,0,0.0,40.0,0.0021405695006251335,0.04999997094273567,"{""backing"": 2.0, ""bot"": ""pyramid"", ""bot_depth"": 3.0, ""bot_params"": {""margin_depth_ref"": 50.0, ""margin_min"": 103.755665, ""pitch"": 2.0, ""tip_flat"": 0.1}, ""face_h"": 60.0, ""face_w"": 60.0, ""margin_depths"": 2.0, ""seed"": 23, ""top"": ""shingle"", ""top_depth"": 47.0, ""top_params"": {""azimuth_mode"": ""parallel"", ""jitter"": 0.3, ""pitch"": 5.5, ""plate_over"": 1.15, ""plate_t_bot"": 0.05, ""plate_t_top"": 0.05, ""tilt_deg"": 2.0, ""tilt_jitter"": 0.0}}"
BF_par115_s23,stack,shingle/pyramid,sheet,0.05,23,d100,1.15,parallel,0.3,193,0,0,0.0,0.0,0.0004111182352062315,0.04999997094273567,"{""backing"": 2.0, ""bot"": ""pyramid"", ""bot_depth"": 3.0, ""bot_params"": {""margin_depth_ref"": 50.0, ""margin_min"": 103.755665, ""pitch"": 2.0, ""tip_flat"": 0.1}, ""face_h"": 60.0, ""face_w"": 60.0, ""margin_depths"": 2.0, ""seed"": 23, ""top"": ""shingle"", ""top_depth"": 47.0, ""top_params"": {""azimuth_mode"": ""parallel"", ""jitter"": 0.3, ""pitch"": 5.5, ""plate_over"": 1.15, ""plate_t_bot"": 0.05, ""plate_t_top"": 0.05, ""tilt_deg"": 2.0, ""tilt_jitter"": 0.0}}"
BF_par115_s23,stack,shingle/pyramid,sheet,0.05,23,d100,1.15,parallel,0.3,193,0,0,0.0,-20.0,0.0013263389701023698,0.04999997094273567,"{""backing"": 2.0, ""bot"": ""pyramid"", ""bot_depth"": 3.0, ""bot_params"": {""margin_depth_ref"": 50.0, ""margin_min"": 103.755665, ""pitch"": 2.0, ""tip_flat"": 0.1}, ""face_h"": 60.0, ""face_w"": 60.0, ""margin_depths"": 2.0, ""seed"": 23, ""top"": ""shingle"", ""top_depth"": 47.0, ""top_params"": {""azimuth_mode"": ""parallel"", ""jitter"": 0.3, ""pitch"": 5.5, ""plate_over"": 1.15, ""plate_t_bot"": 0.05, ""plate_t_top"": 0.05, ""tilt_deg"": 2.0, ""tilt_jitter"": 0.0}}"
BF_par115_s23,stack,shingle/pyramid,sheet,0.05,23,d100,1.15,parallel,0.3,193,0,0,0.0,20.0,0.0016706252936273813,0.04999997094273567,"{""backing"": 2.0, ""bot"": ""pyramid"", ""bot_depth"": 3.0, ""bot_params"": {""margin_depth_ref"": 50.0, ""margin_min"": 103.755665, ""pitch"": 2.0, ""tip_flat"": 0.1}, ""face_h"": 60.0, ""face_w"": 60.0, ""margin_depths"": 2.0, ""seed"": 23, ""top"": ""shingle"", ""top_depth"": 47.0, ""top_params"": {""azimuth_mode"": ""parallel"", ""jitter"": 0.3, ""pitch"": 5.5, ""plate_over"": 1.15, ""plate_t_bot"": 0.05, ""plate_t_top"": 0.05, ""tilt_deg"": 2.0, ""tilt_jitter"": 0.0}}"
BF_par115_s23,stack,shingle/pyramid,sheet,0.05,23,d100,1.15,parallel,0.3,193,0,0,0.0,-40.0,0.002418514806777239,0.04999997094273567,"{""backing"": 2.0, ""bot"": ""pyramid"", ""bot_depth"": 3.0, ""bot_params"": {""margin_depth_ref"": 50.0, ""margin_min"": 103.755665, ""pitch"": 2.0, ""tip_flat"": 0.1}, ""face_h"": 60.0, ""face_w"": 60.0, ""margin_depths"": 2.0, ""seed"": 23, ""top"": ""shingle"", ""top_depth"": 47.0, ""top_params"": {""azimuth_mode"": ""parallel"", ""jitter"": 0.3, ""pitch"": 5.5, ""plate_over"": 1.15, ""plate_t_bot"": 0.05, ""plate_t_top"": 0.05, ""tilt_deg"": 2.0, ""tilt_jitter"": 0.0}}"
BF_par115_s23,stack,shingle/pyramid,sheet,0.05,23,d100,1.15,parallel,0.3,193,0,0,0.0,40.0,0.002763535361737013,0.04999997094273567,"{""backing"": 2.0, ""bot"": ""pyramid"", ""bot_depth"": 3.0, ""bot_params"": {""margin_depth_ref"": 50.0, ""margin_min"": 103.755665, ""pitch"": 2.0, ""tip_flat"": 0.1}, ""face_h"": 60.0, ""face_w"": 60.0, ""margin_depths"": 2.0, ""seed"": 23, ""top"": ""shingle"", ""top_depth"": 47.0, ""top_params"": {""azimuth_mode"": ""parallel"", ""jitter"": 0.3, ""pitch"": 5.5, ""plate_over"": 1.15, ""plate_t_bot"": 0.05, ""plate_t_top"": 0.05, ""tilt_deg"": 2.0, ""tilt_jitter"": 0.0}}"
BF_grid100_j0_s23,stack,shingle/pyramid,sheet,0.05,23,d00,1.0,grid,0.0,195,0,0,0.0,0.0,0.0005204608314670622,0.04999997094273567,"{""backing"": 2.0, ""bot"": ""pyramid"", ""bot_depth"": 3.0, ""bot_params"": {""margin_depth_ref"": 50.0, ""margin_min"": 101.75, ""pitch"": 2.0, ""tip_flat"": 0.1}, ""face_h"": 60.0, ""face_w"": 60.0, ""margin_depths"": 2.0, ""seed"": 23, ""top"": ""shingle"", ""top_depth"": 47.0, ""top_params"": {""azimuth_mode"": ""grid"", ""jitter"": 0.0, ""pitch"": 5.5, ""plate_over"": 1.0, ""plate_t_bot"": 0.05, ""plate_t_top"": 0.05, ""tilt_deg"": 2.0, ""tilt_jitter"": 0.0}}"
BF_grid100_j0_s23,stack,shingle/pyramid,sheet,0.05,23,d00,1.0,grid,0.0,195,0,0,0.0,-20.0,0.0004014348378404975,0.04999997094273567,"{""backing"": 2.0, ""bot"": ""pyramid"", ""bot_depth"": 3.0, ""bot_params"": {""margin_depth_ref"": 50.0, ""margin_min"": 101.75, ""pitch"": 2.0, ""tip_flat"": 0.1}, ""face_h"": 60.0, ""face_w"": 60.0, ""margin_depths"": 2.0, ""seed"": 23, ""top"": ""shingle"", ""top_depth"": 47.0, ""top_params"": {""azimuth_mode"": ""grid"", ""jitter"": 0.0, ""pitch"": 5.5, ""plate_over"": 1.0, ""plate_t_bot"": 0.05, ""plate_t_top"": 0.05, ""tilt_deg"": 2.0, ""tilt_jitter"": 0.0}}"
BF_grid100_j0_s23,stack,shingle/pyramid,sheet,0.05,23,d00,1.0,grid,0.0,195,0,0,0.0,20.0,0.00036871733027510345,0.04999997094273567,"{""backing"": 2.0, ""bot"": ""pyramid"", ""bot_depth"": 3.0, ""bot_params"": {""margin_depth_ref"": 50.0, ""margin_min"": 101.75, ""pitch"": 2.0, ""tip_flat"": 0.1}, ""face_h"": 60.0, ""face_w"": 60.0, ""margin_depths"": 2.0, ""seed"": 23, ""top"": ""shingle"", ""top_depth"": 47.0, ""top_params"": {""azimuth_mode"": ""grid"", ""jitter"": 0.0, ""pitch"": 5.5, ""plate_over"": 1.0, ""plate_t_bot"": 0.05, ""plate_t_top"": 0.05, ""tilt_deg"": 2.0, ""tilt_jitter"": 0.0}}"
BF_grid100_j0_s23,stack,shingle/pyramid,sheet,0.05,23,d00,1.0,grid,0.0,195,0,0,0.0,-40.0,0.00032237189589068294,0.04999997094273567,"{""backing"": 2.0, ""bot"": ""pyramid"", ""bot_depth"": 3.0, ""bot_params"": {""margin_depth_ref"": 50.0, ""margin_min"": 101.75, ""pitch"": 2.0, ""tip_flat"": 0.1}, ""face_h"": 60.0, ""face_w"": 60.0, ""margin_depths"": 2.0, ""seed"": 23, ""top"": ""shingle"", ""top_depth"": 47.0, ""top_params"": {""azimuth_mode"": ""grid"", ""jitter"": 0.0, ""pitch"": 5.5, ""plate_over"": 1.0, ""plate_t_bot"": 0.05, ""plate_t_top"": 0.05, ""tilt_deg"": 2.0, ""tilt_jitter"": 0.0}}"
BF_grid100_j0_s23,stack,shingle/pyramid,sheet,0.05,23,d00,1.0,grid,0.0,195,0,0,0.0,40.0,0.00030366104329004884,0.04999997094273567,"{""backing"": 2.0, ""bot"": ""pyramid"", ""bot_depth"": 3.0, ""bot_params"": {""margin_depth_ref"": 50.0, ""margin_min"": 101.75, ""pitch"": 2.0, ""tip_flat"": 0.1}, ""face_h"": 60.0, ""face_w"": 60.0, ""margin_depths"": 2.0, ""seed"": 23, ""top"": ""shingle"", ""top_depth"": 47.0, ""top_params"": {""azimuth_mode"": ""grid"", ""jitter"": 0.0, ""pitch"": 5.5, ""plate_over"": 1.0, ""plate_t_bot"": 0.05, ""plate_t_top"": 0.05, ""tilt_deg"": 2.0, ""tilt_jitter"": 0.0}}"
BF_grid100_j0_s23,stack,shingle/pyramid,sheet,0.05,23,d76,1.0,grid,0.0,195,0,0,0.0,0.0,0.0003431407967582345,0.04999997094273567,"{""backing"": 2.0, ""bot"": ""pyramid"", ""bot_depth"": 3.0, ""bot_params"": {""margin_depth_ref"": 50.0, ""margin_min"": 101.75, ""pitch"": 2.0, ""tip_flat"": 0.1}, ""face_h"": 60.0, ""face_w"": 60.0, ""margin_depths"": 2.0, ""seed"": 23, ""top"": ""shingle"", ""top_depth"": 47.0, ""top_params"": {""azimuth_mode"": ""grid"", ""jitter"": 0.0, ""pitch"": 5.5, ""plate_over"": 1.0, ""plate_t_bot"": 0.05, ""plate_t_top"": 0.05, ""tilt_deg"": 2.0, ""tilt_jitter"": 0.0}}"
BF_grid100_j0_s23,stack,shingle/pyramid,sheet,0.05,23,d76,1.0,grid,0.0,195,0,0,0.0,-20.0,0.0007718952838331461,0.04999997094273567,"{""backing"": 2.0, ""bot"": ""pyramid"", ""bot_depth"": 3.0, ""bot_params"": {""margin_depth_ref"": 50.0, ""margin_min"": 101.75, ""pitch"": 2.0, ""tip_flat"": 0.1}, ""face_h"": 60.0, ""face_w"": 60.0, ""margin_depths"": 2.0, ""seed"": 23, ""top"": ""shingle"", ""top_depth"": 47.0, ""top_params"": {""azimuth_mode"": ""grid"", ""jitter"": 0.0, ""pitch"": 5.5, ""plate_over"": 1.0, ""plate_t_bot"": 0.05, ""plate_t_top"": 0.05, ""tilt_deg"": 2.0, ""tilt_jitter"": 0.0}}"
BF_grid100_j0_s23,stack,shingle/pyramid,sheet,0.05,23,d76,1.0,grid,0.0,195,0,0,0.0,20.0,0.0009003541199490428,0.04999997094273567,"{""backing"": 2.0, ""bot"": ""pyramid"", ""bot_depth"": 3.0, ""bot_params"": {""margin_depth_ref"": 50.0, ""margin_min"": 101.75, ""pitch"": 2.0, ""tip_flat"": 0.1}, ""face_h"": 60.0, ""face_w"": 60.0, ""margin_depths"": 2.0, ""seed"": 23, ""top"": ""shingle"", ""top_depth"": 47.0, ""top_params"": {""azimuth_mode"": ""grid"", ""jitter"": 0.0, ""pitch"": 5.5, ""plate_over"": 1.0, ""plate_t_bot"": 0.05, ""plate_t_top"": 0.05, ""tilt_deg"": 2.0, ""tilt_jitter"": 0.0}}"
BF_grid100_j0_s23,stack,shingle/pyramid,sheet,0.05,23,d76,1.0,grid,0.0,195,0,0,0.0,-40.0,0.0013663637218996882,0.04999997094273567,"{""backing"": 2.0, ""bot"": ""pyramid"", ""bot_depth"": 3.0, ""bot_params"": {""margin_depth_ref"": 50.0, ""margin_min"": 101.75, ""pitch"": 2.0, ""tip_flat"": 0.1}, ""face_h"": 60.0, ""face_w"": 60.0, ""margin_depths"": 2.0, ""seed"": 23, ""top"": ""shingle"", ""top_depth"": 47.0, ""top_params"": {""azimuth_mode"": ""grid"", ""jitter"": 0.0, ""pitch"": 5.5, ""plate_over"": 1.0, ""plate_t_bot"": 0.05, ""plate_t_top"": 0.05, ""tilt_deg"": 2.0, ""tilt_jitter"": 0.0}}"
BF_grid100_j0_s23,stack,shingle/pyramid,sheet,0.05,23,d76,1.0,grid,0.0,195,0,0,0.0,40.0,0.0014863949036225677,0.04999997094273567,"{""backing"": 2.0, ""bot"": ""pyramid"", ""bot_depth"": 3.0, ""bot_params"": {""margin_depth_ref"": 50.0, ""margin_min"": 101.75, ""pitch"": 2.0, ""tip_flat"": 0.1}, ""face_h"": 60.0, ""face_w"": 60.0, ""margin_depths"": 2.0, ""seed"": 23, ""top"": ""shingle"", ""top_depth"": 47.0, ""top_params"": {""azimuth_mode"": ""grid"", ""jitter"": 0.0, ""pitch"": 5.5, ""plate_over"": 1.0, ""plate_t_bot"": 0.05, ""plate_t_top"": 0.05, ""tilt_deg"": 2.0, ""tilt_jitter"": 0.0}}"
BF_grid100_j0_s23,stack,shingle/pyramid,sheet,0.05,23,d100,1.0,grid,0.0,195,0,0,0.0,0.0,0.00029990955954417586,0.04999997094273567,"{""backing"": 2.0, ""bot"": ""pyramid"", ""bot_depth"": 3.0, ""bot_params"": {""margin_depth_ref"": 50.0, ""margin_min"": 101.75, ""pitch"": 2.0, ""tip_flat"": 0.1}, ""face_h"": 60.0, ""face_w"": 60.0, ""margin_depths"": 2.0, ""seed"": 23, ""top"": ""shingle"", ""top_depth"": 47.0, ""top_params"": {""azimuth_mode"": ""grid"", ""jitter"": 0.0, ""pitch"": 5.5, ""plate_over"": 1.0, ""plate_t_bot"": 0.05, ""plate_t_top"": 0.05, ""tilt_deg"": 2.0, ""tilt_jitter"": 0.0}}"
BF_grid100_j0_s23,stack,shingle/pyramid,sheet,0.05,23,d100,1.0,grid,0.0,195,0,0,0.0,-20.0,0.0009072883985936642,0.04999997094273567,"{""backing"": 2.0, ""bot"": ""pyramid"", ""bot_depth"": 3.0, ""bot_params"": {""margin_depth_ref"": 50.0, ""margin_min"": 101.75, ""pitch"": 2.0, ""tip_flat"": 0.1}, ""face_h"": 60.0, ""face_w"": 60.0, ""margin_depths"": 2.0, ""seed"": 23, ""top"": ""shingle"", ""top_depth"": 47.0, ""top_params"": {""azimuth_mode"": ""grid"", ""jitter"": 0.0, ""pitch"": 5.5, ""plate_over"": 1.0, ""plate_t_bot"": 0.05, ""plate_t_top"": 0.05, ""tilt_deg"": 2.0, ""tilt_jitter"": 0.0}}"
BF_grid100_j0_s23,stack,shingle/pyramid,sheet,0.05,23,d100,1.0,grid,0.0,195,0,0,0.0,20.0,0.0010756676783785224,0.04999997094273567,"{""backing"": 2.0, ""bot"": ""pyramid"", ""bot_depth"": 3.0, ""bot_params"": {""margin_depth_ref"": 50.0, ""margin_min"": 101.75, ""pitch"": 2.0, ""tip_flat"": 0.1}, ""face_h"": 60.0, ""face_w"": 60.0, ""margin_depths"": 2.0, ""seed"": 23, ""top"": ""shingle"", ""top_depth"": 47.0, ""top_params"": {""azimuth_mode"": ""grid"", ""jitter"": 0.0, ""pitch"": 5.5, ""plate_over"": 1.0, ""plate_t_bot"": 0.05, ""plate_t_top"": 0.05, ""tilt_deg"": 2.0, ""tilt_jitter"": 0.0}}"
BF_grid100_j0_s23,stack,shingle/pyramid,sheet,0.05,23,d100,1.0,grid,0.0,195,0,0,0.0,-40.0,0.0017069288296625018,0.04999997094273567,"{""backing"": 2.0, ""bot"": ""pyramid"", ""bot_depth"": 3.0, ""bot_params"": {""margin_depth_ref"": 50.0, ""margin_min"": 101.75, ""pitch"": 2.0, ""tip_flat"": 0.1}, ""face_h"": 60.0, ""face_w"": 60.0, ""margin_depths"": 2.0, ""seed"": 23, ""top"": ""shingle"", ""top_depth"": 47.0, ""top_params"": {""azimuth_mode"": ""grid"", ""jitter"": 0.0, ""pitch"": 5.5, ""plate_over"": 1.0, ""plate_t_bot"": 0.05, ""plate_t_top"": 0.05, ""tilt_deg"": 2.0, ""tilt_jitter"": 0.0}}"
BF_grid100_j0_s23,stack,shingle/pyramid,sheet,0.05,23,d100,1.0,grid,0.0,195,0,0,0.0,40.0,0.0018815310904756188,0.04999997094273567,"{""backing"": 2.0, ""bot"": ""pyramid"", ""bot_depth"": 3.0, ""bot_params"": {""margin_depth_ref"": 50.0, ""margin_min"": 101.75, ""pitch"": 2.0, ""tip_flat"": 0.1}, ""face_h"": 60.0, ""face_w"": 60.0, ""margin_depths"": 2.0, ""seed"": 23, ""top"": ""shingle"", ""top_depth"": 47.0, ""top_params"": {""azimuth_mode"": ""grid"", ""jitter"": 0.0, ""pitch"": 5.5, ""plate_over"": 1.0, ""plate_t_bot"": 0.05, ""plate_t_top"": 0.05, ""tilt_deg"": 2.0, ""tilt_jitter"": 0.0}}"
BF_grid100_j30_s23,stack,shingle/pyramid,sheet,0.05,23,d00,1.0,grid,0.3,193,34,60,0.31088,0.0,0.0005190249648876488,0.04999997094273567,"{""backing"": 2.0, ""bot"": ""pyramid"", ""bot_depth"": 3.0, ""bot_params"": {""margin_depth_ref"": 50.0, ""margin_min"": 103.00449, ""pitch"": 2.0, ""tip_flat"": 0.1}, ""face_h"": 60.0, ""face_w"": 60.0, ""margin_depths"": 2.0, ""seed"": 23, ""top"": ""shingle"", ""top_depth"": 47.0, ""top_params"": {""azimuth_mode"": ""grid"", ""jitter"": 0.3, ""pitch"": 5.5, ""plate_over"": 1.0, ""plate_t_bot"": 0.05, ""plate_t_top"": 0.05, ""tilt_deg"": 2.0, ""tilt_jitter"": 0.0}}"
BF_grid100_j30_s23,stack,shingle/pyramid,sheet,0.05,23,d00,1.0,grid,0.3,193,34,60,0.31088,-20.0,0.0003780541301239282,0.04999997094273567,"{""backing"": 2.0, ""bot"": ""pyramid"", ""bot_depth"": 3.0, ""bot_params"": {""margin_depth_ref"": 50.0, ""margin_min"": 103.00449, ""pitch"": 2.0, ""tip_flat"": 0.1}, ""face_h"": 60.0, ""face_w"": 60.0, ""margin_depths"": 2.0, ""seed"": 23, ""top"": ""shingle"", ""top_depth"": 47.0, ""top_params"": {""azimuth_mode"": ""grid"", ""jitter"": 0.3, ""pitch"": 5.5, ""plate_over"": 1.0, ""plate_t_bot"": 0.05, ""plate_t_top"": 0.05, ""tilt_deg"": 2.0, ""tilt_jitter"": 0.0}}"
BF_grid100_j30_s23,stack,shingle/pyramid,sheet,0.05,23,d00,1.0,grid,0.3,193,34,60,0.31088,20.0,0.00034151290310546756,0.04999997094273567,"{""backing"": 2.0, ""bot"": ""pyramid"", ""bot_depth"": 3.0, ""bot_params"": {""margin_depth_ref"": 50.0, ""margin_min"": 103.00449, ""pitch"": 2.0, ""tip_flat"": 0.1}, ""face_h"": 60.0, ""face_w"": 60.0, ""margin_depths"": 2.0, ""seed"": 23, ""top"": ""shingle"", ""top_depth"": 47.0, ""top_params"": {""azimuth_mode"": ""grid"", ""jitter"": 0.3, ""pitch"": 5.5, ""plate_over"": 1.0, ""plate_t_bot"": 0.05, ""plate_t_top"": 0.05, ""tilt_deg"": 2.0, ""tilt_jitter"": 0.0}}"
BF_grid100_j30_s23,stack,shingle/pyramid,sheet,0.05,23,d00,1.0,grid,0.3,193,34,60,0.31088,-40.0,0.0003132128913421184,0.04999997094273567,"{""backing"": 2.0, ""bot"": ""pyramid"", ""bot_depth"": 3.0, ""bot_params"": {""margin_depth_ref"": 50.0, ""margin_min"": 103.00449, ""pitch"": 2.0, ""tip_flat"": 0.1}, ""face_h"": 60.0, ""face_w"": 60.0, ""margin_depths"": 2.0, ""seed"": 23, ""top"": ""shingle"", ""top_depth"": 47.0, ""top_params"": {""azimuth_mode"": ""grid"", ""jitter"": 0.3, ""pitch"": 5.5, ""plate_over"": 1.0, ""plate_t_bot"": 0.05, ""plate_t_top"": 0.05, ""tilt_deg"": 2.0, ""tilt_jitter"": 0.0}}"
BF_grid100_j30_s23,stack,shingle/pyramid,sheet,0.05,23,d00,1.0,grid,0.3,193,34,60,0.31088,40.0,0.0002926083980128169,0.04999997094273567,"{""backing"": 2.0, ""bot"": ""pyramid"", ""bot_depth"": 3.0, ""bot_params"": {""margin_depth_ref"": 50.0, ""margin_min"": 103.00449, ""pitch"": 2.0, ""tip_flat"": 0.1}, ""face_h"": 60.0, ""face_w"": 60.0, ""margin_depths"": 2.0, ""seed"": 23, ""top"": ""shingle"", ""top_depth"": 47.0, ""top_params"": {""azimuth_mode"": ""grid"", ""jitter"": 0.3, ""pitch"": 5.5, ""plate_over"": 1.0, ""plate_t_bot"": 0.05, ""plate_t_top"": 0.05, ""tilt_deg"": 2.0, ""tilt_jitter"": 0.0}}"
BF_grid100_j30_s23,stack,shingle/pyramid,sheet,0.05,23,d76,1.0,grid,0.3,193,34,60,0.31088,0.0,0.00035136082442477345,0.04999997094273567,"{""backing"": 2.0, ""bot"": ""pyramid"", ""bot_depth"": 3.0, ""bot_params"": {""margin_depth_ref"": 50.0, ""margin_min"": 103.00449, ""pitch"": 2.0, ""tip_flat"": 0.1}, ""face_h"": 60.0, ""face_w"": 60.0, ""margin_depths"": 2.0, ""seed"": 23, ""top"": ""shingle"", ""top_depth"": 47.0, ""top_params"": {""azimuth_mode"": ""grid"", ""jitter"": 0.3, ""pitch"": 5.5, ""plate_over"": 1.0, ""plate_t_bot"": 0.05, ""plate_t_top"": 0.05, ""tilt_deg"": 2.0, ""tilt_jitter"": 0.0}}"
BF_grid100_j30_s23,stack,shingle/pyramid,sheet,0.05,23,d76,1.0,grid,0.3,193,34,60,0.31088,-20.0,0.0007497969199903309,0.04999997094273567,"{""backing"": 2.0, ""bot"": ""pyramid"", ""bot_depth"": 3.0, ""bot_params"": {""margin_depth_ref"": 50.0, ""margin_min"": 103.00449, ""pitch"": 2.0, ""tip_flat"": 0.1}, ""face_h"": 60.0, ""face_w"": 60.0, ""margin_depths"": 2.0, ""seed"": 23, ""top"": ""shingle"", ""top_depth"": 47.0, ""top_params"": {""azimuth_mode"": ""grid"", ""jitter"": 0.3, ""pitch"": 5.5, ""plate_over"": 1.0, ""plate_t_bot"": 0.05, ""plate_t_top"": 0.05, ""tilt_deg"": 2.0, ""tilt_jitter"": 0.0}}"
BF_grid100_j30_s23,stack,shingle/pyramid,sheet,0.05,23,d76,1.0,grid,0.3,193,34,60,0.31088,20.0,0.0008759608026593924,0.04999997094273567,"{""backing"": 2.0, ""bot"": ""pyramid"", ""bot_depth"": 3.0, ""bot_params"": {""margin_depth_ref"": 50.0, ""margin_min"": 103.00449, ""pitch"": 2.0, ""tip_flat"": 0.1}, ""face_h"": 60.0, ""face_w"": 60.0, ""margin_depths"": 2.0, ""seed"": 23, ""top"": ""shingle"", ""top_depth"": 47.0, ""top_params"": {""azimuth_mode"": ""grid"", ""jitter"": 0.3, ""pitch"": 5.5, ""plate_over"": 1.0, ""plate_t_bot"": 0.05, ""plate_t_top"": 0.05, ""tilt_deg"": 2.0, ""tilt_jitter"": 0.0}}"
BF_grid100_j30_s23,stack,shingle/pyramid,sheet,0.05,23,d76,1.0,grid,0.3,193,34,60,0.31088,-40.0,0.0013106971746310592,0.04999997094273567,"{""backing"": 2.0, ""bot"": ""pyramid"", ""bot_depth"": 3.0, ""bot_params"": {""margin_depth_ref"": 50.0, ""margin_min"": 103.00449, ""pitch"": 2.0, ""tip_flat"": 0.1}, ""face_h"": 60.0, ""face_w"": 60.0, ""margin_depths"": 2.0, ""seed"": 23, ""top"": ""shingle"", ""top_depth"": 47.0, ""top_params"": {""azimuth_mode"": ""grid"", ""jitter"": 0.3, ""pitch"": 5.5, ""plate_over"": 1.0, ""plate_t_bot"": 0.05, ""plate_t_top"": 0.05, ""tilt_deg"": 2.0, ""tilt_jitter"": 0.0}}"
BF_grid100_j30_s23,stack,shingle/pyramid,sheet,0.05,23,d76,1.0,grid,0.3,193,34,60,0.31088,40.0,0.0014487975277006626,0.04999997094273567,"{""backing"": 2.0, ""bot"": ""pyramid"", ""bot_depth"": 3.0, ""bot_params"": {""margin_depth_ref"": 50.0, ""margin_min"": 103.00449, ""pitch"": 2.0, ""tip_flat"": 0.1}, ""face_h"": 60.0, ""face_w"": 60.0, ""margin_depths"": 2.0, ""seed"": 23, ""top"": ""shingle"", ""top_depth"": 47.0, ""top_params"": {""azimuth_mode"": ""grid"", ""jitter"": 0.3, ""pitch"": 5.5, ""plate_over"": 1.0, ""plate_t_bot"": 0.05, ""plate_t_top"": 0.05, ""tilt_deg"": 2.0, ""tilt_jitter"": 0.0}}"
BF_grid100_j30_s23,stack,shingle/pyramid,sheet,0.05,23,d100,1.0,grid,0.3,193,34,60,0.31088,0.0,0.0003214725002180785,0.04999997094273567,"{""backing"": 2.0, ""bot"": ""pyramid"", ""bot_depth"": 3.0, ""bot_params"": {""margin_depth_ref"": 50.0, ""margin_min"": 103.00449, ""pitch"": 2.0, ""tip_flat"": 0.1}, ""face_h"": 60.0, ""face_w"": 60.0, ""margin_depths"": 2.0, ""seed"": 23, ""top"": ""shingle"", ""top_depth"": 47.0, ""top_params"": {""azimuth_mode"": ""grid"", ""jitter"": 0.3, ""pitch"": 5.5, ""plate_over"": 1.0, ""plate_t_bot"": 0.05, ""plate_t_top"": 0.05, ""tilt_deg"": 2.0, ""tilt_jitter"": 0.0}}"
BF_grid100_j30_s23,stack,shingle/pyramid,sheet,0.05,23,d100,1.0,grid,0.3,193,34,60,0.31088,-20.0,0.0008802039083093405,0.04999997094273567,"{""backing"": 2.0, ""bot"": ""pyramid"", ""bot_depth"": 3.0, ""bot_params"": {""margin_depth_ref"": 50.0, ""margin_min"": 103.00449, ""pitch"": 2.0, ""tip_flat"": 0.1}, ""face_h"": 60.0, ""face_w"": 60.0, ""margin_depths"": 2.0, ""seed"": 23, ""top"": ""shingle"", ""top_depth"": 47.0, ""top_params"": {""azimuth_mode"": ""grid"", ""jitter"": 0.3, ""pitch"": 5.5, ""plate_over"": 1.0, ""plate_t_bot"": 0.05, ""plate_t_top"": 0.05, ""tilt_deg"": 2.0, ""tilt_jitter"": 0.0}}"
BF_grid100_j30_s23,stack,shingle/pyramid,sheet,0.05,23,d100,1.0,grid,0.3,193,34,60,0.31088,20.0,0.0010532750748097897,0.04999997094273567,"{""backing"": 2.0, ""bot"": ""pyramid"", ""bot_depth"": 3.0, ""bot_params"": {""margin_depth_ref"": 50.0, ""margin_min"": 103.00449, ""pitch"": 2.0, ""tip_flat"": 0.1}, ""face_h"": 60.0, ""face_w"": 60.0, ""margin_depths"": 2.0, ""seed"": 23, ""top"": ""shingle"", ""top_depth"": 47.0, ""top_params"": {""azimuth_mode"": ""grid"", ""jitter"": 0.3, ""pitch"": 5.5, ""plate_over"": 1.0, ""plate_t_bot"": 0.05, ""plate_t_top"": 0.05, ""tilt_deg"": 2.0, ""tilt_jitter"": 0.0}}"
BF_grid100_j30_s23,stack,shingle/pyramid,sheet,0.05,23,d100,1.0,grid,0.3,193,34,60,0.31088,-40.0,0.0016257776878774166,0.04999997094273567,"{""backing"": 2.0, ""bot"": ""pyramid"", ""bot_depth"": 3.0, ""bot_params"": {""margin_depth_ref"": 50.0, ""margin_min"": 103.00449, ""pitch"": 2.0, ""tip_flat"": 0.1}, ""face_h"": 60.0, ""face_w"": 60.0, ""margin_depths"": 2.0, ""seed"": 23, ""top"": ""shingle"", ""top_depth"": 47.0, ""top_params"": {""azimuth_mode"": ""grid"", ""jitter"": 0.3, ""pitch"": 5.5, ""plate_over"": 1.0, ""plate_t_bot"": 0.05, ""plate_t_top"": 0.05, ""tilt_deg"": 2.0, ""tilt_jitter"": 0.0}}"
BF_grid100_j30_s23,stack,shingle/pyramid,sheet,0.05,23,d100,1.0,grid,0.3,193,34,60,0.31088,40.0,0.0018266934202983975,0.04999997094273567,"{""backing"": 2.0, ""bot"": ""pyramid"", ""bot_depth"": 3.0, ""bot_params"": {""margin_depth_ref"": 50.0, ""margin_min"": 103.00449, ""pitch"": 2.0, ""tip_flat"": 0.1}, ""face_h"": 60.0, ""face_w"": 60.0, ""margin_depths"": 2.0, ""seed"": 23, ""top"": ""shingle"", ""top_depth"": 47.0, ""top_params"": {""azimuth_mode"": ""grid"", ""jitter"": 0.3, ""pitch"": 5.5, ""plate_over"": 1.0, ""plate_t_bot"": 0.05, ""plate_t_top"": 0.05, ""tilt_deg"": 2.0, ""tilt_jitter"": 0.0}}"
