tag,mode,theta,ratio_vs_flat,panel_mean,control_mean,panel_p99,panel_max,rho_slat,spec_roughness,depth_mm,pitch_mm,tip_width_mm,tip_fraction,half_angle_deg,est_bounces,predicted_return,png
P_d030_p03,hemi_view,-80.0,0.046815295225592454,0.0023407642729580402,0.049999989569187164,0.0026978689711540937,0.002821981208398938,0.005,0.3,30.0,3.0,0.4,0.13333333333333333,2.862405226111748,15.72104452210192,0.084,/Users/hojunsong/Desktop/SpillSinkSimulator/project/renders/fdm/P_d030_p03__hemi_view_th-80.0.png
P_d030_p03,hemi_view,-70.0,0.02465583567306483,0.0012327913427725434,0.04999998211860657,0.0015151745174080133,0.0016055749729275703,0.005,0.3,30.0,3.0,0.4,0.13333333333333333,2.862405226111748,15.72104452210192,0.084,/Users/hojunsong/Desktop/SpillSinkSimulator/project/renders/fdm/P_d030_p03__hemi_view_th-70.0.png
P_d030_p03,hemi_view,-60.0,0.01735295233317285,0.0008676471770741045,0.04999997466802597,0.0011932183988392353,0.0012725184205919504,0.005,0.3,30.0,3.0,0.4,0.13333333333333333,2.862405226111748,15.72104452210192,0.084,/Users/hojunsong/Desktop/SpillSinkSimulator/project/renders/fdm/P_d030_p03__hemi_view_th-60.0.png
P_d030_p03,hemi_view,-50.0,0.01395809393679775,0.0006979044992476702,0.049999985843896866,0.0012077692663297057,0.0012732744216918945,0.005,0.3,30.0,3.0,0.4,0.13333333333333333,2.862405226111748,15.72104452210192,0.084,/Users/hojunsong/Desktop/SpillSinkSimulator/project/renders/fdm/P_d030_p03__hemi_view_th-50.0.png
P_d030_p03,hemi_view,-40.0,0.012023091192233392,0.0006011543446220458,0.04999998211860657,0.0012322977418079972,0.0013006734661757946,0.005,0.3,30.0,3.0,0.4,0.13333333333333333,2.862405226111748,15.72104452210192,0.084,/Users/hojunsong/Desktop/SpillSinkSimulator/project/renders/fdm/P_d030_p03__hemi_view_th-40.0.png
P_d030_p03,hemi_view,-30.0,0.010869345445447615,0.0005434671184048057,0.049999985843896866,0.001249021152034402,0.00134908442851156,0.005,0.3,30.0,3.0,0.4,0.13333333333333333,2.862405226111748,15.72104452210192,0.084,/Users/hojunsong/Desktop/SpillSinkSimulator/project/renders/fdm/P_d030_p03__hemi_view_th-30.0.png
P_d030_p03,hemi_view,-20.0,0.010253151587406369,0.000512657396029681,0.04999998211860657,0.0012753998162224889,0.001354572712443769,0.005,0.3,30.0,3.0,0.4,0.13333333333333333,2.862405226111748,15.72104452210192,0.084,/Users/hojunsong/Desktop/SpillSinkSimulator/project/renders/fdm/P_d030_p03__hemi_view_th-20.0.png
P_d030_p03,hemi_view,-10.0,0.009922067032977103,0.0004961031372658908,0.04999997839331627,0.0012999712489545345,0.0014081919798627496,0.005,0.3,30.0,3.0,0.4,0.13333333333333333,2.862405226111748,15.72104452210192,0.084,/Users/hojunsong/Desktop/SpillSinkSimulator/project/renders/fdm/P_d030_p03__hemi_view_th-10.0.png
P_d030_p03,hemi_view,0.0,0.010162428687668323,0.0005081212148070335,0.04999997839331627,0.0013265450252220035,0.0014258697628974915,0.005,0.3,30.0,3.0,0.4,0.13333333333333333,2.862405226111748,15.72104452210192,0.084,/Users/hojunsong/Desktop/SpillSinkSimulator/project/renders/fdm/P_d030_p03__hemi_view_th+00.0.png
P_d030_p03,hemi_view,10.0,0.009914637403927515,0.0004957316559739411,0.04999997839331627,0.0013008274836465716,0.0013920086203143,0.005,0.3,30.0,3.0,0.4,0.13333333333333333,2.862405226111748,15.72104452210192,0.084,/Users/hojunsong/Desktop/SpillSinkSimulator/project/renders/fdm/P_d030_p03__hemi_view_th+10.0.png
P_d030_p03,hemi_view,20.0,0.010253348329370617,0.0005126672331243753,0.04999998211860657,0.0012820594711229205,0.0013656705850735307,0.005,0.3,30.0,3.0,0.4,0.13333333333333333,2.862405226111748,15.72104452210192,0.084,/Users/hojunsong/Desktop/SpillSinkSimulator/project/renders/fdm/P_d030_p03__hemi_view_th+20.0.png
P_d030_p03,hemi_view,30.0,0.010971319475473017,0.0005485658184625208,0.049999985843896866,0.0012624553637579083,0.0013381814351305366,0.005,0.3,30.0,3.0,0.4,0.13333333333333333,2.862405226111748,15.72104452210192,0.084,/Users/hojunsong/Desktop/SpillSinkSimulator/project/renders/fdm/P_d030_p03__hemi_view_th+30.0.png
P_d030_p03,hemi_view,40.0,0.011983192154714639,0.0005991593934595585,0.04999998211860657,0.0012231358559802175,0.0013244223082438111,0.005,0.3,30.0,3.0,0.4,0.13333333333333333,2.862405226111748,15.72104452210192,0.084,/Users/hojunsong/Desktop/SpillSinkSimulator/project/renders/fdm/P_d030_p03__hemi_view_th+40.0.png
P_d030_p03,hemi_view,50.0,0.013884660295151854,0.0006942328182049096,0.049999985843896866,0.0011967868776991963,0.0012994477292522788,0.005,0.3,30.0,3.0,0.4,0.13333333333333333,2.862405226111748,15.72104452210192,0.084,/Users/hojunsong/Desktop/SpillSinkSimulator/project/renders/fdm/P_d030_p03__hemi_view_th+50.0.png
P_d030_p03,hemi_view,60.0,0.017300091601209558,0.0008650041418150067,0.04999997466802597,0.0011916982475668192,0.0012524363119155169,0.005,0.3,30.0,3.0,0.4,0.13333333333333333,2.862405226111748,15.72104452210192,0.084,/Users/hojunsong/Desktop/SpillSinkSimulator/project/renders/fdm/P_d030_p03__hemi_view_th+60.0.png
P_d030_p03,hemi_view,70.0,0.024714048011409525,0.0012357019586488605,0.04999998211860657,0.0015093748224899173,0.0016091236611828208,0.005,0.3,30.0,3.0,0.4,0.13333333333333333,2.862405226111748,15.72104452210192,0.084,/Users/hojunsong/Desktop/SpillSinkSimulator/project/renders/fdm/P_d030_p03__hemi_view_th+70.0.png
P_d030_p03,hemi_view,80.0,0.04686062736136888,0.0023430308792740107,0.049999989569187164,0.002705568913370371,0.002851055236533284,0.005,0.3,30.0,3.0,0.4,0.13333333333333333,2.862405226111748,15.72104452210192,0.084,/Users/hojunsong/Desktop/SpillSinkSimulator/project/renders/fdm/P_d030_p03__hemi_view_th+80.0.png
P_d030_p05,hemi_view,-80.0,0.04099605528928003,0.0020498023368418217,0.049999989569187164,0.00226724985986948,0.0023851743899285793,0.005,0.3,30.0,5.0,0.4,0.08,4.763641690726177,9.446554321582513,0.0504,/Users/hojunsong/Desktop/SpillSinkSimulator/project/renders/fdm/P_d030_p05__hemi_view_th-80.0.png
P_d030_p05,hemi_view,-70.0,0.01748891008621219,0.0008744451915845275,0.04999998211860657,0.001314197899773717,0.0014313221909105778,0.005,0.3,30.0,5.0,0.4,0.08,4.763641690726177,9.446554321582513,0.0504,/Users/hojunsong/Desktop/SpillSinkSimulator/project/renders/fdm/P_d030_p05__hemi_view_th-70.0.png
P_d030_p05,hemi_view,-60.0,0.011292954341850394,0.0005646474310196936,0.04999997466802597,0.0012071317760273814,0.001274774200282991,0.005,0.3,30.0,5.0,0.4,0.08,4.763641690726177,9.446554321582513,0.0504,/Users/hojunsong/Desktop/SpillSinkSimulator/project/renders/fdm/P_d030_p05__hemi_view_th-60.0.png
P_d030_p05,hemi_view,-50.0,0.008663841997094421,0.00043319197720848024,0.049999985843896866,0.0012090782402083278,0.0013001412153244019,0.005,0.3,30.0,5.0,0.4,0.08,4.763641690726177,9.446554321582513,0.0504,/Users/hojunsong/Desktop/SpillSinkSimulator/project/renders/fdm/P_d030_p05__hemi_view_th-50.0.png
P_d030_p05,hemi_view,-40.0,0.007385923258210096,0.00036929603083990514,0.04999998211860657,0.0012359765823930502,0.001339136972092092,0.005,0.3,30.0,5.0,0.4,0.08,4.763641690726177,9.446554321582513,0.0504,/Users/hojunsong/Desktop/SpillSinkSimulator/project/renders/fdm/P_d030_p05__hemi_view_th-40.0.png
P_d030_p05,hemi_view,-30.0,0.006499054237001099,0.0003249526198487729,0.049999985843896866,0.001236014999449253,0.001327240257523954,0.005,0.3,30.0,5.0,0.4,0.08,4.763641690726177,9.446554321582513,0.0504,/Users/hojunsong/Desktop/SpillSinkSimulator/project/renders/fdm/P_d030_p05__hemi_view_th-30.0.png
P_d030_p05,hemi_view,-20.0,0.006130213596859967,0.0003065105702262372,0.04999998211860657,0.0012742390390485525,0.0013603498227894306,0.005,0.3,30.0,5.0,0.4,0.08,4.763641690726177,9.446554321582513,0.0504,/Users/hojunsong/Desktop/SpillSinkSimulator/project/renders/fdm/P_d030_p05__hemi_view_th-20.0.png
P_d030_p05,hemi_view,-10.0,0.005851711230533208,0.00029258543509058654,0.04999997839331627,0.0012749808374792337,0.0013911738060414791,0.005,0.3,30.0,5.0,0.4,0.08,4.763641690726177,9.446554321582513,0.0504,/Users/hojunsong/Desktop/SpillSinkSimulator/project/renders/fdm/P_d030_p05__hemi_view_th-10.0.png
P_d030_p05,hemi_view,0.0,0.00640676168048514,0.00032033794559538364,0.04999997839331627,0.001339367707259953,0.0014179317513480783,0.005,0.3,30.0,5.0,0.4,0.08,4.763641690726177,9.446554321582513,0.0504,/Users/hojunsong/Desktop/SpillSinkSimulator/project/renders/fdm/P_d030_p05__hemi_view_th+00.0.png
P_d030_p05,hemi_view,10.0,0.005868671204022541,0.0002934334333986044,0.04999997839331627,0.0012880228459835052,0.0013796864077448845,0.005,0.3,30.0,5.0,0.4,0.08,4.763641690726177,9.446554321582513,0.0504,/Users/hojunsong/Desktop/SpillSinkSimulator/project/renders/fdm/P_d030_p05__hemi_view_th+10.0.png
P_d030_p05,hemi_view,20.0,0.006160478098898744,0.0003080237947870046,0.04999998211860657,0.0012754503404721618,0.0013790084049105644,0.005,0.3,30.0,5.0,0.4,0.08,4.763641690726177,9.446554321582513,0.0504,/Users/hojunsong/Desktop/SpillSinkSimulator/project/renders/fdm/P_d030_p05__hemi_view_th+20.0.png
P_d030_p05,hemi_view,30.0,0.006483033155875354,0.00032415156601928174,0.049999985843896866,0.0012361586559563875,0.0013259286060929298,0.005,0.3,30.0,5.0,0.4,0.08,4.763641690726177,9.446554321582513,0.0504,/Users/hojunsong/Desktop/SpillSinkSimulator/project/renders/fdm/P_d030_p05__hemi_view_th+30.0.png
P_d030_p05,hemi_view,40.0,0.0073901532104414264,0.0003695075283758342,0.04999998211860657,0.001235790434293449,0.001313594519160688,0.005,0.3,30.0,5.0,0.4,0.08,4.763641690726177,9.446554321582513,0.0504,/Users/hojunsong/Desktop/SpillSinkSimulator/project/renders/fdm/P_d030_p05__hemi_view_th+40.0.png
P_d030_p05,hemi_view,50.0,0.00871118812188617,0.00043555928277783096,0.049999985843896866,0.001197021803818643,0.0012745331041514874,0.005,0.3,30.0,5.0,0.4,0.08,4.763641690726177,9.446554321582513,0.0504,/Users/hojunsong/Desktop/SpillSinkSimulator/project/renders/fdm/P_d030_p05__hemi_view_th+50.0.png
P_d030_p05,hemi_view,60.0,0.011354333187227374,0.0005677163717336953,0.04999997466802597,0.0012094866251572967,0.001313223852775991,0.005,0.3,30.0,5.0,0.4,0.08,4.763641690726177,9.446554321582513,0.0504,/Users/hojunsong/Desktop/SpillSinkSimulator/project/renders/fdm/P_d030_p05__hemi_view_th+60.0.png
P_d030_p05,hemi_view,70.0,0.017542392468339493,0.0008771193097345531,0.04999998211860657,0.0013284189626574516,0.0014690262032672763,0.005,0.3,30.0,5.0,0.4,0.08,4.763641690726177,9.446554321582513,0.0504,/Users/hojunsong/Desktop/SpillSinkSimulator/project/renders/fdm/P_d030_p05__hemi_view_th+70.0.png
P_d030_p05,hemi_view,80.0,0.040947063055021805,0.0020473527256399393,0.049999989569187164,0.0022641709074378014,0.002460705116391182,0.005,0.3,30.0,5.0,0.4,0.08,4.763641690726177,9.446554321582513,0.0504,/Users/hojunsong/Desktop/SpillSinkSimulator/project/renders/fdm/P_d030_p05__hemi_view_th+80.0.png
P_d030_p08,hemi_view,-80.0,0.05492695821788036,0.002746347337961197,0.049999989569187164,0.0033463749568909407,0.0034775352105498314,0.005,0.3,30.0,8.0,0.4,0.05,7.594643368591445,5.925228850916539,0.0315,/Users/hojunsong/Desktop/SpillSinkSimulator/project/renders/fdm/P_d030_p08__hemi_view_th-80.0.png
P_d030_p08,hemi_view,-70.0,0.017995363483409934,0.0008997678523883224,0.04999998211860657,0.0017712386325001717,0.001977939158678055,0.005,0.3,30.0,8.0,0.4,0.05,7.594643368591445,5.925228850916539,0.0315,/Users/hojunsong/Desktop/SpillSinkSimulator/project/renders/fdm/P_d030_p08__hemi_view_th-70.0.png
P_d030_p08,hemi_view,-60.0,0.008952036029573158,0.00044760157470591366,0.04999997466802597,0.001249121269211173,0.0013410531682893634,0.005,0.3,30.0,8.0,0.4,0.05,7.594643368591445,5.925228850916539,0.0315,/Users/hojunsong/Desktop/SpillSinkSimulator/project/renders/fdm/P_d030_p08__hemi_view_th-60.0.png
P_d030_p08,hemi_view,-50.0,0.006237132494420072,0.00031185653642751276,0.049999985843896866,0.001223142258822918,0.0013268854236230254,0.005,0.3,30.0,8.0,0.4,0.05,7.594643368591445,5.925228850916539,0.0315,/Users/hojunsong/Desktop/SpillSinkSimulator/project/renders/fdm/P_d030_p08__hemi_view_th-50.0.png
P_d030_p08,hemi_view,-40.0,0.0050642324561861,0.000253211532253772,0.04999998211860657,0.0012365609873086214,0.0013370075030252337,0.005,0.3,30.0,8.0,0.4,0.05,7.594643368591445,5.925228850916539,0.0315,/Users/hojunsong/Desktop/SpillSinkSimulator/project/renders/fdm/P_d030_p08__hemi_view_th-40.0.png
P_d030_p08,hemi_view,-30.0,0.004404399161168695,0.000220219895709306,0.049999985843896866,0.0012492029927670956,0.0013510421849787235,0.005,0.3,30.0,8.0,0.4,0.05,7.594643368591445,5.925228850916539,0.0315,/Users/hojunsong/Desktop/SpillSinkSimulator/project/renders/fdm/P_d030_p08__hemi_view_th-30.0.png
P_d030_p08,hemi_view,-20.0,0.004087095155329015,0.00020435468468349427,0.04999998211860657,0.0012755661737173796,0.0013748471392318606,0.005,0.3,30.0,8.0,0.4,0.05,7.594643368591445,5.925228850916539,0.0315,/Users/hojunsong/Desktop/SpillSinkSimulator/project/renders/fdm/P_d030_p08__hemi_view_th-20.0.png
P_d030_p08,hemi_view,-10.0,0.003930846530862888,0.00019654224161058664,0.04999997839331627,0.001301523414440453,0.001379693392664194,0.005,0.3,30.0,8.0,0.4,0.05,7.594643368591445,5.925228850916539,0.0315,/Users/hojunsong/Desktop/SpillSinkSimulator/project/renders/fdm/P_d030_p08__hemi_view_th-10.0.png
P_d030_p08,hemi_view,0.0,0.004481599507352497,0.00022407987853512168,0.04999997839331627,0.0013012636918574572,0.001430634525604546,0.005,0.3,30.0,8.0,0.4,0.05,7.594643368591445,5.925228850916539,0.0315,/Users/hojunsong/Desktop/SpillSinkSimulator/project/renders/fdm/P_d030_p08__hemi_view_th+00.0.png
P_d030_p08,hemi_view,10.0,0.003933937358993045,0.0001966967829503119,0.04999997839331627,0.0012988611124455929,0.0014022638788446784,0.005,0.3,30.0,8.0,0.4,0.05,7.594643368591445,5.925228850916539,0.0315,/Users/hojunsong/Desktop/SpillSinkSimulator/project/renders/fdm/P_d030_p08__hemi_view_th+10.0.png
P_d030_p08,hemi_view,20.0,0.004072811281270843,0.00020364049123600125,0.04999998211860657,0.0012619812041521072,0.0013534085592254996,0.005,0.3,30.0,8.0,0.4,0.05,7.594643368591445,5.925228850916539,0.0315,/Users/hojunsong/Desktop/SpillSinkSimulator/project/renders/fdm/P_d030_p08__hemi_view_th+20.0.png
P_d030_p08,hemi_view,30.0,0.0044016706762908826,0.00022008347150404006,0.049999985843896866,0.0012217217590659857,0.0013262978754937649,0.005,0.3,30.0,8.0,0.4,0.05,7.594643368591445,5.925228850916539,0.0315,/Users/hojunsong/Desktop/SpillSinkSimulator/project/renders/fdm/P_d030_p08__hemi_view_th+30.0.png
P_d030_p08,hemi_view,40.0,0.005057380247892826,0.00025286892196163535,0.04999998211860657,0.0012310349848121405,0.0013378277653828263,0.005,0.3,30.0,8.0,0.4,0.05,7.594643368591445,5.925228850916539,0.0315,/Users/hojunsong/Desktop/SpillSinkSimulator/project/renders/fdm/P_d030_p08__hemi_view_th+40.0.png
P_d030_p08,hemi_view,50.0,0.006242347902314516,0.0003121173067484051,0.049999985843896866,0.0012102837208658457,0.001339560840278864,0.005,0.3,30.0,8.0,0.4,0.05,7.594643368591445,5.925228850916539,0.0315,/Users/hojunsong/Desktop/SpillSinkSimulator/project/renders/fdm/P_d030_p08__hemi_view_th+50.0.png
P_d030_p08,hemi_view,60.0,0.008955745023605686,0.00044778702431358397,0.04999997466802597,0.0012896149419248104,0.0014087999006733298,0.005,0.3,30.0,8.0,0.4,0.05,7.594643368591445,5.925228850916539,0.0315,/Users/hojunsong/Desktop/SpillSinkSimulator/project/renders/fdm/P_d030_p08__hemi_view_th+60.0.png
P_d030_p08,hemi_view,70.0,0.017854999151378566,0.0008927496382966638,0.04999998211860657,0.001744317589327693,0.0019353159004822373,0.005,0.3,30.0,8.0,0.4,0.05,7.594643368591445,5.925228850916539,0.0315,/Users/hojunsong/Desktop/SpillSinkSimulator/project/renders/fdm/P_d030_p08__hemi_view_th+70.0.png
P_d030_p08,hemi_view,80.0,0.05490799182969161,0.0027453990187495947,0.049999989569187164,0.0034001239109784365,0.0035421799402683973,0.005,0.3,30.0,8.0,0.4,0.05,7.594643368591445,5.925228850916539,0.0315,/Users/hojunsong/Desktop/SpillSinkSimulator/project/renders/fdm/P_d030_p08__hemi_view_th+80.0.png
P_d030_p13,hemi_view,-80.0,0.08106442928168192,0.004053220618516207,0.049999989569187164,0.0045424276031553745,0.004600557032972574,0.005,0.3,30.0,13.0,0.4,0.03076923076923077,12.225122675735753,3.680944657456514,0.019384615384615386,/Users/hojunsong/Desktop/SpillSinkSimulator/project/renders/fdm/P_d030_p13__hemi_view_th-80.0.png
P_d030_p13,hemi_view,-70.0,0.0338358692759404,0.0016917928587645292,0.04999998211860657,0.0036147059872746468,0.003727502888068557,0.005,0.3,30.0,13.0,0.4,0.03076923076923077,12.225122675735753,3.680944657456514,0.019384615384615386,/Users/hojunsong/Desktop/SpillSinkSimulator/project/renders/fdm/P_d030_p13__hemi_view_th-70.0.png
P_d030_p13,hemi_view,-60.0,0.011050826647923976,0.0005525410524569452,0.04999997466802597,0.0019080538768321276,0.002220755210146308,0.005,0.3,30.0,13.0,0.4,0.03076923076923077,12.225122675735753,3.680944657456514,0.019384615384615386,/Users/hojunsong/Desktop/SpillSinkSimulator/project/renders/fdm/P_d030_p13__hemi_view_th-60.0.png
P_d030_p13,hemi_view,-50.0,0.005469103145978745,0.0002734550798777491,0.049999985843896866,0.001311688800342381,0.0014825857942923903,0.005,0.3,30.0,13.0,0.4,0.03076923076923077,12.225122675735753,3.680944657456514,0.019384615384615386,/Users/hojunsong/Desktop/SpillSinkSimulator/project/renders/fdm/P_d030_p13__hemi_view_th-50.0.png
P_d030_p13,hemi_view,-40.0,0.0037905648519069917,0.00018952817481476814,0.04999998211860657,0.0012373736826702952,0.0013669984182342887,0.005,0.3,30.0,13.0,0.4,0.03076923076923077,12.225122675735753,3.680944657456514,0.019384615384615386,/Users/hojunsong/Desktop/SpillSinkSimulator/project/renders/fdm/P_d030_p13__hemi_view_th-40.0.png
P_d030_p13,hemi_view,-30.0,0.003122939681050985,0.00015614693984389305,0.049999985843896866,0.001262239646166563,0.0013529943535104394,0.005,0.3,30.0,13.0,0.4,0.03076923076923077,12.225122675735753,3.680944657456514,0.019384615384615386,/Users/hojunsong/Desktop/SpillSinkSimulator/project/renders/fdm/P_d030_p13__hemi_view_th-30.0.png
P_d030_p13,hemi_view,-20.0,0.0027359362464393663,0.00013679676339961588,0.04999998211860657,0.0012692303862422705,0.0014181280275806785,0.005,0.3,30.0,13.0,0.4,0.03076923076923077,12.225122675735753,3.680944657456514,0.019384615384615386,/Users/hojunsong/Desktop/SpillSinkSimulator/project/renders/fdm/P_d030_p13__hemi_view_th-20.0.png
P_d030_p13,hemi_view,-10.0,0.003109763381472052,0.00015548810188192874,0.04999997839331627,0.001378790708258748,0.001561514101922512,0.005,0.3,30.0,13.0,0.4,0.03076923076923077,12.225122675735753,3.680944657456514,0.019384615384615386,/Users/hojunsong/Desktop/SpillSinkSimulator/project/renders/fdm/P_d030_p13__hemi_view_th-10.0.png
P_d030_p13,hemi_view,0.0,0.0032146981606445708,0.0001607348385732621,0.04999997839331627,0.00130192912183702,0.0014423731481656432,0.005,0.3,30.0,13.0,0.4,0.03076923076923077,12.225122675735753,3.680944657456514,0.019384615384615386,/Users/hojunsong/Desktop/SpillSinkSimulator/project/renders/fdm/P_d030_p13__hemi_view_th+00.0.png
P_d030_p13,hemi_view,10.0,0.00312215637991257,0.00015610775153618306,0.04999997839331627,0.001335798529908061,0.0015078969299793243,0.005,0.3,30.0,13.0,0.4,0.03076923076923077,12.225122675735753,3.680944657456514,0.019384615384615386,/Users/hojunsong/Desktop/SpillSinkSimulator/project/renders/fdm/P_d030_p13__hemi_view_th+10.0.png
P_d030_p13,hemi_view,20.0,0.002738449363098066,0.00013692241918761283,0.04999998211860657,0.0012617937754839659,0.001367106451652944,0.005,0.3,30.0,13.0,0.4,0.03076923076923077,12.225122675735753,3.680944657456514,0.019384615384615386,/Users/hojunsong/Desktop/SpillSinkSimulator/project/renders/fdm/P_d030_p13__hemi_view_th+20.0.png
P_d030_p13,hemi_view,30.0,0.003119145122561713,0.0001559572119731456,0.049999985843896866,0.0012351543409749866,0.0013791058445349336,0.005,0.3,30.0,13.0,0.4,0.03076923076923077,12.225122675735753,3.680944657456514,0.019384615384615386,/Users/hojunsong/Desktop/SpillSinkSimulator/project/renders/fdm/P_d030_p13__hemi_view_th+30.0.png
P_d030_p13,hemi_view,40.0,0.0037949086001561045,0.0001897453621495515,0.04999998211860657,0.0012500241864472628,0.001367112621665001,0.005,0.3,30.0,13.0,0.4,0.03076923076923077,12.225122675735753,3.680944657456514,0.019384615384615386,/Users/hojunsong/Desktop/SpillSinkSimulator/project/renders/fdm/P_d030_p13__hemi_view_th+40.0.png
P_d030_p13,hemi_view,50.0,0.005496049808151221,0.0002748024126049131,0.049999985843896866,0.0012930399971082807,0.0014467440778389573,0.005,0.3,30.0,13.0,0.4,0.03076923076923077,12.225122675735753,3.680944657456514,0.019384615384615386,/Users/hojunsong/Desktop/SpillSinkSimulator/project/renders/fdm/P_d030_p13__hemi_view_th+50.0.png
P_d030_p13,hemi_view,60.0,0.011203347094935198,0.0005601670709438622,0.04999997466802597,0.0018902980955317616,0.002321306150406599,0.005,0.3,30.0,13.0,0.4,0.03076923076923077,12.225122675735753,3.680944657456514,0.019384615384615386,/Users/hojunsong/Desktop/SpillSinkSimulator/project/renders/fdm/P_d030_p13__hemi_view_th+60.0.png
P_d030_p13,hemi_view,70.0,0.0341683329275249,0.001708416035398841,0.04999998211860657,0.003701562061905861,0.00384400668554008,0.005,0.3,30.0,13.0,0.4,0.03076923076923077,12.225122675735753,3.680944657456514,0.019384615384615386,/Users/hojunsong/Desktop/SpillSinkSimulator/project/renders/fdm/P_d030_p13__hemi_view_th+70.0.png
P_d030_p13,hemi_view,80.0,0.0814044272849259,0.00407022051513195,0.049999989569187164,0.004528512712568045,0.004618008621037006,0.005,0.3,30.0,13.0,0.4,0.03076923076923077,12.225122675735753,3.680944657456514,0.019384615384615386,/Users/hojunsong/Desktop/SpillSinkSimulator/project/renders/fdm/P_d030_p13__hemi_view_th+80.0.png
P_d030_p20,hemi_view,-80.0,0.09387504405156696,0.004693751223385334,0.049999989569187164,0.004841089714318514,0.004876400344073772,0.005,0.3,30.0,20.0,0.4,0.02,18.43494882292201,2.441015726826809,0.0126,/Users/hojunsong/Desktop/SpillSinkSimulator/project/renders/fdm/P_d030_p20__hemi_view_th-80.0.png
P_d030_p20,hemi_view,-70.0,0.07305825413611679,0.003652911400422454,0.04999998211860657,0.004682865925133228,0.004751329310238361,0.005,0.3,30.0,20.0,0.4,0.02,18.43494882292201,2.441015726826809,0.0126,/Users/hojunsong/Desktop/SpillSinkSimulator/project/renders/fdm/P_d030_p20__hemi_view_th-70.0.png
P_d030_p20,hemi_view,-60.0,0.032900192679562436,0.0016450088005512953,0.04999997466802597,0.0041803945787250996,0.004362769424915314,0.005,0.3,30.0,20.0,0.4,0.02,18.43494882292201,2.441015726826809,0.0126,/Users/hojunsong/Desktop/SpillSinkSimulator/project/renders/fdm/P_d030_p20__hemi_view_th-60.0.png
P_d030_p20,hemi_view,-50.0,0.011548938705471686,0.0005774467717856169,0.049999985843896866,0.002493558218702674,0.0029560544062405825,0.005,0.3,30.0,20.0,0.4,0.02,18.43494882292201,2.441015726826809,0.0126,/Users/hojunsong/Desktop/SpillSinkSimulator/project/renders/fdm/P_d030_p20__hemi_view_th-50.0.png
P_d030_p20,hemi_view,-40.0,0.004854162679052417,0.0002427080471534282,0.04999998211860657,0.001440611551515758,0.0017133386572822928,0.005,0.3,30.0,20.0,0.4,0.02,18.43494882292201,2.441015726826809,0.0126,/Users/hojunsong/Desktop/SpillSinkSimulator/project/renders/fdm/P_d030_p20__hemi_view_th-40.0.png
P_d030_p20,hemi_view,-30.0,0.003011965288908638,0.00015059822180774063,0.049999985843896866,0.0013045428786426783,0.0014732927083969116,0.005,0.3,30.0,20.0,0.4,0.02,18.43494882292201,2.441015726826809,0.0126,/Users/hojunsong/Desktop/SpillSinkSimulator/project/renders/fdm/P_d030_p20__hemi_view_th-30.0.png
P_d030_p20,hemi_view,-20.0,0.002450055620466693,0.00012250273721292615,0.04999998211860657,0.001317278016358614,0.0016080302884802222,0.005,0.3,30.0,20.0,0.4,0.02,18.43494882292201,2.441015726826809,0.0126,/Users/hojunsong/Desktop/SpillSinkSimulator/project/renders/fdm/P_d030_p20__hemi_view_th-20.0.png
P_d030_p20,hemi_view,-10.0,0.002760416274734914,0.00013802075409330428,0.04999997839331627,0.0013028306420892477,0.0014569475315511227,0.005,0.3,30.0,20.0,0.4,0.02,18.43494882292201,2.441015726826809,0.0126,/Users/hojunsong/Desktop/SpillSinkSimulator/project/renders/fdm/P_d030_p20__hemi_view_th-10.0.png
P_d030_p20,hemi_view,0.0,0.002618364200388071,0.00013091815344523638,0.04999997839331627,0.001224078587256372,0.001379593275487423,0.005,0.3,30.0,20.0,0.4,0.02,18.43494882292201,2.441015726826809,0.0126,/Users/hojunsong/Desktop/SpillSinkSimulator/project/renders/fdm/P_d030_p20__hemi_view_th+00.0.png
P_d030_p20,hemi_view,10.0,0.0027629043622758465,0.00013814515841659158,0.04999997839331627,0.001315674977377057,0.0014696602011099458,0.005,0.3,30.0,20.0,0.4,0.02,18.43494882292201,2.441015726826809,0.0126,/Users/hojunsong/Desktop/SpillSinkSimulator/project/renders/fdm/P_d030_p20__hemi_view_th+10.0.png
P_d030_p20,hemi_view,20.0,0.0024734108706841004,0.00012367049930617213,0.04999998211860657,0.001447376562282443,0.0016784140607342124,0.005,0.3,30.0,20.0,0.4,0.02,18.43494882292201,2.441015726826809,0.0126,/Users/hojunsong/Desktop/SpillSinkSimulator/project/renders/fdm/P_d030_p20__hemi_view_th+20.0.png
P_d030_p20,hemi_view,30.0,0.002952664762372233,0.00014763319632038474,0.049999985843896866,0.0012385168811306357,0.0013418056769296527,0.005,0.3,30.0,20.0,0.4,0.02,18.43494882292201,2.441015726826809,0.0126,/Users/hojunsong/Desktop/SpillSinkSimulator/project/renders/fdm/P_d030_p20__hemi_view_th+30.0.png
P_d030_p20,hemi_view,40.0,0.004700273501132638,0.00023501359100919217,0.04999998211860657,0.0013041805941611528,0.001435757614672184,0.005,0.3,30.0,20.0,0.4,0.02,18.43494882292201,2.441015726826809,0.0126,/Users/hojunsong/Desktop/SpillSinkSimulator/project/renders/fdm/P_d030_p20__hemi_view_th+40.0.png
P_d030_p20,hemi_view,50.0,0.010951464836714147,0.0005475730868056417,0.049999985843896866,0.0024534384720027447,0.0028984665405005217,0.005,0.3,30.0,20.0,0.4,0.02,18.43494882292201,2.441015726826809,0.0126,/Users/hojunsong/Desktop/SpillSinkSimulator/project/renders/fdm/P_d030_p20__hemi_view_th+50.0.png
P_d030_p20,hemi_view,60.0,0.031847224873388494,0.0015923604369163513,0.04999997466802597,0.004180950112640858,0.004349418915808201,0.005,0.3,30.0,20.0,0.4,0.02,18.43494882292201,2.441015726826809,0.0126,/Users/hojunsong/Desktop/SpillSinkSimulator/project/renders/fdm/P_d030_p20__hemi_view_th+60.0.png
P_d030_p20,hemi_view,70.0,0.07343259472224524,0.003671628423035145,0.04999998211860657,0.004686990287154913,0.00477700075134635,0.005,0.3,30.0,20.0,0.4,0.02,18.43494882292201,2.441015726826809,0.0126,/Users/hojunsong/Desktop/SpillSinkSimulator/project/renders/fdm/P_d030_p20__hemi_view_th+70.0.png
P_d030_p20,hemi_view,80.0,0.09393068127378133,0.0046965330839157104,0.049999989569187164,0.004836135543882847,0.004875069484114647,0.005,0.3,30.0,20.0,0.4,0.02,18.43494882292201,2.441015726826809,0.0126,/Users/hojunsong/Desktop/SpillSinkSimulator/project/renders/fdm/P_d030_p20__hemi_view_th+80.0.png
P_d050_p03,hemi_view,-80.0,0.04536862965912842,0.002268431009724736,0.049999989569187164,0.0026567685417830944,0.0028167807031422853,0.005,0.3,50.0,3.0,0.4,0.13333333333333333,1.7183580016554572,26.18779087748143,0.084,/Users/hojunsong/Desktop/SpillSinkSimulator/project/renders/fdm/P_d050_p03__hemi_view_th-80.0.png
P_d050_p03,hemi_view,-70.0,0.024299248429864084,0.0012149619869887829,0.04999998211860657,0.0015012461226433516,0.0015965685015544295,0.005,0.3,50.0,3.0,0.4,0.13333333333333333,1.7183580016554572,26.18779087748143,0.084,/Users/hojunsong/Desktop/SpillSinkSimulator/project/renders/fdm/P_d050_p03__hemi_view_th-70.0.png
P_d050_p03,hemi_view,-60.0,0.017233292455702178,0.000861664186231792,0.04999997466802597,0.0011832821182906628,0.0012608121614903212,0.005,0.3,50.0,3.0,0.4,0.13333333333333333,1.7183580016554572,26.18779087748143,0.084,/Users/hojunsong/Desktop/SpillSinkSimulator/project/renders/fdm/P_d050_p03__hemi_view_th-60.0.png
P_d050_p03,hemi_view,-50.0,0.013907236724905637,0.0006953616393730044,0.049999985843896866,0.0012029599165543914,0.0012732839677482843,0.005,0.3,50.0,3.0,0.4,0.13333333333333333,1.7183580016554572,26.18779087748143,0.084,/Users/hojunsong/Desktop/SpillSinkSimulator/project/renders/fdm/P_d050_p03__hemi_view_th-50.0.png
P_d050_p03,hemi_view,-40.0,0.011996591563048921,0.0005998293636366725,0.04999998211860657,0.001229737768881023,0.0013005409855395555,0.005,0.3,50.0,3.0,0.4,0.13333333333333333,1.7183580016554572,26.18779087748143,0.084,/Users/hojunsong/Desktop/SpillSinkSimulator/project/renders/fdm/P_d050_p03__hemi_view_th-40.0.png
P_d050_p03,hemi_view,-30.0,0.010854507144326505,0.0005427252035588026,0.049999985843896866,0.001248914166353643,0.001339395996183157,0.005,0.3,50.0,3.0,0.4,0.13333333333333333,1.7183580016554572,26.18779087748143,0.084,/Users/hojunsong/Desktop/SpillSinkSimulator/project/renders/fdm/P_d050_p03__hemi_view_th-30.0.png
P_d050_p03,hemi_view,-20.0,0.010245057227184972,0.0005122526781633496,0.04999998211860657,0.0012753255432471633,0.0013546020491048694,0.005,0.3,50.0,3.0,0.4,0.13333333333333333,1.7183580016554572,26.18779087748143,0.084,/Users/hojunsong/Desktop/SpillSinkSimulator/project/renders/fdm/P_d050_p03__hemi_view_th-20.0.png
P_d050_p03,hemi_view,-10.0,0.009918023927102892,0.0004959009820595384,0.04999997839331627,0.0012998691527172923,0.001408349722623825,0.005,0.3,50.0,3.0,0.4,0.13333333333333333,1.7183580016554572,26.18779087748143,0.084,/Users/hojunsong/Desktop/SpillSinkSimulator/project/renders/fdm/P_d050_p03__hemi_view_th-10.0.png
P_d050_p03,hemi_view,0.0,0.009946723808795072,0.0004973359755240381,0.04999997839331627,0.0013233041390776634,0.0014201700687408447,0.005,0.3,50.0,3.0,0.4,0.13333333333333333,1.7183580016554572,26.18779087748143,0.084,/Users/hojunsong/Desktop/SpillSinkSimulator/project/renders/fdm/P_d050_p03__hemi_view_th+00.0.png
P_d050_p03,hemi_view,10.0,0.009910383586229742,0.0004955189651809633,0.04999997839331627,0.0013007870875298977,0.0013919410994276404,0.005,0.3,50.0,3.0,0.4,0.13333333333333333,1.7183580016554572,26.18779087748143,0.084,/Users/hojunsong/Desktop/SpillSinkSimulator/project/renders/fdm/P_d050_p03__hemi_view_th+10.0.png
P_d050_p03,hemi_view,20.0,0.010244939647667877,0.0005122467991895974,0.04999998211860657,0.0012805955484509468,0.0013655956136062741,0.005,0.3,50.0,3.0,0.4,0.13333333333333333,1.7183580016554572,26.18779087748143,0.084,/Users/hojunsong/Desktop/SpillSinkSimulator/project/renders/fdm/P_d050_p03__hemi_view_th+20.0.png
P_d050_p03,hemi_view,30.0,0.010956591768938952,0.0005478294333443046,0.049999985843896866,0.0012622424401342869,0.0013381770113483071,0.005,0.3,50.0,3.0,0.4,0.13333333333333333,1.7183580016554572,26.18779087748143,0.084,/Users/hojunsong/Desktop/SpillSinkSimulator/project/renders/fdm/P_d050_p03__hemi_view_th+30.0.png
P_d050_p03,hemi_view,40.0,0.011957269945732932,0.0005978632834739983,0.04999998211860657,0.0012228889390826225,0.0013113016029819846,0.005,0.3,50.0,3.0,0.4,0.13333333333333333,1.7183580016554572,26.18779087748143,0.084,/Users/hojunsong/Desktop/SpillSinkSimulator/project/renders/fdm/P_d050_p03__hemi_view_th+40.0.png
P_d050_p03,hemi_view,50.0,0.013833792605877809,0.0006916894344612956,0.049999985843896866,0.0011963226133957505,0.001299445633776486,0.005,0.3,50.0,3.0,0.4,0.13333333333333333,1.7183580016554572,26.18779087748143,0.084,/Users/hojunsong/Desktop/SpillSinkSimulator/project/renders/fdm/P_d050_p03__hemi_view_th+50.0.png
P_d050_p03,hemi_view,60.0,0.0171813129881716,0.0008590652141720057,0.04999997466802597,0.0011829460272565484,0.0012473886599764228,0.005,0.3,50.0,3.0,0.4,0.13333333333333333,1.7183580016554572,26.18779087748143,0.084,/Users/hojunsong/Desktop/SpillSinkSimulator/project/renders/fdm/P_d050_p03__hemi_view_th+60.0.png
P_d050_p03,hemi_view,70.0,0.024359002107620993,0.0012179496698081493,0.04999998211860657,0.0015031560324132442,0.0015960404416546226,0.005,0.3,50.0,3.0,0.4,0.13333333333333333,1.7183580016554572,26.18779087748143,0.084,/Users/hojunsong/Desktop/SpillSinkSimulator/project/renders/fdm/P_d050_p03__hemi_view_th+70.0.png
P_d050_p03,hemi_view,80.0,0.04541452058856619,0.002270725555717945,0.049999989569187164,0.002668395172804594,0.0028034846764057875,0.005,0.3,50.0,3.0,0.4,0.13333333333333333,1.7183580016554572,26.18779087748143,0.084,/Users/hojunsong/Desktop/SpillSinkSimulator/project/renders/fdm/P_d050_p03__hemi_view_th+80.0.png
P_d050_p05,hemi_view,-80.0,0.03446128472623208,0.0017230638768523932,0.049999989569187164,0.0019509521080181003,0.0020785480737686157,0.005,0.3,50.0,5.0,0.4,0.08,2.862405226111748,15.72104452210192,0.0504,/Users/hojunsong/Desktop/SpillSinkSimulator/project/renders/fdm/P_d050_p05__hemi_view_th-80.0.png
P_d050_p05,hemi_view,-70.0,0.016211975575795977,0.0008105984888970852,0.04999998211860657,0.0012353983474895358,0.0013263508444651961,0.005,0.3,50.0,5.0,0.4,0.08,2.862405226111748,15.72104452210192,0.0504,/Users/hojunsong/Desktop/SpillSinkSimulator/project/renders/fdm/P_d050_p05__hemi_view_th-70.0.png
P_d050_p05,hemi_view,-60.0,0.010934847824794442,0.000546742114238441,0.04999997466802597,0.001183841610327363,0.0012482153251767159,0.005,0.3,50.0,5.0,0.4,0.08,2.862405226111748,15.72104452210192,0.0504,/Users/hojunsong/Desktop/SpillSinkSimulator/project/renders/fdm/P_d050_p05__hemi_view_th-60.0.png
P_d050_p05,hemi_view,-50.0,0.008525452079938196,0.0004262724833097309,0.049999985843896866,0.0011969696497544646,0.0012974543496966362,0.005,0.3,50.0,5.0,0.4,0.08,2.862405226111748,15.72104452210192,0.0504,/Users/hojunsong/Desktop/SpillSinkSimulator/project/renders/fdm/P_d050_p05__hemi_view_th-50.0.png
P_d050_p05,hemi_view,-40.0,0.007318851710706071,0.00036594245466403663,0.04999998211860657,0.0012354125501587987,0.001338943256996572,0.005,0.3,50.0,5.0,0.4,0.08,2.862405226111748,15.72104452210192,0.0504,/Users/hojunsong/Desktop/SpillSinkSimulator/project/renders/fdm/P_d050_p05__hemi_view_th-40.0.png
P_d050_p05,hemi_view,-30.0,0.006462549874200636,0.0003231274022255093,0.049999985843896866,0.0012355251237750053,0.0013252716744318604,0.005,0.3,50.0,5.0,0.4,0.08,2.862405226111748,15.72104452210192,0.0504,/Users/hojunsong/Desktop/SpillSinkSimulator/project/renders/fdm/P_d050_p05__hemi_view_th-30.0.png
P_d050_p05,hemi_view,-20.0,0.006110158140119841,0.0003055077977478504,0.04999998211860657,0.0012738325167447329,0.0013600466772913933,0.005,0.3,50.0,5.0,0.4,0.08,2.862405226111748,15.72104452210192,0.0504,/Users/hojunsong/Desktop/SpillSinkSimulator/project/renders/fdm/P_d050_p05__hemi_view_th-20.0.png
P_d050_p05,hemi_view,-10.0,0.005841433499404363,0.000292071548756212,0.04999997839331627,0.001274865702725947,0.0013909605331718922,0.005,0.3,50.0,5.0,0.4,0.08,2.862405226111748,15.72104452210192,0.0504,/Users/hojunsong/Desktop/SpillSinkSimulator/project/renders/fdm/P_d050_p05__hemi_view_th-10.0.png
P_d050_p05,hemi_view,0.0,0.006157773064641936,0.0003078885201830417,0.04999997839331627,0.0013387920334935188,0.0014177127741277218,0.005,0.3,50.0,5.0,0.4,0.08,2.862405226111748,15.72104452210192,0.0504,/Users/hojunsong/Desktop/SpillSinkSimulator/project/renders/fdm/P_d050_p05__hemi_view_th+00.0.png
P_d050_p05,hemi_view,10.0,0.005858504649574083,0.0002929251058958471,0.04999997839331627,0.001287919469177723,0.0013795951381325722,0.005,0.3,50.0,5.0,0.4,0.08,2.862405226111748,15.72104452210192,0.0504,/Users/hojunsong/Desktop/SpillSinkSimulator/project/renders/fdm/P_d050_p05__hemi_view_th+10.0.png
P_d050_p05,hemi_view,20.0,0.006139968040164306,0.0003069982922170311,0.04999998211860657,0.0012752771144732833,0.001379039022140205,0.005,0.3,50.0,5.0,0.4,0.08,2.862405226111748,15.72104452210192,0.0504,/Users/hojunsong/Desktop/SpillSinkSimulator/project/renders/fdm/P_d050_p05__hemi_view_th+20.0.png
P_d050_p05,hemi_view,30.0,0.0064472517324281175,0.0003223624953534454,0.049999985843896866,0.001235945732332766,0.0013259275583550334,0.005,0.3,50.0,5.0,0.4,0.08,2.862405226111748,15.72104452210192,0.0504,/Users/hojunsong/Desktop/SpillSinkSimulator/project/renders/fdm/P_d050_p05__hemi_view_th+30.0.png
P_d050_p05,hemi_view,40.0,0.0073227708339169625,0.0003661384107545018,0.04999998211860657,0.0012350516626611352,0.0013105915859341621,0.005,0.3,50.0,5.0,0.4,0.08,2.862405226111748,15.72104452210192,0.0504,/Users/hojunsong/Desktop/SpillSinkSimulator/project/renders/fdm/P_d050_p05__hemi_view_th+40.0.png
P_d050_p05,hemi_view,50.0,0.008573310432291004,0.00042866540024988353,0.049999985843896866,0.0011956081725656986,0.0012744264677166939,0.005,0.3,50.0,5.0,0.4,0.08,2.862405226111748,15.72104452210192,0.0504,/Users/hojunsong/Desktop/SpillSinkSimulator/project/renders/fdm/P_d050_p05__hemi_view_th+50.0.png
P_d050_p05,hemi_view,60.0,0.010992729552131963,0.0005496361991390586,0.04999997466802597,0.0011926288716495037,0.0012607312528416514,0.005,0.3,50.0,5.0,0.4,0.08,2.862405226111748,15.72104452210192,0.0504,/Users/hojunsong/Desktop/SpillSinkSimulator/project/renders/fdm/P_d050_p05__hemi_view_th+60.0.png
P_d050_p05,hemi_view,70.0,0.016267857278564196,0.0008133925730362535,0.04999998211860657,0.0012384686851873994,0.0013391155516728759,0.005,0.3,50.0,5.0,0.4,0.08,2.862405226111748,15.72104452210192,0.0504,/Users/hojunsong/Desktop/SpillSinkSimulator/project/renders/fdm/P_d050_p05__hemi_view_th+70.0.png
P_d050_p05,hemi_view,80.0,0.03440238554601964,0.0017201189184561372,0.049999989569187164,0.0019342665327712893,0.0020415601320564747,0.005,0.3,50.0,5.0,0.4,0.08,2.862405226111748,15.72104452210192,0.0504,/Users/hojunsong/Desktop/SpillSinkSimulator/project/renders/fdm/P_d050_p05__hemi_view_th+80.0.png
P_d050_p08,hemi_view,-80.0,0.035233330346891654,0.0017616661498323083,0.049999989569187164,0.0022006791550666094,0.0024198112078011036,0.005,0.3,50.0,8.0,0.4,0.05,4.573921259900861,9.838385368482571,0.0315,/Users/hojunsong/Desktop/SpillSinkSimulator/project/renders/fdm/P_d050_p08__hemi_view_th-80.0.png
P_d050_p08,hemi_view,-70.0,0.013392345414180903,0.0006696170312352479,0.04999998211860657,0.0013626995496451855,0.0014845154946669936,0.005,0.3,50.0,8.0,0.4,0.05,4.573921259900861,9.838385368482571,0.0315,/Users/hojunsong/Desktop/SpillSinkSimulator/project/renders/fdm/P_d050_p08__hemi_view_th-70.0.png
P_d050_p08,hemi_view,-60.0,0.007902621220821462,0.0003951308608520776,0.04999997466802597,0.0011949341278523207,0.001272108987905085,0.005,0.3,50.0,8.0,0.4,0.05,4.573921259900861,9.838385368482571,0.0315,/Users/hojunsong/Desktop/SpillSinkSimulator/project/renders/fdm/P_d050_p08__hemi_view_th-60.0.png
P_d050_p08,hemi_view,-50.0,0.005887038926277155,0.00029435186297632754,0.049999985843896866,0.0012081842869520187,0.001287928782403469,0.005,0.3,50.0,8.0,0.4,0.05,4.573921259900861,9.838385368482571,0.0315,/Users/hojunsong/Desktop/SpillSinkSimulator/project/renders/fdm/P_d050_p08__hemi_view_th-50.0.png
P_d050_p08,hemi_view,-40.0,0.004908652636150469,0.0002454325440339744,0.04999998211860657,0.0012350063771009445,0.001336687826551497,0.005,0.3,50.0,8.0,0.4,0.05,4.573921259900861,9.838385368482571,0.0315,/Users/hojunsong/Desktop/SpillSinkSimulator/project/renders/fdm/P_d050_p08__hemi_view_th-40.0.png
P_d050_p08,hemi_view,-30.0,0.004325686083183223,0.00021628424292430282,0.049999985843896866,0.0012482325546443462,0.001339691341854632,0.005,0.3,50.0,8.0,0.4,0.05,4.573921259900861,9.838385368482571,0.0315,/Users/hojunsong/Desktop/SpillSinkSimulator/project/renders/fdm/P_d050_p08__hemi_view_th-30.0.png
P_d050_p08,hemi_view,-20.0,0.00404306773798355,0.00020215331460349262,0.04999998211860657,0.0012751970207318664,0.001374756800942123,0.005,0.3,50.0,8.0,0.4,0.05,4.573921259900861,9.838385368482571,0.0315,/Users/hojunsong/Desktop/SpillSinkSimulator/project/renders/fdm/P_d050_p08__hemi_view_th-20.0.png
P_d050_p08,hemi_view,-10.0,0.003907429578758147,0.00019537139451131225,0.04999997839331627,0.001301341224461794,0.0013919685734435916,0.005,0.3,50.0,8.0,0.4,0.05,4.573921259900861,9.838385368482571,0.0315,/Users/hojunsong/Desktop/SpillSinkSimulator/project/renders/fdm/P_d050_p08__hemi_view_th-10.0.png
P_d050_p08,hemi_view,0.0,0.0042414185875265156,0.0002120708377333358,0.04999997839331627,0.0013112808810546994,0.0014378129271790385,0.005,0.3,50.0,8.0,0.4,0.05,4.573921259900861,9.838385368482571,0.0315,/Users/hojunsong/Desktop/SpillSinkSimulator/project/renders/fdm/P_d050_p08__hemi_view_th+00.0.png
P_d050_p08,hemi_view,10.0,0.003910703761099414,0.00019553510355763137,0.04999997839331627,0.001297398586757481,0.001401658053509891,0.005,0.3,50.0,8.0,0.4,0.05,4.573921259900861,9.838385368482571,0.0315,/Users/hojunsong/Desktop/SpillSinkSimulator/project/renders/fdm/P_d050_p08__hemi_view_th+10.0.png
P_d050_p08,hemi_view,20.0,0.004029225369191302,0.00020146119641140103,0.04999998211860657,0.0012611150741577148,0.0013532129814848304,0.005,0.3,50.0,8.0,0.4,0.05,4.573921259900861,9.838385368482571,0.0315,/Users/hojunsong/Desktop/SpillSinkSimulator/project/renders/fdm/P_d050_p08__hemi_view_th+20.0.png
P_d050_p08,hemi_view,30.0,0.004322977097877337,0.00021614879369735718,0.049999985843896866,0.0012166898231953382,0.0013260705163702369,0.005,0.3,50.0,8.0,0.4,0.05,4.573921259900861,9.838385368482571,0.0315,/Users/hojunsong/Desktop/SpillSinkSimulator/project/renders/fdm/P_d050_p08__hemi_view_th+30.0.png
P_d050_p08,hemi_view,40.0,0.004903799861724625,0.0002451899053994566,0.04999998211860657,0.0012225555256009102,0.0013374625705182552,0.005,0.3,50.0,8.0,0.4,0.05,4.573921259900861,9.838385368482571,0.0315,/Users/hojunsong/Desktop/SpillSinkSimulator/project/renders/fdm/P_d050_p08__hemi_view_th+40.0.png
P_d050_p08,hemi_view,50.0,0.005887736254252327,0.0002943867293652147,0.049999985843896866,0.0011962404241785407,0.0013132932363077998,0.005,0.3,50.0,8.0,0.4,0.05,4.573921259900861,9.838385368482571,0.0315,/Users/hojunsong/Desktop/SpillSinkSimulator/project/renders/fdm/P_d050_p08__hemi_view_th+50.0.png
P_d050_p08,hemi_view,60.0,0.007905497262804314,0.0003952746628783643,0.04999997466802597,0.0012150346301496029,0.0013267170870676637,0.005,0.3,50.0,8.0,0.4,0.05,4.573921259900861,9.838385368482571,0.0315,/Users/hojunsong/Desktop/SpillSinkSimulator/project/renders/fdm/P_d050_p08__hemi_view_th+60.0.png
P_d050_p08,hemi_view,70.0,0.013250860002199412,0.0006625427631661296,0.04999998211860657,0.0013496424071490765,0.0014836451737210155,0.005,0.3,50.0,8.0,0.4,0.05,4.573921259900861,9.838385368482571,0.0315,/Users/hojunsong/Desktop/SpillSinkSimulator/project/renders/fdm/P_d050_p08__hemi_view_th+70.0.png
P_d050_p08,hemi_view,80.0,0.0352056397926652,0.0017602816224098206,0.049999989569187164,0.002167642815038562,0.002343622501939535,0.005,0.3,50.0,8.0,0.4,0.05,4.573921259900861,9.838385368482571,0.0315,/Users/hojunsong/Desktop/SpillSinkSimulator/project/renders/fdm/P_d050_p08__hemi_view_th+80.0.png
P_d050_p13,hemi_view,-80.0,0.05126369323867121,0.0025631841272115707,0.049999989569187164,0.0033705185633152723,0.0035156949888914824,0.005,0.3,50.0,13.0,0.4,0.03076923076923077,7.40691212849523,6.0754062177786485,0.019384615384615386,/Users/hojunsong/Desktop/SpillSinkSimulator/project/renders/fdm/P_d050_p13__hemi_view_th-80.0.png
P_d050_p13,hemi_view,-70.0,0.014647150528156946,0.000732357264496386,0.04999998211860657,0.0018400801345705986,0.0020734237041324377,0.005,0.3,50.0,13.0,0.4,0.03076923076923077,7.40691212849523,6.0754062177786485,0.019384615384615386,/Users/hojunsong/Desktop/SpillSinkSimulator/project/renders/fdm/P_d050_p13__hemi_view_th-70.0.png
P_d050_p13,hemi_view,-60.0,0.006584053469565778,0.0003292025066912174,0.04999997466802597,0.0012729709269478917,0.0014067344600334764,0.005,0.3,50.0,13.0,0.4,0.03076923076923077,7.40691212849523,6.0754062177786485,0.019384615384615386,/Users/hojunsong/Desktop/SpillSinkSimulator/project/renders/fdm/P_d050_p13__hemi_view_th-60.0.png
P_d050_p13,hemi_view,-50.0,0.004294589795689376,0.00021472942898981273,0.049999985843896866,0.0012223504018038511,0.0013145514531061053,0.005,0.3,50.0,13.0,0.4,0.03076923076923077,7.40691212849523,6.0754062177786485,0.019384615384615386,/Users/hojunsong/Desktop/SpillSinkSimulator/project/renders/fdm/P_d050_p13__hemi_view_th-50.0.png
P_d050_p13,hemi_view,-40.0,0.0033651129735665225,0.0001682555885054171,0.04999998211860657,0.0012084345798939466,0.0013243242865428329,0.005,0.3,50.0,13.0,0.4,0.03076923076923077,7.40691212849523,6.0754062177786485,0.019384615384615386,/Users/hojunsong/Desktop/SpillSinkSimulator/project/renders/fdm/P_d050_p13__hemi_view_th-40.0.png
P_d050_p13,hemi_view,-30.0,0.002922505327446032,0.00014612522500101477,0.049999985843896866,0.0012492422247305512,0.0013407334918156266,0.005,0.3,50.0,13.0,0.4,0.03076923076923077,7.40691212849523,6.0754062177786485,0.019384615384615386,/Users/hojunsong/Desktop/SpillSinkSimulator/project/renders/fdm/P_d050_p13__hemi_view_th-30.0.png
P_d050_p13,hemi_view,-20.0,0.0026328754713984028,0.00013164372649043798,0.04999998211860657,0.0012621470959857106,0.0013917908072471619,0.005,0.3,50.0,13.0,0.4,0.03076923076923077,7.40691212849523,6.0754062177786485,0.019384615384615386,/Users/hojunsong/Desktop/SpillSinkSimulator/project/renders/fdm/P_d050_p13__hemi_view_th-20.0.png
P_d050_p13,hemi_view,-10.0,0.0025068813475714485,0.00012534401321318,0.04999997839331627,0.0012648083502426744,0.0014034885680302978,0.005,0.3,50.0,13.0,0.4,0.03076923076923077,7.40691212849523,6.0754062177786485,0.019384615384615386,/Users/hojunsong/Desktop/SpillSinkSimulator/project/renders/fdm/P_d050_p13__hemi_view_th-10.0.png
P_d050_p13,hemi_view,0.0,0.0029603154385335405,0.0001480157079640776,0.04999997839331627,0.0013137762434780598,0.001441225060261786,0.005,0.3,50.0,13.0,0.4,0.03076923076923077,7.40691212849523,6.0754062177786485,0.019384615384615386,/Users/hojunsong/Desktop/SpillSinkSimulator/project/renders/fdm/P_d050_p13__hemi_view_th+00.0.png
P_d050_p13,hemi_view,10.0,0.0025101898724474952,0.00012550943938549608,0.04999997839331627,0.0012604224029928446,0.0013902712380513549,0.005,0.3,50.0,13.0,0.4,0.03076923076923077,7.40691212849523,6.0754062177786485,0.019384615384615386,/Users/hojunsong/Desktop/SpillSinkSimulator/project/renders/fdm/P_d050_p13__hemi_view_th+10.0.png
P_d050_p13,hemi_view,20.0,0.00263253961307482,0.00013162693358026445,0.04999998211860657,0.001249629887752235,0.0013668242609128356,0.005,0.3,50.0,13.0,0.4,0.03076923076923077,7.40691212849523,6.0754062177786485,0.019384615384615386,/Users/hojunsong/Desktop/SpillSinkSimulator/project/renders/fdm/P_d050_p13__hemi_view_th+20.0.png
P_d050_p13,hemi_view,30.0,0.0029193880152832315,0.00014596935943700373,0.049999985843896866,0.001222632941789925,0.001340612187050283,0.005,0.3,50.0,13.0,0.4,0.03076923076923077,7.40691212849523,6.0754062177786485,0.019384615384615386,/Users/hojunsong/Desktop/SpillSinkSimulator/project/renders/fdm/P_d050_p13__hemi_view_th+30.0.png
P_d050_p13,hemi_view,40.0,0.0033647791525118,0.00016823889745865017,0.04999998211860657,0.0012233270099386573,0.0013401000760495663,0.005,0.3,50.0,13.0,0.4,0.03076923076923077,7.40691212849523,6.0754062177786485,0.019384615384615386,/Users/hojunsong/Desktop/SpillSinkSimulator/project/renders/fdm/P_d050_p13__hemi_view_th+40.0.png
P_d050_p13,hemi_view,50.0,0.004308468834287045,0.0002154233807232231,0.049999985843896866,0.001197291538119316,0.0013088379055261612,0.005,0.3,50.0,13.0,0.4,0.03076923076923077,7.40691212849523,6.0754062177786485,0.019384615384615386,/Users/hojunsong/Desktop/SpillSinkSimulator/project/renders/fdm/P_d050_p13__hemi_view_th+50.0.png
P_d050_p13,hemi_view,60.0,0.006686329620297359,0.00033431631163693964,0.04999997466802597,0.001291867345571518,0.0014080911641940475,0.005,0.3,50.0,13.0,0.4,0.03076923076923077,7.40691212849523,6.0754062177786485,0.019384615384615386,/Users/hojunsong/Desktop/SpillSinkSimulator/project/renders/fdm/P_d050_p13__hemi_view_th+60.0.png
P_d050_p13,hemi_view,70.0,0.014819292761952077,0.0007409643731079996,0.04999998211860657,0.0017215582774952054,0.0019387950887903571,0.005,0.3,50.0,13.0,0.4,0.03076923076923077,7.40691212849523,6.0754062177786485,0.019384615384615386,/Users/hojunsong/Desktop/SpillSinkSimulator/project/renders/fdm/P_d050_p13__hemi_view_th+70.0.png
P_d050_p13,hemi_view,80.0,0.05136915622902195,0.0025684572756290436,0.049999989569187164,0.0035165969748049974,0.003699491498991847,0.005,0.3,50.0,13.0,0.4,0.03076923076923077,7.40691212849523,6.0754062177786485,0.019384615384615386,/Users/hojunsong/Desktop/SpillSinkSimulator/project/renders/fdm/P_d050_p13__hemi_view_th+80.0.png
P_d050_p20,hemi_view,-80.0,0.07814237615456084,0.003907117992639542,0.049999989569187164,0.004478978458791971,0.0045431675389409065,0.005,0.3,50.0,20.0,0.4,0.02,11.309932474020215,3.9788035961636785,0.0126,/Users/hojunsong/Desktop/SpillSinkSimulator/project/renders/fdm/P_d050_p20__hemi_view_th-80.0.png
P_d050_p20,hemi_view,-70.0,0.029642694986234303,0.0014821342192590237,0.04999998211860657,0.003463229164481163,0.0036556439008563757,0.005,0.3,50.0,20.0,0.4,0.02,11.309932474020215,3.9788035961636785,0.0126,/Users/hojunsong/Desktop/SpillSinkSimulator/project/renders/fdm/P_d050_p20__hemi_view_th-70.0.png
P_d050_p20,hemi_view,-60.0,0.009106222962760637,0.0004553109174594283,0.04999997466802597,0.0017352927243337035,0.002049697795882821,0.005,0.3,50.0,20.0,0.4,0.02,11.309932474020215,3.9788035961636785,0.0126,/Users/hojunsong/Desktop/SpillSinkSimulator/project/renders/fdm/P_d050_p20__hemi_view_th-60.0.png
P_d050_p20,hemi_view,-50.0,0.004348471478498848,0.00021742351236753166,0.049999985843896866,0.0012928069336339831,0.001446507521905005,0.005,0.3,50.0,20.0,0.4,0.02,11.309932474020215,3.9788035961636785,0.0126,/Users/hojunsong/Desktop/SpillSinkSimulator/project/renders/fdm/P_d050_p20__hemi_view_th-50.0.png
P_d050_p20,hemi_view,-40.0,0.0029014241780591053,0.00014507115702144802,0.04999998211860657,0.0012052026577293873,0.0013406132347881794,0.005,0.3,50.0,20.0,0.4,0.02,11.309932474020215,3.9788035961636785,0.0126,/Users/hojunsong/Desktop/SpillSinkSimulator/project/renders/fdm/P_d050_p20__hemi_view_th-40.0.png
P_d050_p20,hemi_view,-30.0,0.002308654146577102,0.00011543267464730889,0.049999985843896866,0.0012490702793002129,0.0013658705865964293,0.005,0.3,50.0,20.0,0.4,0.02,11.309932474020215,3.9788035961636785,0.0126,/Users/hojunsong/Desktop/SpillSinkSimulator/project/renders/fdm/P_d050_p20__hemi_view_th-30.0.png
P_d050_p20,hemi_view,-20.0,0.002010933959110305,0.00010054666199721396,0.04999998211860657,0.0012581567279994488,0.0013797212159261107,0.005,0.3,50.0,20.0,0.4,0.02,11.309932474020215,3.9788035961636785,0.0126,/Users/hojunsong/Desktop/SpillSinkSimulator/project/renders/fdm/P_d050_p20__hemi_view_th-20.0.png
P_d050_p20,hemi_view,-10.0,0.0021981214416943013,0.00010990602459060028,0.04999997839331627,0.00131411908660084,0.0014831917360424995,0.005,0.3,50.0,20.0,0.4,0.02,11.309932474020215,3.9788035961636785,0.0126,/Users/hojunsong/Desktop/SpillSinkSimulator/project/renders/fdm/P_d050_p20__hemi_view_th-10.0.png
P_d050_p20,hemi_view,0.0,0.002314930734343697,0.00011574648669920862,0.04999997839331627,0.0012232183944433928,0.0013783364556729794,0.005,0.3,50.0,20.0,0.4,0.02,11.309932474020215,3.9788035961636785,0.0126,/Users/hojunsong/Desktop/SpillSinkSimulator/project/renders/fdm/P_d050_p20__hemi_view_th+00.0.png
P_d050_p20,hemi_view,10.0,0.0022100985462178715,0.00011050487955799326,0.04999997839331627,0.0013117847265675664,0.001454923185519874,0.005,0.3,50.0,20.0,0.4,0.02,11.309932474020215,3.9788035961636785,0.0126,/Users/hojunsong/Desktop/SpillSinkSimulator/project/renders/fdm/P_d050_p20__hemi_view_th+10.0.png
P_d050_p20,hemi_view,20.0,0.0019921874476130867,9.960933675756678e-05,0.04999998211860657,0.0012358862441033125,0.001379473484121263,0.005,0.3,50.0,20.0,0.4,0.02,11.309932474020215,3.9788035961636785,0.0126,/Users/hojunsong/Desktop/SpillSinkSimulator/project/renders/fdm/P_d050_p20__hemi_view_th+20.0.png
P_d050_p20,hemi_view,30.0,0.0022871836626937926,0.0001143591507570818,0.049999985843896866,0.0011844842229038477,0.0013272067299112678,0.005,0.3,50.0,20.0,0.4,0.02,11.309932474020215,3.9788035961636785,0.0126,/Users/hojunsong/Desktop/SpillSinkSimulator/project/renders/fdm/P_d050_p20__hemi_view_th+30.0.png
P_d050_p20,hemi_view,40.0,0.002862776023620733,0.00014313874999061227,0.04999998211860657,0.0012151803821325302,0.0013404485071077943,0.005,0.3,50.0,20.0,0.4,0.02,11.309932474020215,3.9788035961636785,0.0126,/Users/hojunsong/Desktop/SpillSinkSimulator/project/renders/fdm/P_d050_p20__hemi_view_th+40.0.png
P_d050_p20,hemi_view,50.0,0.0042766618310522255,0.00021383303101174533,0.049999985843896866,0.0012380324769765139,0.0014862790703773499,0.005,0.3,50.0,20.0,0.4,0.02,11.309932474020215,3.9788035961636785,0.0126,/Users/hojunsong/Desktop/SpillSinkSimulator/project/renders/fdm/P_d050_p20__hemi_view_th+50.0.png
P_d050_p20,hemi_view,60.0,0.008862482915810035,0.0004431239212863147,0.04999997466802597,0.0016610861057415605,0.0019594798795878887,0.005,0.3,50.0,20.0,0.4,0.02,11.309932474020215,3.9788035961636785,0.0126,/Users/hojunsong/Desktop/SpillSinkSimulator/project/renders/fdm/P_d050_p20__hemi_view_th+60.0.png
P_d050_p20,hemi_view,70.0,0.028829331109731595,0.0014414660399779677,0.04999998211860657,0.0033027310855686665,0.0034250635653734207,0.005,0.3,50.0,20.0,0.4,0.02,11.309932474020215,3.9788035961636785,0.0126,/Users/hojunsong/Desktop/SpillSinkSimulator/project/renders/fdm/P_d050_p20__hemi_view_th+70.0.png
P_d050_p20,hemi_view,80.0,0.07832960928402141,0.003916479647159576,0.049999989569187164,0.004487902857363224,0.004563851282000542,0.005,0.3,50.0,20.0,0.4,0.02,11.309932474020215,3.9788035961636785,0.0126,/Users/hojunsong/Desktop/SpillSinkSimulator/project/renders/fdm/P_d050_p20__hemi_view_th+80.0.png
P_d080_p03,hemi_view,-80.0,0.04473665265460517,0.0022368321660906076,0.049999989569187164,0.0026375919114798307,0.0027922193985432386,0.005,0.3,80.0,3.0,0.4,0.13333333333333333,1.0741699983726205,41.89281032627564,0.084,/Users/hojunsong/Desktop/SpillSinkSimulator/project/renders/fdm/P_d080_p03__hemi_view_th-80.0.png
P_d080_p03,hemi_view,-70.0,0.024134597524707625,0.0012067294446751475,0.04999998211860657,0.001493053394369781,0.0015965173952281475,0.005,0.3,80.0,3.0,0.4,0.13333333333333333,1.0741699983726205,41.89281032627564,0.084,/Users/hojunsong/Desktop/SpillSinkSimulator/project/renders/fdm/P_d080_p03__hemi_view_th-70.0.png
P_d080_p03,hemi_view,-60.0,0.01717434552763027,0.0008587168413214386,0.04999997466802597,0.0011825698893517256,0.0012608146062120795,0.005,0.3,80.0,3.0,0.4,0.13333333333333333,1.0741699983726205,41.89281032627564,0.084,/Users/hojunsong/Desktop/SpillSinkSimulator/project/renders/fdm/P_d080_p03__hemi_view_th-60.0.png
P_d080_p03,hemi_view,-50.0,0.013880659099407834,0.00069403275847435,0.049999985843896866,0.0011968226172029972,0.0012617453467100859,0.005,0.3,80.0,3.0,0.4,0.13333333333333333,1.0741699983726205,41.89281032627564,0.084,/Users/hojunsong/Desktop/SpillSinkSimulator/project/renders/fdm/P_d080_p03__hemi_view_th-50.0.png
P_d080_p03,hemi_view,-40.0,0.011983145588569255,0.000599157065153122,0.04999998211860657,0.0012235193280503154,0.0013005398213863373,0.005,0.3,80.0,3.0,0.4,0.13333333333333333,1.0741699983726205,41.89281032627564,0.084,/Users/hojunsong/Desktop/SpillSinkSimulator/project/renders/fdm/P_d080_p03__hemi_view_th-40.0.png
P_d080_p03,hemi_view,-30.0,0.010846799283686077,0.0005423398106358945,0.049999985843896866,0.0012488467618823051,0.0013393923873081803,0.005,0.3,80.0,3.0,0.4,0.13333333333333333,1.0741699983726205,41.89281032627564,0.084,/Users/hojunsong/Desktop/SpillSinkSimulator/project/renders/fdm/P_d080_p03__hemi_view_th-30.0.png
P_d080_p03,hemi_view,-20.0,0.010240910511938517,0.0005120453424751759,0.04999998211860657,0.0012753061018884182,0.0013546226546168327,0.005,0.3,80.0,3.0,0.4,0.13333333333333333,1.0741699983726205,41.89281032627564,0.084,/Users/hojunsong/Desktop/SpillSinkSimulator/project/renders/fdm/P_d080_p03__hemi_view_th-20.0.png
P_d080_p03,hemi_view,-10.0,0.009915784095343034,0.0004957889905199409,0.04999997839331627,0.001299772528000176,0.0014084511203691363,0.005,0.3,80.0,3.0,0.4,0.13333333333333333,1.0741699983726205,41.89281032627564,0.084,/Users/hojunsong/Desktop/SpillSinkSimulator/project/renders/fdm/P_d080_p03__hemi_view_th-10.0.png
P_d080_p03,hemi_view,0.0,0.00981535488211053,0.0004907675320282578,0.04999997839331627,0.0013138804351910949,0.0014240018790587783,0.005,0.3,80.0,3.0,0.4,0.13333333333333333,1.0741699983726205,41.89281032627564,0.084,/Users/hojunsong/Desktop/SpillSinkSimulator/project/renders/fdm/P_d080_p03__hemi_view_th+00.0.png
P_d080_p03,hemi_view,10.0,0.00990815656016082,0.0004954076139256358,0.04999997839331627,0.001300755306147039,0.0013918991899117827,0.005,0.3,80.0,3.0,0.4,0.13333333333333333,1.0741699983726205,41.89281032627564,0.084,/Users/hojunsong/Desktop/SpillSinkSimulator/project/renders/fdm/P_d080_p03__hemi_view_th+10.0.png
P_d080_p03,hemi_view,20.0,0.010240801081496864,0.00051203987095505,0.04999998211860657,0.0012791354674845934,0.0013655744260177016,0.005,0.3,80.0,3.0,0.4,0.13333333333333333,1.0741699983726205,41.89281032627564,0.084,/Users/hojunsong/Desktop/SpillSinkSimulator/project/renders/fdm/P_d080_p03__hemi_view_th+20.0.png
P_d080_p03,hemi_view,30.0,0.010948970055661068,0.0005474483477883041,0.049999985843896866,0.0012621346395462751,0.0013381224125623703,0.005,0.3,80.0,3.0,0.4,0.13333333333333333,1.0741699983726205,41.89281032627564,0.084,/Users/hojunsong/Desktop/SpillSinkSimulator/project/renders/fdm/P_d080_p03__hemi_view_th+30.0.png
P_d080_p03,hemi_view,40.0,0.011943424666556597,0.0005971710197627544,0.04999998211860657,0.001222773571498692,0.0013113011373206973,0.005,0.3,80.0,3.0,0.4,0.13333333333333333,1.0741699983726205,41.89281032627564,0.084,/Users/hojunsong/Desktop/SpillSinkSimulator/project/renders/fdm/P_d080_p03__hemi_view_th+40.0.png
P_d080_p03,hemi_view,50.0,0.013808055499241568,0.0006904025794938207,0.049999985843896866,0.0011960354167968035,0.0012994443532079458,0.005,0.3,80.0,3.0,0.4,0.13333333333333333,1.0741699983726205,41.89281032627564,0.084,/Users/hojunsong/Desktop/SpillSinkSimulator/project/renders/fdm/P_d080_p03__hemi_view_th+50.0.png
P_d080_p03,hemi_view,60.0,0.017122562802093257,0.0008561277063563466,0.04999997466802597,0.0011822259984910488,0.0012350494507700205,0.005,0.3,80.0,3.0,0.4,0.13333333333333333,1.0741699983726205,41.89281032627564,0.084,/Users/hojunsong/Desktop/SpillSinkSimulator/project/renders/fdm/P_d080_p03__hemi_view_th+60.0.png
P_d080_p03,hemi_view,70.0,0.024194292994782804,0.0012097142171114683,0.04999998211860657,0.0014940488617867231,0.0015960460295900702,0.005,0.3,80.0,3.0,0.4,0.13333333333333333,1.0741699983726205,41.89281032627564,0.084,/Users/hojunsong/Desktop/SpillSinkSimulator/project/renders/fdm/P_d080_p03__hemi_view_th+70.0.png
P_d080_p03,hemi_view,80.0,0.04478155172529406,0.0022390771191567183,0.049999989569187164,0.002649633213877678,0.002772408304736018,0.005,0.3,80.0,3.0,0.4,0.13333333333333333,1.0741699983726205,41.89281032627564,0.084,/Users/hojunsong/Desktop/SpillSinkSimulator/project/renders/fdm/P_d080_p03__hemi_view_th+80.0.png
P_d080_p05,hemi_view,-80.0,0.03207342436951311,0.001603670883923769,0.049999989569187164,0.0018707886338233948,0.0019868160597980022,0.005,0.3,80.0,5.0,0.4,0.08,1.7899106082460694,25.140920330147342,0.0504,/Users/hojunsong/Desktop/SpillSinkSimulator/project/renders/fdm/P_d080_p05__hemi_view_th-80.0.png
P_d080_p05,hemi_view,-70.0,0.01571735114367943,0.0007858672761358321,0.04999998211860657,0.0012074114056304097,0.0012996189761906862,0.005,0.3,80.0,5.0,0.4,0.08,1.7899106082460694,25.140920330147342,0.0504,/Users/hojunsong/Desktop/SpillSinkSimulator/project/renders/fdm/P_d080_p05__hemi_view_th-70.0.png
P_d080_p05,hemi_view,-60.0,0.010779610242795173,0.0005389802390709519,0.04999997466802597,0.0011814936297014356,0.001248086686246097,0.005,0.3,80.0,5.0,0.4,0.08,1.7899106082460694,25.140920330147342,0.0504,/Users/hojunsong/Desktop/SpillSinkSimulator/project/renders/fdm/P_d080_p05__hemi_view_th-60.0.png
P_d080_p05,hemi_view,-50.0,0.008462042382416208,0.0004231019993312657,0.049999985843896866,0.0011964412406086922,0.0012844017473980784,0.005,0.3,80.0,5.0,0.4,0.08,1.7899106082460694,25.140920330147342,0.0504,/Users/hojunsong/Desktop/SpillSinkSimulator/project/renders/fdm/P_d080_p05__hemi_view_th-50.0.png
P_d080_p05,hemi_view,-40.0,0.007287324684050567,0.00036436610389500856,0.04999998211860657,0.0012350324541330338,0.0013389397645369172,0.005,0.3,80.0,5.0,0.4,0.08,1.7899106082460694,25.140920330147342,0.0504,/Users/hojunsong/Desktop/SpillSinkSimulator/project/renders/fdm/P_d080_p05__hemi_view_th-40.0.png
P_d080_p05,hemi_view,-30.0,0.006445011318925248,0.00032225047471001744,0.049999985843896866,0.0012352669145911932,0.0013251214986667037,0.005,0.3,80.0,5.0,0.4,0.08,1.7899106082460694,25.140920330147342,0.0504,/Users/hojunsong/Desktop/SpillSinkSimulator/project/renders/fdm/P_d080_p05__hemi_view_th-30.0.png
P_d080_p05,hemi_view,-20.0,0.006100789613745373,0.0003050393715966493,0.04999998211860657,0.0012736798962578177,0.0013599063968285918,0.005,0.3,80.0,5.0,0.4,0.08,1.7899106082460694,25.140920330147342,0.0504,/Users/hojunsong/Desktop/SpillSinkSimulator/project/renders/fdm/P_d080_p05__hemi_view_th-20.0.png
P_d080_p05,hemi_view,-10.0,0.005836636021918724,0.0002918316749855876,0.04999997839331627,0.0012748915469273925,0.001390840276144445,0.005,0.3,80.0,5.0,0.4,0.08,1.7899106082460694,25.140920330147342,0.0504,/Users/hojunsong/Desktop/SpillSinkSimulator/project/renders/fdm/P_d080_p05__hemi_view_th-10.0.png
P_d080_p05,hemi_view,0.0,0.005993341590194495,0.00029966695001348853,0.04999997839331627,0.001336502144113183,0.0014165999600663781,0.005,0.3,80.0,5.0,0.4,0.08,1.7899106082460694,25.140920330147342,0.0504,/Users/hojunsong/Desktop/SpillSinkSimulator/project/renders/fdm/P_d080_p05__hemi_view_th+00.0.png
P_d080_p05,hemi_view,10.0,0.005853793901540684,0.00029268956859596074,0.04999997839331627,0.0012879336718469858,0.0013795754639431834,0.005,0.3,80.0,5.0,0.4,0.08,1.7899106082460694,25.140920330147342,0.0504,/Users/hojunsong/Desktop/SpillSinkSimulator/project/renders/fdm/P_d080_p05__hemi_view_th+10.0.png
P_d080_p05,hemi_view,20.0,0.00613052559003404,0.000306526169879362,0.04999998211860657,0.001275197952054441,0.00137908139731735,0.005,0.3,80.0,5.0,0.4,0.08,1.7899106082460694,25.140920330147342,0.0504,/Users/hojunsong/Desktop/SpillSinkSimulator/project/renders/fdm/P_d080_p05__hemi_view_th+20.0.png
P_d080_p05,hemi_view,30.0,0.006429620044868899,0.0003214809112250805,0.049999985843896866,0.0012358231469988823,0.001325936638750136,0.005,0.3,80.0,5.0,0.4,0.08,1.7899106082460694,25.140920330147342,0.0504,/Users/hojunsong/Desktop/SpillSinkSimulator/project/renders/fdm/P_d080_p05__hemi_view_th+30.0.png
P_d080_p05,hemi_view,40.0,0.007290742057044944,0.00036453697248362005,0.04999998211860657,0.0012342596892267466,0.001310525112785399,0.005,0.3,80.0,5.0,0.4,0.08,1.7899106082460694,25.140920330147342,0.0504,/Users/hojunsong/Desktop/SpillSinkSimulator/project/renders/fdm/P_d080_p05__hemi_view_th+40.0.png
P_d080_p05,hemi_view,50.0,0.0085113279870187,0.00042556627886369824,0.049999985843896866,0.001193046336993575,0.0012596892192959785,0.005,0.3,80.0,5.0,0.4,0.08,1.7899106082460694,25.140920330147342,0.0504,/Users/hojunsong/Desktop/SpillSinkSimulator/project/renders/fdm/P_d080_p05__hemi_view_th+50.0.png
P_d080_p05,hemi_view,60.0,0.010839380227609392,0.0005419687367975712,0.04999997466802597,0.0011827107518911362,0.0012489976361393929,0.005,0.3,80.0,5.0,0.4,0.08,1.7899106082460694,25.140920330147342,0.0504,/Users/hojunsong/Desktop/SpillSinkSimulator/project/renders/fdm/P_d080_p05__hemi_view_th+60.0.png
P_d080_p05,hemi_view,70.0,0.01577737723338684,0.0007888685795478523,0.04999998211860657,0.0012089929077774286,0.0013000022154301405,0.005,0.3,80.0,5.0,0.4,0.08,1.7899106082460694,25.140920330147342,0.0504,/Users/hojunsong/Desktop/SpillSinkSimulator/project/renders/fdm/P_d080_p05__hemi_view_th+70.0.png
P_d080_p05,hemi_view,80.0,0.03201222016544763,0.0016006106743589044,0.049999989569187164,0.0018335225759074092,0.0019475830486044288,0.005,0.3,80.0,5.0,0.4,0.08,1.7899106082460694,25.140920330147342,0.0504,/Users/hojunsong/Desktop/SpillSinkSimulator/project/renders/fdm/P_d080_p05__hemi_view_th+80.0.png
P_d080_p08,hemi_view,-80.0,0.028076077614949443,0.0014038035878911614,0.049999989569187164,0.0017324310028925538,0.001846947125159204,0.005,0.3,80.0,8.0,0.4,0.05,2.862405226111748,15.72104452210192,0.0315,/Users/hojunsong/Desktop/SpillSinkSimulator/project/renders/fdm/P_d080_p08__hemi_view_th-80.0.png
P_d080_p08,hemi_view,-70.0,0.012065965806442192,0.0006032980745658278,0.04999998211860657,0.0012672633165493608,0.0013775430852547288,0.005,0.3,80.0,8.0,0.4,0.05,2.862405226111748,15.72104452210192,0.0315,/Users/hojunsong/Desktop/SpillSinkSimulator/project/renders/fdm/P_d080_p08__hemi_view_th-70.0.png
P_d080_p08,hemi_view,-60.0,0.007542473942139954,0.00037712350604124367,0.04999997466802597,0.001180562423542142,0.0012487012427300215,0.005,0.3,80.0,8.0,0.4,0.05,2.862405226111748,15.72104452210192,0.0315,/Users/hojunsong/Desktop/SpillSinkSimulator/project/renders/fdm/P_d080_p08__hemi_view_th-60.0.png
P_d080_p08,hemi_view,-50.0,0.0057528702298854945,0.0002876434300560504,0.049999985843896866,0.0011966642923653126,0.0012752847978845239,0.005,0.3,80.0,8.0,0.4,0.05,2.862405226111748,15.72104452210192,0.0315,/Users/hojunsong/Desktop/SpillSinkSimulator/project/renders/fdm/P_d080_p08__hemi_view_th-50.0.png
P_d080_p08,hemi_view,-40.0,0.004843461778843145,0.0002421730023343116,0.04999998211860657,0.0012324241688475013,0.0013365726917982101,0.005,0.3,80.0,8.0,0.4,0.05,2.862405226111748,15.72104452210192,0.0315,/Users/hojunsong/Desktop/SpillSinkSimulator/project/renders/fdm/P_d080_p08__hemi_view_th-40.0.png
P_d080_p08,hemi_view,-30.0,0.0042911508861089775,0.00021455748355947435,0.049999985843896866,0.0012466686312109232,0.0013272855430841446,0.005,0.3,80.0,8.0,0.4,0.05,2.862405226111748,15.72104452210192,0.0315,/Users/hojunsong/Desktop/SpillSinkSimulator/project/renders/fdm/P_d080_p08__hemi_view_th-30.0.png
P_d080_p08,hemi_view,-20.0,0.004024187494337556,0.000201209302758798,0.04999998211860657,0.0012749676825478673,0.001374602783471346,0.005,0.3,80.0,8.0,0.4,0.05,2.862405226111748,15.72104452210192,0.0315,/Users/hojunsong/Desktop/SpillSinkSimulator/project/renders/fdm/P_d080_p08__hemi_view_th-20.0.png
P_d080_p08,hemi_view,-10.0,0.0038980881182596894,0.00019490432168822736,0.04999997839331627,0.001301295356824994,0.001391796744428575,0.005,0.3,80.0,8.0,0.4,0.05,2.862405226111748,15.72104452210192,0.0315,/Users/hojunsong/Desktop/SpillSinkSimulator/project/renders/fdm/P_d080_p08__hemi_view_th-10.0.png
P_d080_p08,hemi_view,0.0,0.0040736480291678435,0.00020368231344036758,0.04999997839331627,0.0013123622629791498,0.0014380788197740912,0.005,0.3,80.0,8.0,0.4,0.05,2.862405226111748,15.72104452210192,0.0315,/Users/hojunsong/Desktop/SpillSinkSimulator/project/renders/fdm/P_d080_p08__hemi_view_th+00.0.png
P_d080_p08,hemi_view,10.0,0.0039011492604699516,0.00019505737873259932,0.04999997839331627,0.0012978499289602041,0.0014013568870723248,0.005,0.3,80.0,8.0,0.4,0.05,2.862405226111748,15.72104452210192,0.0315,/Users/hojunsong/Desktop/SpillSinkSimulator/project/renders/fdm/P_d080_p08__hemi_view_th+10.0.png
P_d080_p08,hemi_view,20.0,0.004009951350578403,0.00020049749582540244,0.04999998211860657,0.0012604413786903024,0.001353211235255003,0.005,0.3,80.0,8.0,0.4,0.05,2.862405226111748,15.72104452210192,0.0315,/Users/hojunsong/Desktop/SpillSinkSimulator/project/renders/fdm/P_d080_p08__hemi_view_th+20.0.png
P_d080_p08,hemi_view,30.0,0.004287834212651104,0.00021439164993353188,0.049999985843896866,0.0012105631176382303,0.0013258844846859574,0.005,0.3,80.0,8.0,0.4,0.05,2.862405226111748,15.72104452210192,0.0315,/Users/hojunsong/Desktop/SpillSinkSimulator/project/renders/fdm/P_d080_p08__hemi_view_th+30.0.png
P_d080_p08,hemi_view,40.0,0.004838304287203444,0.00024191512784454972,0.04999998211860657,0.0012216934701427817,0.0013133900938555598,0.005,0.3,80.0,8.0,0.4,0.05,2.862405226111748,15.72104452210192,0.0315,/Users/hojunsong/Desktop/SpillSinkSimulator/project/renders/fdm/P_d080_p08__hemi_view_th+40.0.png
P_d080_p08,hemi_view,50.0,0.005751648450737008,0.00028758234111592174,0.049999985843896866,0.0011886452557519078,0.0013003441272303462,0.005,0.3,80.0,8.0,0.4,0.05,2.862405226111748,15.72104452210192,0.0315,/Users/hojunsong/Desktop/SpillSinkSimulator/project/renders/fdm/P_d080_p08__hemi_view_th+50.0.png
P_d080_p08,hemi_view,60.0,0.007545721931264485,0.00037728590541519225,0.04999997466802597,0.0011948705650866032,0.0012740119127556682,0.005,0.3,80.0,8.0,0.4,0.05,2.862405226111748,15.72104452210192,0.0315,/Users/hojunsong/Desktop/SpillSinkSimulator/project/renders/fdm/P_d080_p08__hemi_view_th+60.0.png
P_d080_p08,hemi_view,70.0,0.011931244127077745,0.0005965619930066168,0.04999998211860657,0.0012542372569441795,0.0013517867773771286,0.005,0.3,80.0,8.0,0.4,0.05,2.862405226111748,15.72104452210192,0.0315,/Users/hojunsong/Desktop/SpillSinkSimulator/project/renders/fdm/P_d080_p08__hemi_view_th+70.0.png
P_d080_p08,hemi_view,80.0,0.028029674457988776,0.0014014834305271506,0.049999989569187164,0.0016913702711462975,0.001850895001552999,0.005,0.3,80.0,8.0,0.4,0.05,2.862405226111748,15.72104452210192,0.0315,/Users/hojunsong/Desktop/SpillSinkSimulator/project/renders/fdm/P_d080_p08__hemi_view_th+80.0.png
P_d080_p13,hemi_view,-80.0,0.03227857382074048,0.001613928354345262,0.049999989569187164,0.0023978680837899446,0.002601646352559328,0.005,0.3,80.0,13.0,0.4,0.03076923076923077,4.645078425891606,9.687672817141383,0.019384615384615386,/Users/hojunsong/Desktop/SpillSinkSimulator/project/renders/fdm/P_d080_p13__hemi_view_th-80.0.png
P_d080_p13,hemi_view,-70.0,0.010420438136391569,0.0005210217204876244,0.04999998211860657,0.0013424288481473923,0.0015018312260508537,0.005,0.3,80.0,13.0,0.4,0.03076923076923077,4.645078425891606,9.687672817141383,0.019384615384615386,/Users/hojunsong/Desktop/SpillSinkSimulator/project/renders/fdm/P_d080_p13__hemi_view_th-70.0.png
P_d080_p13,hemi_view,-60.0,0.005626365831813787,0.0002813181490637362,0.04999997466802597,0.0011967732571065426,0.0013221403351053596,0.005,0.3,80.0,13.0,0.4,0.03076923076923077,4.645078425891606,9.687672817141383,0.019384615384615386,/Users/hojunsong/Desktop/SpillSinkSimulator/project/renders/fdm/P_d080_p13__hemi_view_th-60.0.png
P_d080_p13,hemi_view,-50.0,0.003976210098497448,0.00019881044863723218,0.049999985843896866,0.00119682471267879,0.0013010757975280285,0.005,0.3,80.0,13.0,0.4,0.03076923076923077,4.645078425891606,9.687672817141383,0.019384615384615386,/Users/hojunsong/Desktop/SpillSinkSimulator/project/renders/fdm/P_d080_p13__hemi_view_th-50.0.png
P_d080_p13,hemi_view,-40.0,0.003226814723198166,0.0001613406784599647,0.04999998211860657,0.0011966242454946041,0.0013240118278190494,0.005,0.3,80.0,13.0,0.4,0.03076923076923077,4.645078425891606,9.687672817141383,0.019384615384615386,/Users/hojunsong/Desktop/SpillSinkSimulator/project/renders/fdm/P_d080_p13__hemi_view_th-40.0.png
P_d080_p13,hemi_view,-30.0,0.002851455872266167,0.00014257275324780494,0.049999985843896866,0.0012484956532716751,0.0013404529308900237,0.005,0.3,80.0,13.0,0.4,0.03076923076923077,4.645078425891606,9.687672817141383,0.019384615384615386,/Users/hojunsong/Desktop/SpillSinkSimulator/project/renders/fdm/P_d080_p13__hemi_view_th-30.0.png
P_d080_p13,hemi_view,-20.0,0.0025928620557850502,0.00012964305642526597,0.04999998211860657,0.001261757337488234,0.0013917781179770827,0.005,0.3,80.0,13.0,0.4,0.03076923076923077,4.645078425891606,9.687672817141383,0.019384615384615386,/Users/hojunsong/Desktop/SpillSinkSimulator/project/renders/fdm/P_d080_p13__hemi_view_th-20.0.png
P_d080_p13,hemi_view,-10.0,0.0024868346204899847,0.0001243416772922501,0.04999997839331627,0.001263089943677187,0.0014030629536136985,0.005,0.3,80.0,13.0,0.4,0.03076923076923077,4.645078425891606,9.687672817141383,0.019384615384615386,/Users/hojunsong/Desktop/SpillSinkSimulator/project/renders/fdm/P_d080_p13__hemi_view_th-10.0.png
P_d080_p13,hemi_view,0.0,0.0028029902494395857,0.00014014945190865546,0.04999997839331627,0.0013242572313174605,0.001448794617317617,0.005,0.3,80.0,13.0,0.4,0.03076923076923077,4.645078425891606,9.687672817141383,0.019384615384615386,/Users/hojunsong/Desktop/SpillSinkSimulator/project/renders/fdm/P_d080_p13__hemi_view_th+00.0.png
P_d080_p13,hemi_view,10.0,0.0024891166528222403,0.00012445577885955572,0.04999997839331627,0.0012601591879501939,0.0013900329358875751,0.005,0.3,80.0,13.0,0.4,0.03076923076923077,4.645078425891606,9.687672817141383,0.019384615384615386,/Users/hojunsong/Desktop/SpillSinkSimulator/project/renders/fdm/P_d080_p13__hemi_view_th+10.0.png
P_d080_p13,hemi_view,20.0,0.0025925742187988946,0.0001296286645811051,0.04999998211860657,0.0012492367532104254,0.00136682263109833,0.005,0.3,80.0,13.0,0.4,0.03076923076923077,4.645078425891606,9.687672817141383,0.019384615384615386,/Users/hojunsong/Desktop/SpillSinkSimulator/project/renders/fdm/P_d080_p13__hemi_view_th+20.0.png
P_d080_p13,hemi_view,30.0,0.002847377260311215,0.0001423688227077946,0.049999985843896866,0.0012183705111965537,0.0013264993904158473,0.005,0.3,80.0,13.0,0.4,0.03076923076923077,4.645078425891606,9.687672817141383,0.019384615384615386,/Users/hojunsong/Desktop/SpillSinkSimulator/project/renders/fdm/P_d080_p13__hemi_view_th+30.0.png
P_d080_p13,hemi_view,40.0,0.0032229235396745047,0.00016114611935336143,0.04999998211860657,0.001221675076521933,0.0013398554874584079,0.005,0.3,80.0,13.0,0.4,0.03076923076923077,4.645078425891606,9.687672817141383,0.019384615384615386,/Users/hojunsong/Desktop/SpillSinkSimulator/project/renders/fdm/P_d080_p13__hemi_view_th+40.0.png
P_d080_p13,hemi_view,50.0,0.00398505446403898,0.00019925266678910702,0.049999985843896866,0.0011803264496847987,0.001286007696762681,0.005,0.3,80.0,13.0,0.4,0.03076923076923077,4.645078425891606,9.687672817141383,0.019384615384615386,/Users/hojunsong/Desktop/SpillSinkSimulator/project/renders/fdm/P_d080_p13__hemi_view_th+50.0.png
P_d080_p13,hemi_view,60.0,0.005715546998435228,0.0002857772051356733,0.04999997466802597,0.0012161354534327984,0.0013000254984945059,0.005,0.3,80.0,13.0,0.4,0.03076923076923077,4.645078425891606,9.687672817141383,0.019384615384615386,/Users/hojunsong/Desktop/SpillSinkSimulator/project/renders/fdm/P_d080_p13__hemi_view_th+60.0.png
P_d080_p13,hemi_view,70.0,0.010547780245866268,0.000527388823684305,0.04999998211860657,0.001368049648590386,0.0015331985196098685,0.005,0.3,80.0,13.0,0.4,0.03076923076923077,4.645078425891606,9.687672817141383,0.019384615384615386,/Users/hojunsong/Desktop/SpillSinkSimulator/project/renders/fdm/P_d080_p13__hemi_view_th+70.0.png
P_d080_p13,hemi_view,80.0,0.03227672281673728,0.0016138358041644096,0.049999989569187164,0.002423575846478343,0.0026194227393716574,0.005,0.3,80.0,13.0,0.4,0.03076923076923077,4.645078425891606,9.687672817141383,0.019384615384615386,/Users/hojunsong/Desktop/SpillSinkSimulator/project/renders/fdm/P_d080_p13__hemi_view_th+80.0.png
P_d080_p20,hemi_view,-80.0,0.04929978963281296,0.0024649889674037695,0.049999989569187164,0.0033908847253769636,0.0034967863466590643,0.005,0.3,80.0,20.0,0.4,0.02,7.125016348901798,6.315774981616148,0.0126,/Users/hojunsong/Desktop/SpillSinkSimulator/project/renders/fdm/P_d080_p20__hemi_view_th-80.0.png
P_d080_p20,hemi_view,-70.0,0.013266567927191112,0.000663328159134835,0.04999998211860657,0.0017184608150273561,0.0018371357582509518,0.005,0.3,80.0,20.0,0.4,0.02,7.125016348901798,6.315774981616148,0.0126,/Users/hojunsong/Desktop/SpillSinkSimulator/project/renders/fdm/P_d080_p20__hemi_view_th-70.0.png
P_d080_p20,hemi_view,-60.0,0.00544540394311747,0.00027227005921304226,0.04999997466802597,0.0012381650740280747,0.0014045386342331767,0.005,0.3,80.0,20.0,0.4,0.02,7.125016348901798,6.315774981616148,0.0126,/Users/hojunsong/Desktop/SpillSinkSimulator/project/renders/fdm/P_d080_p20__hemi_view_th-60.0.png
P_d080_p20,hemi_view,-50.0,0.003368790865980483,0.0001684394956100732,0.049999985843896866,0.0012226789258420467,0.0013392855180427432,0.005,0.3,80.0,20.0,0.4,0.02,7.125016348901798,6.315774981616148,0.0126,/Users/hojunsong/Desktop/SpillSinkSimulator/project/renders/fdm/P_d080_p20__hemi_view_th-50.0.png
P_d080_p20,hemi_view,-40.0,0.002536554272786566,0.00012682766828220338,0.04999998211860657,0.0011834886390715837,0.0013266103342175484,0.005,0.3,80.0,20.0,0.4,0.02,7.125016348901798,6.315774981616148,0.0126,/Users/hojunsong/Desktop/SpillSinkSimulator/project/renders/fdm/P_d080_p20__hemi_view_th-40.0.png
P_d080_p20,hemi_view,-30.0,0.0021389934644140424,0.00010694964294089004,0.049999985843896866,0.0012357329251244664,0.0013527580304071307,0.005,0.3,80.0,20.0,0.4,0.02,7.125016348901798,6.315774981616148,0.0126,/Users/hojunsong/Desktop/SpillSinkSimulator/project/renders/fdm/P_d080_p20__hemi_view_th-30.0.png
P_d080_p20,hemi_view,-20.0,0.001921113976470909,9.605566447135061e-05,0.04999998211860657,0.0012491978704929352,0.0013794032856822014,0.005,0.3,80.0,20.0,0.4,0.02,7.125016348901798,6.315774981616148,0.0126,/Users/hojunsong/Desktop/SpillSinkSimulator/project/renders/fdm/P_d080_p20__hemi_view_th-20.0.png
P_d080_p20,hemi_view,-10.0,0.00182913680790875,9.145680087385699e-05,0.04999997839331627,0.001248710323125124,0.0013664854923263192,0.005,0.3,80.0,20.0,0.4,0.02,7.125016348901798,6.315774981616148,0.0126,/Users/hojunsong/Desktop/SpillSinkSimulator/project/renders/fdm/P_d080_p20__hemi_view_th-10.0.png
P_d080_p20,hemi_view,0.0,0.002176142219435414,0.00010880706395255402,0.04999997839331627,0.0012352182529866695,0.001403230824507773,0.005,0.3,80.0,20.0,0.4,0.02,7.125016348901798,6.315774981616148,0.0126,/Users/hojunsong/Desktop/SpillSinkSimulator/project/renders/fdm/P_d080_p20__hemi_view_th+00.0.png
P_d080_p20,hemi_view,10.0,0.001824264242508084,9.121317270910367e-05,0.04999997839331627,0.0012625677045434713,0.0013916455209255219,0.005,0.3,80.0,20.0,0.4,0.02,7.125016348901798,6.315774981616148,0.0126,/Users/hojunsong/Desktop/SpillSinkSimulator/project/renders/fdm/P_d080_p20__hemi_view_th+10.0.png
P_d080_p20,hemi_view,20.0,0.0019052445251624079,9.526219218969345e-05,0.04999998211860657,0.00122378661762923,0.0013790017692372203,0.005,0.3,80.0,20.0,0.4,0.02,7.125016348901798,6.315774981616148,0.0126,/Users/hojunsong/Desktop/SpillSinkSimulator/project/renders/fdm/P_d080_p20__hemi_view_th+20.0.png
P_d080_p20,hemi_view,30.0,0.0021244440188919957,0.00010622217087075114,0.049999985843896866,0.0011837116908282042,0.0013268351322039962,0.005,0.3,80.0,20.0,0.4,0.02,7.125016348901798,6.315774981616148,0.0126,/Users/hojunsong/Desktop/SpillSinkSimulator/project/renders/fdm/P_d080_p20__hemi_view_th+30.0.png
P_d080_p20,hemi_view,40.0,0.002513907119017405,0.000125695310998708,0.04999998211860657,0.0011972615029662848,0.0013268357142806053,0.005,0.3,80.0,20.0,0.4,0.02,7.125016348901798,6.315774981616148,0.0126,/Users/hojunsong/Desktop/SpillSinkSimulator/project/renders/fdm/P_d080_p20__hemi_view_th+40.0.png
P_d080_p20,hemi_view,50.0,0.0033381552922532045,0.00016690771735738963,0.049999985843896866,0.0011709330137819052,0.0013534565223380923,0.005,0.3,80.0,20.0,0.4,0.02,7.125016348901798,6.315774981616148,0.0126,/Users/hojunsong/Desktop/SpillSinkSimulator/project/renders/fdm/P_d080_p20__hemi_view_th+50.0.png
P_d080_p20,hemi_view,60.0,0.005382596098941078,0.0002691296685952693,0.04999997466802597,0.0011839638464152813,0.001352450461126864,0.005,0.3,80.0,20.0,0.4,0.02,7.125016348901798,6.315774981616148,0.0126,/Users/hojunsong/Desktop/SpillSinkSimulator/project/renders/fdm/P_d080_p20__hemi_view_th+60.0.png
P_d080_p20,hemi_view,70.0,0.012955779652129287,0.0006477887509390712,0.04999998211860657,0.0017889200244098902,0.0019570346921682358,0.005,0.3,80.0,20.0,0.4,0.02,7.125016348901798,6.315774981616148,0.0126,/Users/hojunsong/Desktop/SpillSinkSimulator/project/renders/fdm/P_d080_p20__hemi_view_th+70.0.png
P_d080_p20,hemi_view,80.0,0.049187360348150806,0.0024593675043433905,0.049999989569187164,0.003545366693288088,0.0036607885267585516,0.005,0.3,80.0,20.0,0.4,0.02,7.125016348901798,6.315774981616148,0.0126,/Users/hojunsong/Desktop/SpillSinkSimulator/project/renders/fdm/P_d080_p20__hemi_view_th+80.0.png
P_d030_p04_SHARP,hemi_view,-80.0,0.02502708752273359,0.0012513541150838137,0.049999989569187164,0.001515683950856328,0.0016286912141367793,0.005,0.3,30.0,4.0,0.04,0.01,3.8140748342903543,11.79840510611604,0.0063,/Users/hojunsong/Desktop/SpillSinkSimulator/project/renders/fdm/P_d030_p04_SHARP__hemi_view_th-80.0.png
P_d030_p04_SHARP,hemi_view,-70.0,0.006860142582370669,0.0003430070064496249,0.04999998211860657,0.00047113638720475137,0.0005617588758468628,0.005,0.3,30.0,4.0,0.04,0.01,3.8140748342903543,11.79840510611604,0.0063,/Users/hojunsong/Desktop/SpillSinkSimulator/project/renders/fdm/P_d030_p04_SHARP__hemi_view_th-70.0.png
P_d030_p04_SHARP,hemi_view,-60.0,0.003202645624744911,0.00016013220010790974,0.04999997466802597,0.00027121923631057143,0.00035228292108513415,0.005,0.3,30.0,4.0,0.04,0.01,3.8140748342903543,11.79840510611604,0.0063,/Users/hojunsong/Desktop/SpillSinkSimulator/project/renders/fdm/P_d030_p04_SHARP__hemi_view_th-60.0.png
P_d030_p04_SHARP,hemi_view,-50.0,0.002023833649228727,0.00010119165381183848,0.049999985843896866,0.00020856023184023798,0.00026017683558166027,0.005,0.3,30.0,4.0,0.04,0.01,3.8140748342903543,11.79840510611604,0.0063,/Users/hojunsong/Desktop/SpillSinkSimulator/project/renders/fdm/P_d030_p04_SHARP__hemi_view_th-50.0.png
P_d030_p04_SHARP,hemi_view,-40.0,0.0015070924861109952,7.535459735663608e-05,0.04999998211860657,0.00018226404790766537,0.00023452419554814696,0.005,0.3,30.0,4.0,0.04,0.01,3.8140748342903543,11.79840510611604,0.0063,/Users/hojunsong/Desktop/SpillSinkSimulator/project/renders/fdm/P_d030_p04_SHARP__hemi_view_th-40.0.png
P_d030_p04_SHARP,hemi_view,-30.0,0.0012590236219048323,6.295116327237338e-05,0.049999985843896866,0.00018190017726738006,0.0002211052196798846,0.005,0.3,30.0,4.0,0.04,0.01,3.8140748342903543,11.79840510611604,0.0063,/Users/hojunsong/Desktop/SpillSinkSimulator/project/renders/fdm/P_d030_p04_SHARP__hemi_view_th-30.0.png
P_d030_p04_SHARP,hemi_view,-20.0,0.0011241439297294887,5.620717638521455e-05,0.04999998211860657,0.00017241011664737016,0.0002207418583566323,0.005,0.3,30.0,4.0,0.04,0.01,3.8140748342903543,11.79840510611604,0.0063,/Users/hojunsong/Desktop/SpillSinkSimulator/project/renders/fdm/P_d030_p04_SHARP__hemi_view_th-20.0.png
P_d030_p04_SHARP,hemi_view,-10.0,0.0010686814018927239,5.343404700397514e-05,0.04999997839331627,0.00018078052380587906,0.0002213109255535528,0.005,0.3,30.0,4.0,0.04,0.01,3.8140748342903543,11.79840510611604,0.0063,/Users/hojunsong/Desktop/SpillSinkSimulator/project/renders/fdm/P_d030_p04_SHARP__hemi_view_th-10.0.png
P_d030_p04_SHARP,hemi_view,0.0,0.0013945745218848606,6.97286959621124e-05,0.04999997839331627,0.00021896754333283752,0.00026788946706801653,0.005,0.3,30.0,4.0,0.04,0.01,3.8140748342903543,11.79840510611604,0.0063,/Users/hojunsong/Desktop/SpillSinkSimulator/project/renders/fdm/P_d030_p04_SHARP__hemi_view_th+00.0.png
P_d030_p04_SHARP,hemi_view,10.0,0.001068525478053672,5.342625081539154e-05,0.04999997839331627,0.00018024694873020053,0.0002335608733119443,0.005,0.3,30.0,4.0,0.04,0.01,3.8140748342903543,11.79840510611604,0.0063,/Users/hojunsong/Desktop/SpillSinkSimulator/project/renders/fdm/P_d030_p04_SHARP__hemi_view_th+10.0.png
P_d030_p04_SHARP,hemi_view,20.0,0.0011285479229291924,5.64273759664502e-05,0.04999998211860657,0.00018102748435921967,0.00022120667563285679,0.005,0.3,30.0,4.0,0.04,0.01,3.8140748342903543,11.79840510611604,0.0063,/Users/hojunsong/Desktop/SpillSinkSimulator/project/renders/fdm/P_d030_p04_SHARP__hemi_view_th+20.0.png
P_d030_p04_SHARP,hemi_view,30.0,0.001255575253576857,6.277874490479007e-05,0.049999985843896866,0.00018189672846347094,0.00022121348592918366,0.005,0.3,30.0,4.0,0.04,0.01,3.8140748342903543,11.79840510611604,0.0063,/Users/hojunsong/Desktop/SpillSinkSimulator/project/renders/fdm/P_d030_p04_SHARP__hemi_view_th+30.0.png
P_d030_p04_SHARP,hemi_view,40.0,0.0015161082739341791,7.580538658658043e-05,0.04999998211860657,0.0001822888443712145,0.0002313544537173584,0.005,0.3,30.0,4.0,0.04,0.01,3.8140748342903543,11.79840510611604,0.0063,/Users/hojunsong/Desktop/SpillSinkSimulator/project/renders/fdm/P_d030_p04_SHARP__hemi_view_th+40.0.png
P_d030_p04_SHARP,hemi_view,50.0,0.0020323361901847664,0.0001016167807392776,0.049999985843896866,0.00020880618831142783,0.000259813095908612,0.005,0.3,30.0,4.0,0.04,0.01,3.8140748342903543,11.79840510611604,0.0063,/Users/hojunsong/Desktop/SpillSinkSimulator/project/renders/fdm/P_d030_p04_SHARP__hemi_view_th+50.0.png
P_d030_p04_SHARP,hemi_view,60.0,0.003205484413805903,0.00016027413948904723,0.04999997466802597,0.0002636336430441588,0.00032594052026979625,0.005,0.3,30.0,4.0,0.04,0.01,3.8140748342903543,11.79840510611604,0.0063,/Users/hojunsong/Desktop/SpillSinkSimulator/project/renders/fdm/P_d030_p04_SHARP__hemi_view_th+60.0.png
P_d030_p04_SHARP,hemi_view,70.0,0.006866039020529933,0.0003433018282521516,0.04999998211860657,0.0004701150464825332,0.0005753114819526672,0.005,0.3,30.0,4.0,0.04,0.01,3.8140748342903543,11.79840510611604,0.0063,/Users/hojunsong/Desktop/SpillSinkSimulator/project/renders/fdm/P_d030_p04_SHARP__hemi_view_th+70.0.png
P_d030_p04_SHARP,hemi_view,80.0,0.025048039956727018,0.0012524017365649343,0.049999989569187164,0.0015030057402327657,0.0016461958875879645,0.005,0.3,30.0,4.0,0.04,0.01,3.8140748342903543,11.79840510611604,0.0063,/Users/hojunsong/Desktop/SpillSinkSimulator/project/renders/fdm/P_d030_p04_SHARP__hemi_view_th+80.0.png
