tag,source,family,topology,seed,diffuse_frac,theta,rho,control,pub_worst,pub_worst_mat,params_json
B_CONE_p0550_s23,sweep_conefloor.csv,cone3d,cone/flat,23,d00,0.0,0.001004307297989726,0.04999997094273567,0.0021548415534198284,d100,"{""backing"": 2.0, ""depth"": 50.0, ""depth_jitter"": 0.0, ""face_h"": 60.0, ""face_w"": 60.0, ""height_seg"": 12, ""jitter"": 0.3, ""margin_depths"": 2.0, ""pitch"": 5.5, ""profile_power"": 1.0, ""radial_seg"": 24, ""seed"": 23, ""tip_radius"": 0.2, ""winding"": ""out""}"
B_CONE_p0550_s23,sweep_conefloor.csv,cone3d,cone/flat,23,d00,-20.0,0.0003199208003934473,0.04999997094273567,0.0021548415534198284,d100,"{""backing"": 2.0, ""depth"": 50.0, ""depth_jitter"": 0.0, ""face_h"": 60.0, ""face_w"": 60.0, ""height_seg"": 12, ""jitter"": 0.3, ""margin_depths"": 2.0, ""pitch"": 5.5, ""profile_power"": 1.0, ""radial_seg"": 24, ""seed"": 23, ""tip_radius"": 0.2, ""winding"": ""out""}"
B_CONE_p0550_s23,sweep_conefloor.csv,cone3d,cone/flat,23,d00,20.0,0.00031067311647348106,0.04999997094273567,0.0021548415534198284,d100,"{""backing"": 2.0, ""depth"": 50.0, ""depth_jitter"": 0.0, ""face_h"": 60.0, ""face_w"": 60.0, ""height_seg"": 12, ""jitter"": 0.3, ""margin_depths"": 2.0, ""pitch"": 5.5, ""profile_power"": 1.0, ""radial_seg"": 24, ""seed"": 23, ""tip_radius"": 0.2, ""winding"": ""out""}"
B_CONE_p0550_s23,sweep_conefloor.csv,cone3d,cone/flat,23,d00,-40.0,0.00022272122441790998,0.04999997094273567,0.0021548415534198284,d100,"{""backing"": 2.0, ""depth"": 50.0, ""depth_jitter"": 0.0, ""face_h"": 60.0, ""face_w"": 60.0, ""height_seg"": 12, ""jitter"": 0.3, ""margin_depths"": 2.0, ""pitch"": 5.5, ""profile_power"": 1.0, ""radial_seg"": 24, ""seed"": 23, ""tip_radius"": 0.2, ""winding"": ""out""}"
B_CONE_p0550_s23,sweep_conefloor.csv,cone3d,cone/flat,23,d00,40.0,0.00021819822723045945,0.04999997094273567,0.0021548415534198284,d100,"{""backing"": 2.0, ""depth"": 50.0, ""depth_jitter"": 0.0, ""face_h"": 60.0, ""face_w"": 60.0, ""height_seg"": 12, ""jitter"": 0.3, ""margin_depths"": 2.0, ""pitch"": 5.5, ""profile_power"": 1.0, ""radial_seg"": 24, ""seed"": 23, ""tip_radius"": 0.2, ""winding"": ""out""}"
B_CONE_p0550_s23,sweep_conefloor.csv,cone3d,cone/flat,23,d76,0.0,0.0008691335096955299,0.04999997094273567,0.0021548415534198284,d100,"{""backing"": 2.0, ""depth"": 50.0, ""depth_jitter"": 0.0, ""face_h"": 60.0, ""face_w"": 60.0, ""height_seg"": 12, ""jitter"": 0.3, ""margin_depths"": 2.0, ""pitch"": 5.5, ""profile_power"": 1.0, ""radial_seg"": 24, ""seed"": 23, ""tip_radius"": 0.2, ""winding"": ""out""}"
B_CONE_p0550_s23,sweep_conefloor.csv,cone3d,cone/flat,23,d76,-20.0,0.0011679939925670624,0.04999997094273567,0.0021548415534198284,d100,"{""backing"": 2.0, ""depth"": 50.0, ""depth_jitter"": 0.0, ""face_h"": 60.0, ""face_w"": 60.0, ""height_seg"": 12, ""jitter"": 0.3, ""margin_depths"": 2.0, ""pitch"": 5.5, ""profile_power"": 1.0, ""radial_seg"": 24, ""seed"": 23, ""tip_radius"": 0.2, ""winding"": ""out""}"
B_CONE_p0550_s23,sweep_conefloor.csv,cone3d,cone/flat,23,d76,20.0,0.0011710479157045484,0.04999997094273567,0.0021548415534198284,d100,"{""backing"": 2.0, ""depth"": 50.0, ""depth_jitter"": 0.0, ""face_h"": 60.0, ""face_w"": 60.0, ""height_seg"": 12, ""jitter"": 0.3, ""margin_depths"": 2.0, ""pitch"": 5.5, ""profile_power"": 1.0, ""radial_seg"": 24, ""seed"": 23, ""tip_radius"": 0.2, ""winding"": ""out""}"
B_CONE_p0550_s23,sweep_conefloor.csv,cone3d,cone/flat,23,d76,-40.0,0.0016702371649444103,0.04999997094273567,0.0021548415534198284,d100,"{""backing"": 2.0, ""depth"": 50.0, ""depth_jitter"": 0.0, ""face_h"": 60.0, ""face_w"": 60.0, ""height_seg"": 12, ""jitter"": 0.3, ""margin_depths"": 2.0, ""pitch"": 5.5, ""profile_power"": 1.0, ""radial_seg"": 24, ""seed"": 23, ""tip_radius"": 0.2, ""winding"": ""out""}"
B_CONE_p0550_s23,sweep_conefloor.csv,cone3d,cone/flat,23,d76,40.0,0.001677800202742219,0.04999997094273567,0.0021548415534198284,d100,"{""backing"": 2.0, ""depth"": 50.0, ""depth_jitter"": 0.0, ""face_h"": 60.0, ""face_w"": 60.0, ""height_seg"": 12, ""jitter"": 0.3, ""margin_depths"": 2.0, ""pitch"": 5.5, ""profile_power"": 1.0, ""radial_seg"": 24, ""seed"": 23, ""tip_radius"": 0.2, ""winding"": ""out""}"
B_CONE_p0550_s23,sweep_conefloor.csv,cone3d,cone/flat,23,d100,0.0,0.0008657085127197206,0.04999997094273567,0.0021548415534198284,d100,"{""backing"": 2.0, ""depth"": 50.0, ""depth_jitter"": 0.0, ""face_h"": 60.0, ""face_w"": 60.0, ""height_seg"": 12, ""jitter"": 0.3, ""margin_depths"": 2.0, ""pitch"": 5.5, ""profile_power"": 1.0, ""radial_seg"": 24, ""seed"": 23, ""tip_radius"": 0.2, ""winding"": ""out""}"
B_CONE_p0550_s23,sweep_conefloor.csv,cone3d,cone/flat,23,d100,-20.0,0.0014476357027888298,0.04999997094273567,0.0021548415534198284,d100,"{""backing"": 2.0, ""depth"": 50.0, ""depth_jitter"": 0.0, ""face_h"": 60.0, ""face_w"": 60.0, ""height_seg"": 12, ""jitter"": 0.3, ""margin_depths"": 2.0, ""pitch"": 5.5, ""profile_power"": 1.0, ""radial_seg"": 24, ""seed"": 23, ""tip_radius"": 0.2, ""winding"": ""out""}"
B_CONE_p0550_s23,sweep_conefloor.csv,cone3d,cone/flat,23,d100,20.0,0.0014535129303112626,0.04999997094273567,0.0021548415534198284,d100,"{""backing"": 2.0, ""depth"": 50.0, ""depth_jitter"": 0.0, ""face_h"": 60.0, ""face_w"": 60.0, ""height_seg"": 12, ""jitter"": 0.3, ""margin_depths"": 2.0, ""pitch"": 5.5, ""profile_power"": 1.0, ""radial_seg"": 24, ""seed"": 23, ""tip_radius"": 0.2, ""winding"": ""out""}"
B_CONE_p0550_s23,sweep_conefloor.csv,cone3d,cone/flat,23,d100,-40.0,0.002135601593181491,0.04999997094273567,0.0021548415534198284,d100,"{""backing"": 2.0, ""depth"": 50.0, ""depth_jitter"": 0.0, ""face_h"": 60.0, ""face_w"": 60.0, ""height_seg"": 12, ""jitter"": 0.3, ""margin_depths"": 2.0, ""pitch"": 5.5, ""profile_power"": 1.0, ""radial_seg"": 24, ""seed"": 23, ""tip_radius"": 0.2, ""winding"": ""out""}"
B_CONE_p0550_s23,sweep_conefloor.csv,cone3d,cone/flat,23,d100,40.0,0.0021547884680330753,0.04999997094273567,0.0021548415534198284,d100,"{""backing"": 2.0, ""depth"": 50.0, ""depth_jitter"": 0.0, ""face_h"": 60.0, ""face_w"": 60.0, ""height_seg"": 12, ""jitter"": 0.3, ""margin_depths"": 2.0, ""pitch"": 5.5, ""profile_power"": 1.0, ""radial_seg"": 24, ""seed"": 23, ""tip_radius"": 0.2, ""winding"": ""out""}"
BH_p055_t02_grid_s23,sweep_bladehood.csv,stack,shingle/pyramid,23,d00,0.0,0.00048785924445837736,0.04999997094273567,0.0018418713007122278,d100,"{""backing"": 2.0, ""bot"": ""pyramid"", ""bot_depth"": 3.0, ""bot_params"": {""margin_depth_ref"": 50.0, ""pitch"": 2.0, ""tip_flat"": 0.1}, ""face_h"": 60.0, ""face_w"": 60.0, ""margin_depths"": 2.0, ""seed"": 23, ""top"": ""shingle"", ""top_depth"": 47.0, ""top_params"": {""azimuth_mode"": ""grid"", ""jitter"": 0.3, ""pitch"": 5.5, ""plate_over"": 1.15, ""plate_t_bot"": 0.05, ""plate_t_top"": 0.05, ""tilt_deg"": 2.0, ""tilt_jitter"": 0.0}, ""winding"": ""out""}"
BH_p055_t02_grid_s23,sweep_bladehood.csv,stack,shingle/pyramid,23,d00,-20.0,0.00038580087129957974,0.04999997094273567,0.0018418713007122278,d100,"{""backing"": 2.0, ""bot"": ""pyramid"", ""bot_depth"": 3.0, ""bot_params"": {""margin_depth_ref"": 50.0, ""pitch"": 2.0, ""tip_flat"": 0.1}, ""face_h"": 60.0, ""face_w"": 60.0, ""margin_depths"": 2.0, ""seed"": 23, ""top"": ""shingle"", ""top_depth"": 47.0, ""top_params"": {""azimuth_mode"": ""grid"", ""jitter"": 0.3, ""pitch"": 5.5, ""plate_over"": 1.15, ""plate_t_bot"": 0.05, ""plate_t_top"": 0.05, ""tilt_deg"": 2.0, ""tilt_jitter"": 0.0}, ""winding"": ""out""}"
BH_p055_t02_grid_s23,sweep_bladehood.csv,stack,shingle/pyramid,23,d00,20.0,0.0003515302378218621,0.04999997094273567,0.0018418713007122278,d100,"{""backing"": 2.0, ""bot"": ""pyramid"", ""bot_depth"": 3.0, ""bot_params"": {""margin_depth_ref"": 50.0, ""pitch"": 2.0, ""tip_flat"": 0.1}, ""face_h"": 60.0, ""face_w"": 60.0, ""margin_depths"": 2.0, ""seed"": 23, ""top"": ""shingle"", ""top_depth"": 47.0, ""top_params"": {""azimuth_mode"": ""grid"", ""jitter"": 0.3, ""pitch"": 5.5, ""plate_over"": 1.15, ""plate_t_bot"": 0.05, ""plate_t_top"": 0.05, ""tilt_deg"": 2.0, ""tilt_jitter"": 0.0}, ""winding"": ""out""}"
BH_p055_t02_grid_s23,sweep_bladehood.csv,stack,shingle/pyramid,23,d00,-40.0,0.0003264552215114236,0.04999997094273567,0.0018418713007122278,d100,"{""backing"": 2.0, ""bot"": ""pyramid"", ""bot_depth"": 3.0, ""bot_params"": {""margin_depth_ref"": 50.0, ""pitch"": 2.0, ""tip_flat"": 0.1}, ""face_h"": 60.0, ""face_w"": 60.0, ""margin_depths"": 2.0, ""seed"": 23, ""top"": ""shingle"", ""top_depth"": 47.0, ""top_params"": {""azimuth_mode"": ""grid"", ""jitter"": 0.3, ""pitch"": 5.5, ""plate_over"": 1.15, ""plate_t_bot"": 0.05, ""plate_t_top"": 0.05, ""tilt_deg"": 2.0, ""tilt_jitter"": 0.0}, ""winding"": ""out""}"
BH_p055_t02_grid_s23,sweep_bladehood.csv,stack,shingle/pyramid,23,d00,40.0,0.00031467515509575605,0.04999997094273567,0.0018418713007122278,d100,"{""backing"": 2.0, ""bot"": ""pyramid"", ""bot_depth"": 3.0, ""bot_params"": {""margin_depth_ref"": 50.0, ""pitch"": 2.0, ""tip_flat"": 0.1}, ""face_h"": 60.0, ""face_w"": 60.0, ""margin_depths"": 2.0, ""seed"": 23, ""top"": ""shingle"", ""top_depth"": 47.0, ""top_params"": {""azimuth_mode"": ""grid"", ""jitter"": 0.3, ""pitch"": 5.5, ""plate_over"": 1.15, ""plate_t_bot"": 0.05, ""plate_t_top"": 0.05, ""tilt_deg"": 2.0, ""tilt_jitter"": 0.0}, ""winding"": ""out""}"
BH_p055_t02_grid_s23,sweep_bladehood.csv,stack,shingle/pyramid,23,d76,0.0,0.00035205835592933,0.04999997094273567,0.0018418713007122278,d100,"{""backing"": 2.0, ""bot"": ""pyramid"", ""bot_depth"": 3.0, ""bot_params"": {""margin_depth_ref"": 50.0, ""pitch"": 2.0, ""tip_flat"": 0.1}, ""face_h"": 60.0, ""face_w"": 60.0, ""margin_depths"": 2.0, ""seed"": 23, ""top"": ""shingle"", ""top_depth"": 47.0, ""top_params"": {""azimuth_mode"": ""grid"", ""jitter"": 0.3, ""pitch"": 5.5, ""plate_over"": 1.15, ""plate_t_bot"": 0.05, ""plate_t_top"": 0.05, ""tilt_deg"": 2.0, ""tilt_jitter"": 0.0}, ""winding"": ""out""}"
BH_p055_t02_grid_s23,sweep_bladehood.csv,stack,shingle/pyramid,23,d76,-20.0,0.0007595880888402462,0.04999997094273567,0.0018418713007122278,d100,"{""backing"": 2.0, ""bot"": ""pyramid"", ""bot_depth"": 3.0, ""bot_params"": {""margin_depth_ref"": 50.0, ""pitch"": 2.0, ""tip_flat"": 0.1}, ""face_h"": 60.0, ""face_w"": 60.0, ""margin_depths"": 2.0, ""seed"": 23, ""top"": ""shingle"", ""top_depth"": 47.0, ""top_params"": {""azimuth_mode"": ""grid"", ""jitter"": 0.3, ""pitch"": 5.5, ""plate_over"": 1.15, ""plate_t_bot"": 0.05, ""plate_t_top"": 0.05, ""tilt_deg"": 2.0, ""tilt_jitter"": 0.0}, ""winding"": ""out""}"
BH_p055_t02_grid_s23,sweep_bladehood.csv,stack,shingle/pyramid,23,d76,20.0,0.0008902199915610254,0.04999997094273567,0.0018418713007122278,d100,"{""backing"": 2.0, ""bot"": ""pyramid"", ""bot_depth"": 3.0, ""bot_params"": {""margin_depth_ref"": 50.0, ""pitch"": 2.0, ""tip_flat"": 0.1}, ""face_h"": 60.0, ""face_w"": 60.0, ""margin_depths"": 2.0, ""seed"": 23, ""top"": ""shingle"", ""top_depth"": 47.0, ""top_params"": {""azimuth_mode"": ""grid"", ""jitter"": 0.3, ""pitch"": 5.5, ""plate_over"": 1.15, ""plate_t_bot"": 0.05, ""plate_t_top"": 0.05, ""tilt_deg"": 2.0, ""tilt_jitter"": 0.0}, ""winding"": ""out""}"
BH_p055_t02_grid_s23,sweep_bladehood.csv,stack,shingle/pyramid,23,d76,-40.0,0.0013261995045468211,0.04999997094273567,0.0018418713007122278,d100,"{""backing"": 2.0, ""bot"": ""pyramid"", ""bot_depth"": 3.0, ""bot_params"": {""margin_depth_ref"": 50.0, ""pitch"": 2.0, ""tip_flat"": 0.1}, ""face_h"": 60.0, ""face_w"": 60.0, ""margin_depths"": 2.0, ""seed"": 23, ""top"": ""shingle"", ""top_depth"": 47.0, ""top_params"": {""azimuth_mode"": ""grid"", ""jitter"": 0.3, ""pitch"": 5.5, ""plate_over"": 1.15, ""plate_t_bot"": 0.05, ""plate_t_top"": 0.05, ""tilt_deg"": 2.0, ""tilt_jitter"": 0.0}, ""winding"": ""out""}"
BH_p055_t02_grid_s23,sweep_bladehood.csv,stack,shingle/pyramid,23,d76,40.0,0.0014644364127889276,0.04999997094273567,0.0018418713007122278,d100,"{""backing"": 2.0, ""bot"": ""pyramid"", ""bot_depth"": 3.0, ""bot_params"": {""margin_depth_ref"": 50.0, ""pitch"": 2.0, ""tip_flat"": 0.1}, ""face_h"": 60.0, ""face_w"": 60.0, ""margin_depths"": 2.0, ""seed"": 23, ""top"": ""shingle"", ""top_depth"": 47.0, ""top_params"": {""azimuth_mode"": ""grid"", ""jitter"": 0.3, ""pitch"": 5.5, ""plate_over"": 1.15, ""plate_t_bot"": 0.05, ""plate_t_top"": 0.05, ""tilt_deg"": 2.0, ""tilt_jitter"": 0.0}, ""winding"": ""out""}"
BH_p055_t02_grid_s23,sweep_bladehood.csv,stack,shingle/pyramid,23,d100,0.0,0.0003221387160010636,0.04999997094273567,0.0018418713007122278,d100,"{""backing"": 2.0, ""bot"": ""pyramid"", ""bot_depth"": 3.0, ""bot_params"": {""margin_depth_ref"": 50.0, ""pitch"": 2.0, ""tip_flat"": 0.1}, ""face_h"": 60.0, ""face_w"": 60.0, ""margin_depths"": 2.0, ""seed"": 23, ""top"": ""shingle"", ""top_depth"": 47.0, ""top_params"": {""azimuth_mode"": ""grid"", ""jitter"": 0.3, ""pitch"": 5.5, ""plate_over"": 1.15, ""plate_t_bot"": 0.05, ""plate_t_top"": 0.05, ""tilt_deg"": 2.0, ""tilt_jitter"": 0.0}, ""winding"": ""out""}"
BH_p055_t02_grid_s23,sweep_bladehood.csv,stack,shingle/pyramid,23,d100,-20.0,0.0008849176811054349,0.04999997094273567,0.0018418713007122278,d100,"{""backing"": 2.0, ""bot"": ""pyramid"", ""bot_depth"": 3.0, ""bot_params"": {""margin_depth_ref"": 50.0, ""pitch"": 2.0, ""tip_flat"": 0.1}, ""face_h"": 60.0, ""face_w"": 60.0, ""margin_depths"": 2.0, ""seed"": 23, ""top"": ""shingle"", ""top_depth"": 47.0, ""top_params"": {""azimuth_mode"": ""grid"", ""jitter"": 0.3, ""pitch"": 5.5, ""plate_over"": 1.15, ""plate_t_bot"": 0.05, ""plate_t_top"": 0.05, ""tilt_deg"": 2.0, ""tilt_jitter"": 0.0}, ""winding"": ""out""}"
BH_p055_t02_grid_s23,sweep_bladehood.csv,stack,shingle/pyramid,23,d100,20.0,0.0010643521090969443,0.04999997094273567,0.0018418713007122278,d100,"{""backing"": 2.0, ""bot"": ""pyramid"", ""bot_depth"": 3.0, ""bot_params"": {""margin_depth_ref"": 50.0, ""pitch"": 2.0, ""tip_flat"": 0.1}, ""face_h"": 60.0, ""face_w"": 60.0, ""margin_depths"": 2.0, ""seed"": 23, ""top"": ""shingle"", ""top_depth"": 47.0, ""top_params"": {""azimuth_mode"": ""grid"", ""jitter"": 0.3, ""pitch"": 5.5, ""plate_over"": 1.15, ""plate_t_bot"": 0.05, ""plate_t_top"": 0.05, ""tilt_deg"": 2.0, ""tilt_jitter"": 0.0}, ""winding"": ""out""}"
BH_p055_t02_grid_s23,sweep_bladehood.csv,stack,shingle/pyramid,23,d100,-40.0,0.001643416122533381,0.04999997094273567,0.0018418713007122278,d100,"{""backing"": 2.0, ""bot"": ""pyramid"", ""bot_depth"": 3.0, ""bot_params"": {""margin_depth_ref"": 50.0, ""pitch"": 2.0, ""tip_flat"": 0.1}, ""face_h"": 60.0, ""face_w"": 60.0, ""margin_depths"": 2.0, ""seed"": 23, ""top"": ""shingle"", ""top_depth"": 47.0, ""top_params"": {""azimuth_mode"": ""grid"", ""jitter"": 0.3, ""pitch"": 5.5, ""plate_over"": 1.15, ""plate_t_bot"": 0.05, ""plate_t_top"": 0.05, ""tilt_deg"": 2.0, ""tilt_jitter"": 0.0}, ""winding"": ""out""}"
BH_p055_t02_grid_s23,sweep_bladehood.csv,stack,shingle/pyramid,23,d100,40.0,0.0018418728141114116,0.04999997094273567,0.0018418713007122278,d100,"{""backing"": 2.0, ""bot"": ""pyramid"", ""bot_depth"": 3.0, ""bot_params"": {""margin_depth_ref"": 50.0, ""pitch"": 2.0, ""tip_flat"": 0.1}, ""face_h"": 60.0, ""face_w"": 60.0, ""margin_depths"": 2.0, ""seed"": 23, ""top"": ""shingle"", ""top_depth"": 47.0, ""top_params"": {""azimuth_mode"": ""grid"", ""jitter"": 0.3, ""pitch"": 5.5, ""plate_over"": 1.15, ""plate_t_bot"": 0.05, ""plate_t_top"": 0.05, ""tilt_deg"": 2.0, ""tilt_jitter"": 0.0}, ""winding"": ""out""}"
AZ_comb_p00_s23,sweep_azimuth.csv,topo,comb,23,d00,0.0,0.0016401730244979262,0.049771495163440704,0.0022275468800216913,d100,"{""backing"": 2.0, ""depth"": 50.0, ""face_h"": 60.0, ""face_w"": 60.0, ""jitter"": 0.0, ""margin_depths"": 2.0, ""pitch"": 6.5, ""seed"": 23, ""topology"": ""comb"", ""wall_bot"": 0.08, ""wall_top"": 0.08, ""winding"": ""out""}"
AZ_comb_p00_s23,sweep_azimuth.csv,topo,comb,23,d00,-20.0,0.00044779680320061743,0.049724020063877106,0.0022275468800216913,d100,"{""backing"": 2.0, ""depth"": 50.0, ""face_h"": 60.0, ""face_w"": 60.0, ""jitter"": 0.0, ""margin_depths"": 2.0, ""pitch"": 6.5, ""seed"": 23, ""topology"": ""comb"", ""wall_bot"": 0.08, ""wall_top"": 0.08, ""winding"": ""out""}"
AZ_comb_p00_s23,sweep_azimuth.csv,topo,comb,23,d00,20.0,0.00044947024434804916,0.049731478095054626,0.0022275468800216913,d100,"{""backing"": 2.0, ""depth"": 50.0, ""face_h"": 60.0, ""face_w"": 60.0, ""jitter"": 0.0, ""margin_depths"": 2.0, ""pitch"": 6.5, ""seed"": 23, ""topology"": ""comb"", ""wall_bot"": 0.08, ""wall_top"": 0.08, ""winding"": ""out""}"
AZ_comb_p00_s23,sweep_azimuth.csv,topo,comb,23,d00,-40.0,0.0004313514509703964,0.049719568341970444,0.0022275468800216913,d100,"{""backing"": 2.0, ""depth"": 50.0, ""face_h"": 60.0, ""face_w"": 60.0, ""jitter"": 0.0, ""margin_depths"": 2.0, ""pitch"": 6.5, ""seed"": 23, ""topology"": ""comb"", ""wall_bot"": 0.08, ""wall_top"": 0.08, ""winding"": ""out""}"
AZ_comb_p00_s23,sweep_azimuth.csv,topo,comb,23,d00,40.0,0.0004338577564340085,0.04971839487552643,0.0022275468800216913,d100,"{""backing"": 2.0, ""depth"": 50.0, ""face_h"": 60.0, ""face_w"": 60.0, ""jitter"": 0.0, ""margin_depths"": 2.0, ""pitch"": 6.5, ""seed"": 23, ""topology"": ""comb"", ""wall_bot"": 0.08, ""wall_top"": 0.08, ""winding"": ""out""}"
AZ_comb_p00_s23,sweep_azimuth.csv,topo,comb,23,d76,0.0,0.0006162782083265483,0.0497635081410408,0.0022275468800216913,d100,"{""backing"": 2.0, ""depth"": 50.0, ""face_h"": 60.0, ""face_w"": 60.0, ""jitter"": 0.0, ""margin_depths"": 2.0, ""pitch"": 6.5, ""seed"": 23, ""topology"": ""comb"", ""wall_bot"": 0.08, ""wall_top"": 0.08, ""winding"": ""out""}"
AZ_comb_p00_s23,sweep_azimuth.csv,topo,comb,23,d76,-20.0,0.0010518430499359965,0.04971447214484215,0.0022275468800216913,d100,"{""backing"": 2.0, ""depth"": 50.0, ""face_h"": 60.0, ""face_w"": 60.0, ""jitter"": 0.0, ""margin_depths"": 2.0, ""pitch"": 6.5, ""seed"": 23, ""topology"": ""comb"", ""wall_bot"": 0.08, ""wall_top"": 0.08, ""winding"": ""out""}"
AZ_comb_p00_s23,sweep_azimuth.csv,topo,comb,23,d76,20.0,0.001044755452312529,0.0497225858271122,0.0022275468800216913,d100,"{""backing"": 2.0, ""depth"": 50.0, ""face_h"": 60.0, ""face_w"": 60.0, ""jitter"": 0.0, ""margin_depths"": 2.0, ""pitch"": 6.5, ""seed"": 23, ""topology"": ""comb"", ""wall_bot"": 0.08, ""wall_top"": 0.08, ""winding"": ""out""}"
AZ_comb_p00_s23,sweep_azimuth.csv,topo,comb,23,d76,-40.0,0.0017907958244904876,0.04971007630228996,0.0022275468800216913,d100,"{""backing"": 2.0, ""depth"": 50.0, ""face_h"": 60.0, ""face_w"": 60.0, ""jitter"": 0.0, ""margin_depths"": 2.0, ""pitch"": 6.5, ""seed"": 23, ""topology"": ""comb"", ""wall_bot"": 0.08, ""wall_top"": 0.08, ""winding"": ""out""}"
AZ_comb_p00_s23,sweep_azimuth.csv,topo,comb,23,d76,40.0,0.001777422847226262,0.04970714449882507,0.0022275468800216913,d100,"{""backing"": 2.0, ""depth"": 50.0, ""face_h"": 60.0, ""face_w"": 60.0, ""jitter"": 0.0, ""margin_depths"": 2.0, ""pitch"": 6.5, ""seed"": 23, ""topology"": ""comb"", ""wall_bot"": 0.08, ""wall_top"": 0.08, ""winding"": ""out""}"
AZ_comb_p00_s23,sweep_azimuth.csv,topo,comb,23,d100,0.0,0.00035733694676309824,0.04976140335202217,0.0022275468800216913,d100,"{""backing"": 2.0, ""depth"": 50.0, ""face_h"": 60.0, ""face_w"": 60.0, ""jitter"": 0.0, ""margin_depths"": 2.0, ""pitch"": 6.5, ""seed"": 23, ""topology"": ""comb"", ""wall_bot"": 0.08, ""wall_top"": 0.08, ""winding"": ""out""}"
AZ_comb_p00_s23,sweep_azimuth.csv,topo,comb,23,d100,-20.0,0.001255986513569951,0.04971151426434517,0.0022275468800216913,d100,"{""backing"": 2.0, ""depth"": 50.0, ""face_h"": 60.0, ""face_w"": 60.0, ""jitter"": 0.0, ""margin_depths"": 2.0, ""pitch"": 6.5, ""seed"": 23, ""topology"": ""comb"", ""wall_bot"": 0.08, ""wall_top"": 0.08, ""winding"": ""out""}"
AZ_comb_p00_s23,sweep_azimuth.csv,topo,comb,23,d100,20.0,0.0012439190177246928,0.04971959441900253,0.0022275468800216913,d100,"{""backing"": 2.0, ""depth"": 50.0, ""face_h"": 60.0, ""face_w"": 60.0, ""jitter"": 0.0, ""margin_depths"": 2.0, ""pitch"": 6.5, ""seed"": 23, ""topology"": ""comb"", ""wall_bot"": 0.08, ""wall_top"": 0.08, ""winding"": ""out""}"
AZ_comb_p00_s23,sweep_azimuth.csv,topo,comb,23,d100,-40.0,0.002227443503215909,0.049706172198057175,0.0022275468800216913,d100,"{""backing"": 2.0, ""depth"": 50.0, ""face_h"": 60.0, ""face_w"": 60.0, ""jitter"": 0.0, ""margin_depths"": 2.0, ""pitch"": 6.5, ""seed"": 23, ""topology"": ""comb"", ""wall_bot"": 0.08, ""wall_top"": 0.08, ""winding"": ""out""}"
AZ_comb_p00_s23,sweep_azimuth.csv,topo,comb,23,d100,40.0,0.002209368161857128,0.04970351234078407,0.0022275468800216913,d100,"{""backing"": 2.0, ""depth"": 50.0, ""face_h"": 60.0, ""face_w"": 60.0, ""jitter"": 0.0, ""margin_depths"": 2.0, ""pitch"": 6.5, ""seed"": 23, ""topology"": ""comb"", ""wall_bot"": 0.08, ""wall_top"": 0.08, ""winding"": ""out""}"
B_HONE_p0086_f030_s23,sweep_buildable.csv,topo,honeycomb,23,d00,0.0,0.0007321489392779768,0.04999997094273567,0.0025590306613594294,d100,"{""backing"": 2.0, ""depth"": 50.0, ""face_h"": 60.0, ""face_w"": 60.0, ""jitter"": 0.3, ""margin_depths"": 2.0, ""pitch"": 0.86, ""seed"": 23, ""topology"": ""honeycomb"", ""wall_bot"": 0.03, ""wall_top"": 0.03, ""winding"": ""out""}"
B_HONE_p0086_f030_s23,sweep_buildable.csv,topo,honeycomb,23,d00,-20.0,0.000932006340008229,0.04999997094273567,0.0025590306613594294,d100,"{""backing"": 2.0, ""depth"": 50.0, ""face_h"": 60.0, ""face_w"": 60.0, ""jitter"": 0.3, ""margin_depths"": 2.0, ""pitch"": 0.86, ""seed"": 23, ""topology"": ""honeycomb"", ""wall_bot"": 0.03, ""wall_top"": 0.03, ""winding"": ""out""}"
B_HONE_p0086_f030_s23,sweep_buildable.csv,topo,honeycomb,23,d00,20.0,0.0009342466946691275,0.04999997094273567,0.0025590306613594294,d100,"{""backing"": 2.0, ""depth"": 50.0, ""face_h"": 60.0, ""face_w"": 60.0, ""jitter"": 0.3, ""margin_depths"": 2.0, ""pitch"": 0.86, ""seed"": 23, ""topology"": ""honeycomb"", ""wall_bot"": 0.03, ""wall_top"": 0.03, ""winding"": ""out""}"
B_HONE_p0086_f030_s23,sweep_buildable.csv,topo,honeycomb,23,d00,-40.0,0.0009457118576392531,0.04999997094273567,0.0025590306613594294,d100,"{""backing"": 2.0, ""depth"": 50.0, ""face_h"": 60.0, ""face_w"": 60.0, ""jitter"": 0.3, ""margin_depths"": 2.0, ""pitch"": 0.86, ""seed"": 23, ""topology"": ""honeycomb"", ""wall_bot"": 0.03, ""wall_top"": 0.03, ""winding"": ""out""}"
B_HONE_p0086_f030_s23,sweep_buildable.csv,topo,honeycomb,23,d00,40.0,0.0009346878505311906,0.04999997094273567,0.0025590306613594294,d100,"{""backing"": 2.0, ""depth"": 50.0, ""face_h"": 60.0, ""face_w"": 60.0, ""jitter"": 0.3, ""margin_depths"": 2.0, ""pitch"": 0.86, ""seed"": 23, ""topology"": ""honeycomb"", ""wall_bot"": 0.03, ""wall_top"": 0.03, ""winding"": ""out""}"
B_HONE_p0086_f030_s23,sweep_buildable.csv,topo,honeycomb,23,d76,0.0,0.000706000195350498,0.04999997094273567,0.0025590306613594294,d100,"{""backing"": 2.0, ""depth"": 50.0, ""face_h"": 60.0, ""face_w"": 60.0, ""jitter"": 0.3, ""margin_depths"": 2.0, ""pitch"": 0.86, ""seed"": 23, ""topology"": ""honeycomb"", ""wall_bot"": 0.03, ""wall_top"": 0.03, ""winding"": ""out""}"
B_HONE_p0086_f030_s23,sweep_buildable.csv,topo,honeycomb,23,d76,-20.0,0.001478829886764288,0.04999997094273567,0.0025590306613594294,d100,"{""backing"": 2.0, ""depth"": 50.0, ""face_h"": 60.0, ""face_w"": 60.0, ""jitter"": 0.3, ""margin_depths"": 2.0, ""pitch"": 0.86, ""seed"": 23, ""topology"": ""honeycomb"", ""wall_bot"": 0.03, ""wall_top"": 0.03, ""winding"": ""out""}"
B_HONE_p0086_f030_s23,sweep_buildable.csv,topo,honeycomb,23,d76,20.0,0.0014774545561522245,0.04999997094273567,0.0025590306613594294,d100,"{""backing"": 2.0, ""depth"": 50.0, ""face_h"": 60.0, ""face_w"": 60.0, ""jitter"": 0.3, ""margin_depths"": 2.0, ""pitch"": 0.86, ""seed"": 23, ""topology"": ""honeycomb"", ""wall_bot"": 0.03, ""wall_top"": 0.03, ""winding"": ""out""}"
B_HONE_p0086_f030_s23,sweep_buildable.csv,topo,honeycomb,23,d76,-40.0,0.0021476068068295717,0.04999997094273567,0.0025590306613594294,d100,"{""backing"": 2.0, ""depth"": 50.0, ""face_h"": 60.0, ""face_w"": 60.0, ""jitter"": 0.3, ""margin_depths"": 2.0, ""pitch"": 0.86, ""seed"": 23, ""topology"": ""honeycomb"", ""wall_bot"": 0.03, ""wall_top"": 0.03, ""winding"": ""out""}"
B_HONE_p0086_f030_s23,sweep_buildable.csv,topo,honeycomb,23,d76,40.0,0.0021572872065007687,0.04999997094273567,0.0025590306613594294,d100,"{""backing"": 2.0, ""depth"": 50.0, ""face_h"": 60.0, ""face_w"": 60.0, ""jitter"": 0.3, ""margin_depths"": 2.0, ""pitch"": 0.86, ""seed"": 23, ""topology"": ""honeycomb"", ""wall_bot"": 0.03, ""wall_top"": 0.03, ""winding"": ""out""}"
B_HONE_p0086_f030_s23,sweep_buildable.csv,topo,honeycomb,23,d100,0.0,0.0007001104531809688,0.04999997094273567,0.0025590306613594294,d100,"{""backing"": 2.0, ""depth"": 50.0, ""face_h"": 60.0, ""face_w"": 60.0, ""jitter"": 0.3, ""margin_depths"": 2.0, ""pitch"": 0.86, ""seed"": 23, ""topology"": ""honeycomb"", ""wall_bot"": 0.03, ""wall_top"": 0.03, ""winding"": ""out""}"
B_HONE_p0086_f030_s23,sweep_buildable.csv,topo,honeycomb,23,d100,-20.0,0.0016638718079775572,0.04999997094273567,0.0025590306613594294,d100,"{""backing"": 2.0, ""depth"": 50.0, ""face_h"": 60.0, ""face_w"": 60.0, ""jitter"": 0.3, ""margin_depths"": 2.0, ""pitch"": 0.86, ""seed"": 23, ""topology"": ""honeycomb"", ""wall_bot"": 0.03, ""wall_top"": 0.03, ""winding"": ""out""}"
B_HONE_p0086_f030_s23,sweep_buildable.csv,topo,honeycomb,23,d100,20.0,0.0016670111799612641,0.04999997094273567,0.0025590306613594294,d100,"{""backing"": 2.0, ""depth"": 50.0, ""face_h"": 60.0, ""face_w"": 60.0, ""jitter"": 0.3, ""margin_depths"": 2.0, ""pitch"": 0.86, ""seed"": 23, ""topology"": ""honeycomb"", ""wall_bot"": 0.03, ""wall_top"": 0.03, ""winding"": ""out""}"
B_HONE_p0086_f030_s23,sweep_buildable.csv,topo,honeycomb,23,d100,-40.0,0.0025480922777205706,0.04999997094273567,0.0025590306613594294,d100,"{""backing"": 2.0, ""depth"": 50.0, ""face_h"": 60.0, ""face_w"": 60.0, ""jitter"": 0.3, ""margin_depths"": 2.0, ""pitch"": 0.86, ""seed"": 23, ""topology"": ""honeycomb"", ""wall_bot"": 0.03, ""wall_top"": 0.03, ""winding"": ""out""}"
B_HONE_p0086_f030_s23,sweep_buildable.csv,topo,honeycomb,23,d100,40.0,0.002559082582592964,0.04999997094273567,0.0025590306613594294,d100,"{""backing"": 2.0, ""depth"": 50.0, ""face_h"": 60.0, ""face_w"": 60.0, ""jitter"": 0.3, ""margin_depths"": 2.0, ""pitch"": 0.86, ""seed"": 23, ""topology"": ""honeycomb"", ""wall_bot"": 0.03, ""wall_top"": 0.03, ""winding"": ""out""}"
BL_FLAT_t050_p0550_a02_grid_s23,sweep_blade.csv,topo,,23,d00,0.0,0.002076825825497508,0.04999997094273567,0.002079399535432458,d00,"{""azimuth_jitter"": 180.0, ""azimuth_mode"": ""grid"", ""backing"": 2.0, ""depth"": 50.0, ""face_h"": 60.0, ""face_w"": 60.0, ""jitter"": 0.3, ""margin_depths"": 2.0, ""pitch"": 5.5, ""plate_over"": 1.15, ""plate_t_bot"": 0.05, ""plate_t_top"": 0.05, ""seed"": 23, ""tilt_deg"": 2.0, ""tilt_jitter"": 0.0, ""topology"": ""shingle"", ""winding"": ""out""}"
BL_FLAT_t050_p0550_a02_grid_s23,sweep_blade.csv,topo,,23,d00,-20.0,0.00043355132220312953,0.04999997094273567,0.002079399535432458,d00,"{""azimuth_jitter"": 180.0, ""azimuth_mode"": ""grid"", ""backing"": 2.0, ""depth"": 50.0, ""face_h"": 60.0, ""face_w"": 60.0, ""jitter"": 0.3, ""margin_depths"": 2.0, ""pitch"": 5.5, ""plate_over"": 1.15, ""plate_t_bot"": 0.05, ""plate_t_top"": 0.05, ""seed"": 23, ""tilt_deg"": 2.0, ""tilt_jitter"": 0.0, ""topology"": ""shingle"", ""winding"": ""out""}"
BL_FLAT_t050_p0550_a02_grid_s23,sweep_blade.csv,topo,,23,d00,20.0,0.0004004385555163026,0.04999997094273567,0.002079399535432458,d00,"{""azimuth_jitter"": 180.0, ""azimuth_mode"": ""grid"", ""backing"": 2.0, ""depth"": 50.0, ""face_h"": 60.0, ""face_w"": 60.0, ""jitter"": 0.3, ""margin_depths"": 2.0, ""pitch"": 5.5, ""plate_over"": 1.15, ""plate_t_bot"": 0.05, ""plate_t_top"": 0.05, ""seed"": 23, ""tilt_deg"": 2.0, ""tilt_jitter"": 0.0, ""topology"": ""shingle"", ""winding"": ""out""}"
BL_FLAT_t050_p0550_a02_grid_s23,sweep_blade.csv,topo,,23,d00,-40.0,0.000354799791239202,0.04999997094273567,0.002079399535432458,d00,"{""azimuth_jitter"": 180.0, ""azimuth_mode"": ""grid"", ""backing"": 2.0, ""depth"": 50.0, ""face_h"": 60.0, ""face_w"": 60.0, ""jitter"": 0.3, ""margin_depths"": 2.0, ""pitch"": 5.5, ""plate_over"": 1.15, ""plate_t_bot"": 0.05, ""plate_t_top"": 0.05, ""seed"": 23, ""tilt_deg"": 2.0, ""tilt_jitter"": 0.0, ""topology"": ""shingle"", ""winding"": ""out""}"
BL_FLAT_t050_p0550_a02_grid_s23,sweep_blade.csv,topo,,23,d00,40.0,0.000351426366250962,0.04999997094273567,0.002079399535432458,d00,"{""azimuth_jitter"": 180.0, ""azimuth_mode"": ""grid"", ""backing"": 2.0, ""depth"": 50.0, ""face_h"": 60.0, ""face_w"": 60.0, ""jitter"": 0.3, ""margin_depths"": 2.0, ""pitch"": 5.5, ""plate_over"": 1.15, ""plate_t_bot"": 0.05, ""plate_t_top"": 0.05, ""seed"": 23, ""tilt_deg"": 2.0, ""tilt_jitter"": 0.0, ""topology"": ""shingle"", ""winding"": ""out""}"
BL_FLAT_t050_p0550_a02_grid_s23,sweep_blade.csv,topo,,23,d76,0.0,0.000740832241717726,0.04999997094273567,0.002079399535432458,d00,"{""azimuth_jitter"": 180.0, ""azimuth_mode"": ""grid"", ""backing"": 2.0, ""depth"": 50.0, ""face_h"": 60.0, ""face_w"": 60.0, ""jitter"": 0.3, ""margin_depths"": 2.0, ""pitch"": 5.5, ""plate_over"": 1.15, ""plate_t_bot"": 0.05, ""plate_t_top"": 0.05, ""seed"": 23, ""tilt_deg"": 2.0, ""tilt_jitter"": 0.0, ""topology"": ""shingle"", ""winding"": ""out""}"
BL_FLAT_t050_p0550_a02_grid_s23,sweep_blade.csv,topo,,23,d76,-20.0,0.0007789186201989651,0.04999997094273567,0.002079399535432458,d00,"{""azimuth_jitter"": 180.0, ""azimuth_mode"": ""grid"", ""backing"": 2.0, ""depth"": 50.0, ""face_h"": 60.0, ""face_w"": 60.0, ""jitter"": 0.3, ""margin_depths"": 2.0, ""pitch"": 5.5, ""plate_over"": 1.15, ""plate_t_bot"": 0.05, ""plate_t_top"": 0.05, ""seed"": 23, ""tilt_deg"": 2.0, ""tilt_jitter"": 0.0, ""topology"": ""shingle"", ""winding"": ""out""}"
BL_FLAT_t050_p0550_a02_grid_s23,sweep_blade.csv,topo,,23,d76,20.0,0.0009138871682807803,0.04999997094273567,0.002079399535432458,d00,"{""azimuth_jitter"": 180.0, ""azimuth_mode"": ""grid"", ""backing"": 2.0, ""depth"": 50.0, ""face_h"": 60.0, ""face_w"": 60.0, ""jitter"": 0.3, ""margin_depths"": 2.0, ""pitch"": 5.5, ""plate_over"": 1.15, ""plate_t_bot"": 0.05, ""plate_t_top"": 0.05, ""seed"": 23, ""tilt_deg"": 2.0, ""tilt_jitter"": 0.0, ""topology"": ""shingle"", ""winding"": ""out""}"
BL_FLAT_t050_p0550_a02_grid_s23,sweep_blade.csv,topo,,23,d76,-40.0,0.0013282984727993608,0.04999997094273567,0.002079399535432458,d00,"{""azimuth_jitter"": 180.0, ""azimuth_mode"": ""grid"", ""backing"": 2.0, ""depth"": 50.0, ""face_h"": 60.0, ""face_w"": 60.0, ""jitter"": 0.3, ""margin_depths"": 2.0, ""pitch"": 5.5, ""plate_over"": 1.15, ""plate_t_bot"": 0.05, ""plate_t_top"": 0.05, ""seed"": 23, ""tilt_deg"": 2.0, ""tilt_jitter"": 0.0, ""topology"": ""shingle"", ""winding"": ""out""}"
BL_FLAT_t050_p0550_a02_grid_s23,sweep_blade.csv,topo,,23,d76,40.0,0.0014876379864290357,0.04999997094273567,0.002079399535432458,d00,"{""azimuth_jitter"": 180.0, ""azimuth_mode"": ""grid"", ""backing"": 2.0, ""depth"": 50.0, ""face_h"": 60.0, ""face_w"": 60.0, ""jitter"": 0.3, ""margin_depths"": 2.0, ""pitch"": 5.5, ""plate_over"": 1.15, ""plate_t_bot"": 0.05, ""plate_t_top"": 0.05, ""seed"": 23, ""tilt_deg"": 2.0, ""tilt_jitter"": 0.0, ""topology"": ""shingle"", ""winding"": ""out""}"
BL_FLAT_t050_p0550_a02_grid_s23,sweep_blade.csv,topo,,23,d100,0.0,0.00038246065378189087,0.04999997094273567,0.002079399535432458,d00,"{""azimuth_jitter"": 180.0, ""azimuth_mode"": ""grid"", ""backing"": 2.0, ""depth"": 50.0, ""face_h"": 60.0, ""face_w"": 60.0, ""jitter"": 0.3, ""margin_depths"": 2.0, ""pitch"": 5.5, ""plate_over"": 1.15, ""plate_t_bot"": 0.05, ""plate_t_top"": 0.05, ""seed"": 23, ""tilt_deg"": 2.0, ""tilt_jitter"": 0.0, ""topology"": ""shingle"", ""winding"": ""out""}"
BL_FLAT_t050_p0550_a02_grid_s23,sweep_blade.csv,topo,,23,d100,-20.0,0.0009090953390114009,0.04999997094273567,0.002079399535432458,d00,"{""azimuth_jitter"": 180.0, ""azimuth_mode"": ""grid"", ""backing"": 2.0, ""depth"": 50.0, ""face_h"": 60.0, ""face_w"": 60.0, ""jitter"": 0.3, ""margin_depths"": 2.0, ""pitch"": 5.5, ""plate_over"": 1.15, ""plate_t_bot"": 0.05, ""plate_t_top"": 0.05, ""seed"": 23, ""tilt_deg"": 2.0, ""tilt_jitter"": 0.0, ""topology"": ""shingle"", ""winding"": ""out""}"
BL_FLAT_t050_p0550_a02_grid_s23,sweep_blade.csv,topo,,23,d100,20.0,0.0010925126262009144,0.04999997094273567,0.002079399535432458,d00,"{""azimuth_jitter"": 180.0, ""azimuth_mode"": ""grid"", ""backing"": 2.0, ""depth"": 50.0, ""face_h"": 60.0, ""face_w"": 60.0, ""jitter"": 0.3, ""margin_depths"": 2.0, ""pitch"": 5.5, ""plate_over"": 1.15, ""plate_t_bot"": 0.05, ""plate_t_top"": 0.05, ""seed"": 23, ""tilt_deg"": 2.0, ""tilt_jitter"": 0.0, ""topology"": ""shingle"", ""winding"": ""out""}"
BL_FLAT_t050_p0550_a02_grid_s23,sweep_blade.csv,topo,,23,d100,-40.0,0.001644139876589179,0.04999997094273567,0.002079399535432458,d00,"{""azimuth_jitter"": 180.0, ""azimuth_mode"": ""grid"", ""backing"": 2.0, ""depth"": 50.0, ""face_h"": 60.0, ""face_w"": 60.0, ""jitter"": 0.3, ""margin_depths"": 2.0, ""pitch"": 5.5, ""plate_over"": 1.15, ""plate_t_bot"": 0.05, ""plate_t_top"": 0.05, ""seed"": 23, ""tilt_deg"": 2.0, ""tilt_jitter"": 0.0, ""topology"": ""shingle"", ""winding"": ""out""}"
BL_FLAT_t050_p0550_a02_grid_s23,sweep_blade.csv,topo,,23,d100,40.0,0.001857689581811428,0.04999997094273567,0.002079399535432458,d00,"{""azimuth_jitter"": 180.0, ""azimuth_mode"": ""grid"", ""backing"": 2.0, ""depth"": 50.0, ""face_h"": 60.0, ""face_w"": 60.0, ""jitter"": 0.3, ""margin_depths"": 2.0, ""pitch"": 5.5, ""plate_over"": 1.15, ""plate_t_bot"": 0.05, ""plate_t_top"": 0.05, ""seed"": 23, ""tilt_deg"": 2.0, ""tilt_jitter"": 0.0, ""topology"": ""shingle"", ""winding"": ""out""}"
AN_pyr_a283,sweep_anechoic.csv,floor,pyramid,23,d00,0.0,0.0007038649055175483,0.04999997094273567,0.0025261165574193,d100,"{""backing"": 2.0, ""depth"": 50.0, ""face_h"": 60.0, ""face_w"": 60.0, ""kind"": ""pyramid"", ""margin_depths"": 2.0, ""pitch"": 17.6678445229682, ""tip_flat"": 0.0, ""winding"": ""out""}"
AN_pyr_a283,sweep_anechoic.csv,floor,pyramid,23,d00,-20.0,0.00048461800906807184,0.04999997094273567,0.0025261165574193,d100,"{""backing"": 2.0, ""depth"": 50.0, ""face_h"": 60.0, ""face_w"": 60.0, ""kind"": ""pyramid"", ""margin_depths"": 2.0, ""pitch"": 17.6678445229682, ""tip_flat"": 0.0, ""winding"": ""out""}"
AN_pyr_a283,sweep_anechoic.csv,floor,pyramid,23,d00,20.0,0.0005543205770663917,0.04999997094273567,0.0025261165574193,d100,"{""backing"": 2.0, ""depth"": 50.0, ""face_h"": 60.0, ""face_w"": 60.0, ""kind"": ""pyramid"", ""margin_depths"": 2.0, ""pitch"": 17.6678445229682, ""tip_flat"": 0.0, ""winding"": ""out""}"
AN_pyr_a283,sweep_anechoic.csv,floor,pyramid,23,d00,-40.0,0.0006980131147429347,0.04999997094273567,0.0025261165574193,d100,"{""backing"": 2.0, ""depth"": 50.0, ""face_h"": 60.0, ""face_w"": 60.0, ""kind"": ""pyramid"", ""margin_depths"": 2.0, ""pitch"": 17.6678445229682, ""tip_flat"": 0.0, ""winding"": ""out""}"
AN_pyr_a283,sweep_anechoic.csv,floor,pyramid,23,d00,40.0,0.0006829919875599444,0.04999997094273567,0.0025261165574193,d100,"{""backing"": 2.0, ""depth"": 50.0, ""face_h"": 60.0, ""face_w"": 60.0, ""kind"": ""pyramid"", ""margin_depths"": 2.0, ""pitch"": 17.6678445229682, ""tip_flat"": 0.0, ""winding"": ""out""}"
AN_pyr_a283,sweep_anechoic.csv,floor,pyramid,23,d76,0.0,0.0013985326513648033,0.04999997094273567,0.0025261165574193,d100,"{""backing"": 2.0, ""depth"": 50.0, ""face_h"": 60.0, ""face_w"": 60.0, ""kind"": ""pyramid"", ""margin_depths"": 2.0, ""pitch"": 17.6678445229682, ""tip_flat"": 0.0, ""winding"": ""out""}"
AN_pyr_a283,sweep_anechoic.csv,floor,pyramid,23,d76,-20.0,0.0017138392431661487,0.04999997094273567,0.0025261165574193,d100,"{""backing"": 2.0, ""depth"": 50.0, ""face_h"": 60.0, ""face_w"": 60.0, ""kind"": ""pyramid"", ""margin_depths"": 2.0, ""pitch"": 17.6678445229682, ""tip_flat"": 0.0, ""winding"": ""out""}"
AN_pyr_a283,sweep_anechoic.csv,floor,pyramid,23,d76,20.0,0.001817499054595828,0.04999997094273567,0.0025261165574193,d100,"{""backing"": 2.0, ""depth"": 50.0, ""face_h"": 60.0, ""face_w"": 60.0, ""kind"": ""pyramid"", ""margin_depths"": 2.0, ""pitch"": 17.6678445229682, ""tip_flat"": 0.0, ""winding"": ""out""}"
AN_pyr_a283,sweep_anechoic.csv,floor,pyramid,23,d76,-40.0,0.00207691197283566,0.04999997094273567,0.0025261165574193,d100,"{""backing"": 2.0, ""depth"": 50.0, ""face_h"": 60.0, ""face_w"": 60.0, ""kind"": ""pyramid"", ""margin_depths"": 2.0, ""pitch"": 17.6678445229682, ""tip_flat"": 0.0, ""winding"": ""out""}"
AN_pyr_a283,sweep_anechoic.csv,floor,pyramid,23,d76,40.0,0.0020586310420185328,0.04999997094273567,0.0025261165574193,d100,"{""backing"": 2.0, ""depth"": 50.0, ""face_h"": 60.0, ""face_w"": 60.0, ""kind"": ""pyramid"", ""margin_depths"": 2.0, ""pitch"": 17.6678445229682, ""tip_flat"": 0.0, ""winding"": ""out""}"
AN_pyr_a283,sweep_anechoic.csv,floor,pyramid,23,d100,0.0,0.0016293121734634042,0.04999997094273567,0.0025261165574193,d100,"{""backing"": 2.0, ""depth"": 50.0, ""face_h"": 60.0, ""face_w"": 60.0, ""kind"": ""pyramid"", ""margin_depths"": 2.0, ""pitch"": 17.6678445229682, ""tip_flat"": 0.0, ""winding"": ""out""}"
AN_pyr_a283,sweep_anechoic.csv,floor,pyramid,23,d100,-20.0,0.0021082304883748293,0.04999997094273567,0.0025261165574193,d100,"{""backing"": 2.0, ""depth"": 50.0, ""face_h"": 60.0, ""face_w"": 60.0, ""kind"": ""pyramid"", ""margin_depths"": 2.0, ""pitch"": 17.6678445229682, ""tip_flat"": 0.0, ""winding"": ""out""}"
AN_pyr_a283,sweep_anechoic.csv,floor,pyramid,23,d100,20.0,0.0022367513738572598,0.04999997094273567,0.0025261165574193,d100,"{""backing"": 2.0, ""depth"": 50.0, ""face_h"": 60.0, ""face_w"": 60.0, ""kind"": ""pyramid"", ""margin_depths"": 2.0, ""pitch"": 17.6678445229682, ""tip_flat"": 0.0, ""winding"": ""out""}"
AN_pyr_a283,sweep_anechoic.csv,floor,pyramid,23,d100,-40.0,0.0025261165574193,0.04999997094273567,0.0025261165574193,d100,"{""backing"": 2.0, ""depth"": 50.0, ""face_h"": 60.0, ""face_w"": 60.0, ""kind"": ""pyramid"", ""margin_depths"": 2.0, ""pitch"": 17.6678445229682, ""tip_flat"": 0.0, ""winding"": ""out""}"
AN_pyr_a283,sweep_anechoic.csv,floor,pyramid,23,d100,40.0,0.002516814274713397,0.04999997094273567,0.0025261165574193,d100,"{""backing"": 2.0, ""depth"": 50.0, ""face_h"": 60.0, ""face_w"": 60.0, ""kind"": ""pyramid"", ""margin_depths"": 2.0, ""pitch"": 17.6678445229682, ""tip_flat"": 0.0, ""winding"": ""out""}"
AN_pyr_a909,sweep_anechoic.csv,floor,pyramid,23,d00,0.0,0.0011606424814090133,0.04999997094273567,0.0018151008989661932,d00,"{""backing"": 2.0, ""depth"": 50.0, ""face_h"": 60.0, ""face_w"": 60.0, ""kind"": ""pyramid"", ""margin_depths"": 2.0, ""pitch"": 5.5005500550055, ""tip_flat"": 0.0, ""winding"": ""out""}"
AN_pyr_a909,sweep_anechoic.csv,floor,pyramid,23,d00,-20.0,0.000606461544521153,0.04999997094273567,0.0018151008989661932,d00,"{""backing"": 2.0, ""depth"": 50.0, ""face_h"": 60.0, ""face_w"": 60.0, ""kind"": ""pyramid"", ""margin_depths"": 2.0, ""pitch"": 5.5005500550055, ""tip_flat"": 0.0, ""winding"": ""out""}"
AN_pyr_a909,sweep_anechoic.csv,floor,pyramid,23,d00,20.0,0.0006412464426830411,0.04999997094273567,0.0018151008989661932,d00,"{""backing"": 2.0, ""depth"": 50.0, ""face_h"": 60.0, ""face_w"": 60.0, ""kind"": ""pyramid"", ""margin_depths"": 2.0, ""pitch"": 5.5005500550055, ""tip_flat"": 0.0, ""winding"": ""out""}"
AN_pyr_a909,sweep_anechoic.csv,floor,pyramid,23,d00,-40.0,0.0006925971829332411,0.04999997094273567,0.0018151008989661932,d00,"{""backing"": 2.0, ""depth"": 50.0, ""face_h"": 60.0, ""face_w"": 60.0, ""kind"": ""pyramid"", ""margin_depths"": 2.0, ""pitch"": 5.5005500550055, ""tip_flat"": 0.0, ""winding"": ""out""}"
AN_pyr_a909,sweep_anechoic.csv,floor,pyramid,23,d00,40.0,0.0007081788498908281,0.04999997094273567,0.0018151008989661932,d00,"{""backing"": 2.0, ""depth"": 50.0, ""face_h"": 60.0, ""face_w"": 60.0, ""kind"": ""pyramid"", ""margin_depths"": 2.0, ""pitch"": 5.5005500550055, ""tip_flat"": 0.0, ""winding"": ""out""}"
AN_pyr_a909,sweep_anechoic.csv,floor,pyramid,23,d76,0.0,0.0007204409339465201,0.04999997094273567,0.0018151008989661932,d00,"{""backing"": 2.0, ""depth"": 50.0, ""face_h"": 60.0, ""face_w"": 60.0, ""kind"": ""pyramid"", ""margin_depths"": 2.0, ""pitch"": 5.5005500550055, ""tip_flat"": 0.0, ""winding"": ""out""}"
AN_pyr_a909,sweep_anechoic.csv,floor,pyramid,23,d76,-20.0,0.0009792466880753636,0.04999997094273567,0.0018151008989661932,d00,"{""backing"": 2.0, ""depth"": 50.0, ""face_h"": 60.0, ""face_w"": 60.0, ""kind"": ""pyramid"", ""margin_depths"": 2.0, ""pitch"": 5.5005500550055, ""tip_flat"": 0.0, ""winding"": ""out""}"
AN_pyr_a909,sweep_anechoic.csv,floor,pyramid,23,d76,20.0,0.0009854277595877647,0.04999997094273567,0.0018151008989661932,d00,"{""backing"": 2.0, ""depth"": 50.0, ""face_h"": 60.0, ""face_w"": 60.0, ""kind"": ""pyramid"", ""margin_depths"": 2.0, ""pitch"": 5.5005500550055, ""tip_flat"": 0.0, ""winding"": ""out""}"
AN_pyr_a909,sweep_anechoic.csv,floor,pyramid,23,d76,-40.0,0.0011743861250579357,0.04999997094273567,0.0018151008989661932,d00,"{""backing"": 2.0, ""depth"": 50.0, ""face_h"": 60.0, ""face_w"": 60.0, ""kind"": ""pyramid"", ""margin_depths"": 2.0, ""pitch"": 5.5005500550055, ""tip_flat"": 0.0, ""winding"": ""out""}"
AN_pyr_a909,sweep_anechoic.csv,floor,pyramid,23,d76,40.0,0.0011681081959977746,0.04999997094273567,0.0018151008989661932,d00,"{""backing"": 2.0, ""depth"": 50.0, ""face_h"": 60.0, ""face_w"": 60.0, ""kind"": ""pyramid"", ""margin_depths"": 2.0, ""pitch"": 5.5005500550055, ""tip_flat"": 0.0, ""winding"": ""out""}"
AN_pyr_a909,sweep_anechoic.csv,floor,pyramid,23,d100,0.0,0.0006007355405017734,0.04999997094273567,0.0018151008989661932,d00,"{""backing"": 2.0, ""depth"": 50.0, ""face_h"": 60.0, ""face_w"": 60.0, ""kind"": ""pyramid"", ""margin_depths"": 2.0, ""pitch"": 5.5005500550055, ""tip_flat"": 0.0, ""winding"": ""out""}"
AN_pyr_a909,sweep_anechoic.csv,floor,pyramid,23,d100,-20.0,0.0010940461652353406,0.04999997094273567,0.0018151008989661932,d00,"{""backing"": 2.0, ""depth"": 50.0, ""face_h"": 60.0, ""face_w"": 60.0, ""kind"": ""pyramid"", ""margin_depths"": 2.0, ""pitch"": 5.5005500550055, ""tip_flat"": 0.0, ""winding"": ""out""}"
AN_pyr_a909,sweep_anechoic.csv,floor,pyramid,23,d100,20.0,0.0010951333679258823,0.04999997094273567,0.0018151008989661932,d00,"{""backing"": 2.0, ""depth"": 50.0, ""face_h"": 60.0, ""face_w"": 60.0, ""kind"": ""pyramid"", ""margin_depths"": 2.0, ""pitch"": 5.5005500550055, ""tip_flat"": 0.0, ""winding"": ""out""}"
AN_pyr_a909,sweep_anechoic.csv,floor,pyramid,23,d100,-40.0,0.0013391865650191903,0.04999997094273567,0.0018151008989661932,d00,"{""backing"": 2.0, ""depth"": 50.0, ""face_h"": 60.0, ""face_w"": 60.0, ""kind"": ""pyramid"", ""margin_depths"": 2.0, ""pitch"": 5.5005500550055, ""tip_flat"": 0.0, ""winding"": ""out""}"
AN_pyr_a909,sweep_anechoic.csv,floor,pyramid,23,d100,40.0,0.0013366296188905835,0.04999997094273567,0.0018151008989661932,d00,"{""backing"": 2.0, ""depth"": 50.0, ""face_h"": 60.0, ""face_w"": 60.0, ""kind"": ""pyramid"", ""margin_depths"": 2.0, ""pitch"": 5.5005500550055, ""tip_flat"": 0.0, ""winding"": ""out""}"
AN_trn_a283,sweep_anechoic.csv,floor,truncated pyramid,23,d00,0.0,0.0010957878548651934,0.04951459914445877,0.0047100018709897995,d00,"{""backing"": 2.0, ""depth"": 50.0, ""face_h"": 60.0, ""face_w"": 60.0, ""kind"": ""pyramid"", ""margin_depths"": 2.0, ""pitch"": 17.6678445229682, ""tip_flat"": 3.53356890459364, ""winding"": ""out""}"
AN_trn_a283,sweep_anechoic.csv,floor,truncated pyramid,23,d00,-20.0,0.0007845629588700831,0.04956379905343056,0.0047100018709897995,d00,"{""backing"": 2.0, ""depth"": 50.0, ""face_h"": 60.0, ""face_w"": 60.0, ""kind"": ""pyramid"", ""margin_depths"": 2.0, ""pitch"": 17.6678445229682, ""tip_flat"": 3.53356890459364, ""winding"": ""out""}"
AN_trn_a283,sweep_anechoic.csv,floor,truncated pyramid,23,d00,20.0,0.0008594381506554782,0.04957118257880211,0.0047100018709897995,d00,"{""backing"": 2.0, ""depth"": 50.0, ""face_h"": 60.0, ""face_w"": 60.0, ""kind"": ""pyramid"", ""margin_depths"": 2.0, ""pitch"": 17.6678445229682, ""tip_flat"": 3.53356890459364, ""winding"": ""out""}"
AN_trn_a283,sweep_anechoic.csv,floor,truncated pyramid,23,d00,-40.0,0.0010236547095701098,0.04956984147429466,0.0047100018709897995,d00,"{""backing"": 2.0, ""depth"": 50.0, ""face_h"": 60.0, ""face_w"": 60.0, ""kind"": ""pyramid"", ""margin_depths"": 2.0, ""pitch"": 17.6678445229682, ""tip_flat"": 3.53356890459364, ""winding"": ""out""}"
AN_trn_a283,sweep_anechoic.csv,floor,truncated pyramid,23,d00,40.0,0.0010609498713165522,0.04955996945500374,0.0047100018709897995,d00,"{""backing"": 2.0, ""depth"": 50.0, ""face_h"": 60.0, ""face_w"": 60.0, ""kind"": ""pyramid"", ""margin_depths"": 2.0, ""pitch"": 17.6678445229682, ""tip_flat"": 3.53356890459364, ""winding"": ""out""}"
AN_trn_a283,sweep_anechoic.csv,floor,truncated pyramid,23,d76,0.0,0.0014340326888486743,0.04949640855193138,0.0047100018709897995,d00,"{""backing"": 2.0, ""depth"": 50.0, ""face_h"": 60.0, ""face_w"": 60.0, ""kind"": ""pyramid"", ""margin_depths"": 2.0, ""pitch"": 17.6678445229682, ""tip_flat"": 3.53356890459364, ""winding"": ""out""}"
AN_trn_a283,sweep_anechoic.csv,floor,truncated pyramid,23,d76,-20.0,0.0016844924539327621,0.04954648017883301,0.0047100018709897995,d00,"{""backing"": 2.0, ""depth"": 50.0, ""face_h"": 60.0, ""face_w"": 60.0, ""kind"": ""pyramid"", ""margin_depths"": 2.0, ""pitch"": 17.6678445229682, ""tip_flat"": 3.53356890459364, ""winding"": ""out""}"
AN_trn_a283,sweep_anechoic.csv,floor,truncated pyramid,23,d76,20.0,0.001872686785645783,0.04955533146858215,0.0047100018709897995,d00,"{""backing"": 2.0, ""depth"": 50.0, ""face_h"": 60.0, ""face_w"": 60.0, ""kind"": ""pyramid"", ""margin_depths"": 2.0, ""pitch"": 17.6678445229682, ""tip_flat"": 3.53356890459364, ""winding"": ""out""}"
AN_trn_a283,sweep_anechoic.csv,floor,truncated pyramid,23,d76,-40.0,0.002108335494995117,0.049554865807294846,0.0047100018709897995,d00,"{""backing"": 2.0, ""depth"": 50.0, ""face_h"": 60.0, ""face_w"": 60.0, ""kind"": ""pyramid"", ""margin_depths"": 2.0, ""pitch"": 17.6678445229682, ""tip_flat"": 3.53356890459364, ""winding"": ""out""}"
AN_trn_a283,sweep_anechoic.csv,floor,truncated pyramid,23,d76,40.0,0.0021874967496842146,0.04954548552632332,0.0047100018709897995,d00,"{""backing"": 2.0, ""depth"": 50.0, ""face_h"": 60.0, ""face_w"": 60.0, ""kind"": ""pyramid"", ""margin_depths"": 2.0, ""pitch"": 17.6678445229682, ""tip_flat"": 3.53356890459364, ""winding"": ""out""}"
AN_trn_a283,sweep_anechoic.csv,floor,truncated pyramid,23,d100,0.0,0.0015678827185183764,0.04949106276035309,0.0047100018709897995,d00,"{""backing"": 2.0, ""depth"": 50.0, ""face_h"": 60.0, ""face_w"": 60.0, ""kind"": ""pyramid"", ""margin_depths"": 2.0, ""pitch"": 17.6678445229682, ""tip_flat"": 3.53356890459364, ""winding"": ""out""}"
AN_trn_a283,sweep_anechoic.csv,floor,truncated pyramid,23,d100,-20.0,0.0019853217527270317,0.04954143241047859,0.0047100018709897995,d00,"{""backing"": 2.0, ""depth"": 50.0, ""face_h"": 60.0, ""face_w"": 60.0, ""kind"": ""pyramid"", ""margin_depths"": 2.0, ""pitch"": 17.6678445229682, ""tip_flat"": 3.53356890459364, ""winding"": ""out""}"
AN_trn_a283,sweep_anechoic.csv,floor,truncated pyramid,23,d100,20.0,0.002212842693552375,0.04955076426267624,0.0047100018709897995,d00,"{""backing"": 2.0, ""depth"": 50.0, ""face_h"": 60.0, ""face_w"": 60.0, ""kind"": ""pyramid"", ""margin_depths"": 2.0, ""pitch"": 17.6678445229682, ""tip_flat"": 3.53356890459364, ""winding"": ""out""}"
AN_trn_a283,sweep_anechoic.csv,floor,truncated pyramid,23,d100,-40.0,0.0024647312238812447,0.049549806863069534,0.0047100018709897995,d00,"{""backing"": 2.0, ""depth"": 50.0, ""face_h"": 60.0, ""face_w"": 60.0, ""kind"": ""pyramid"", ""margin_depths"": 2.0, ""pitch"": 17.6678445229682, ""tip_flat"": 3.53356890459364, ""winding"": ""out""}"
AN_trn_a283,sweep_anechoic.csv,floor,truncated pyramid,23,d100,40.0,0.0025548299308866262,0.04953981935977936,0.0047100018709897995,d00,"{""backing"": 2.0, ""depth"": 50.0, ""face_h"": 60.0, ""face_w"": 60.0, ""kind"": ""pyramid"", ""margin_depths"": 2.0, ""pitch"": 17.6678445229682, ""tip_flat"": 3.53356890459364, ""winding"": ""out""}"
AN_trn_a909,sweep_anechoic.csv,floor,truncated pyramid,23,d00,0.0,0.001527782529592514,0.04999997094273567,0.004598754923790693,d00,"{""backing"": 2.0, ""depth"": 50.0, ""face_h"": 60.0, ""face_w"": 60.0, ""kind"": ""pyramid"", ""margin_depths"": 2.0, ""pitch"": 5.5005500550055, ""tip_flat"": 1.1001100110011002, ""winding"": ""out""}"
AN_trn_a909,sweep_anechoic.csv,floor,truncated pyramid,23,d00,-20.0,0.0010596157517284155,0.04999997094273567,0.004598754923790693,d00,"{""backing"": 2.0, ""depth"": 50.0, ""face_h"": 60.0, ""face_w"": 60.0, ""kind"": ""pyramid"", ""margin_depths"": 2.0, ""pitch"": 5.5005500550055, ""tip_flat"": 1.1001100110011002, ""winding"": ""out""}"
AN_trn_a909,sweep_anechoic.csv,floor,truncated pyramid,23,d00,20.0,0.0011030366877093911,0.04999997094273567,0.004598754923790693,d00,"{""backing"": 2.0, ""depth"": 50.0, ""face_h"": 60.0, ""face_w"": 60.0, ""kind"": ""pyramid"", ""margin_depths"": 2.0, ""pitch"": 5.5005500550055, ""tip_flat"": 1.1001100110011002, ""winding"": ""out""}"
AN_trn_a909,sweep_anechoic.csv,floor,truncated pyramid,23,d00,-40.0,0.0011749175610020757,0.04999997094273567,0.004598754923790693,d00,"{""backing"": 2.0, ""depth"": 50.0, ""face_h"": 60.0, ""face_w"": 60.0, ""kind"": ""pyramid"", ""margin_depths"": 2.0, ""pitch"": 5.5005500550055, ""tip_flat"": 1.1001100110011002, ""winding"": ""out""}"
AN_trn_a909,sweep_anechoic.csv,floor,truncated pyramid,23,d00,40.0,0.0012235995382070541,0.04999997094273567,0.004598754923790693,d00,"{""backing"": 2.0, ""depth"": 50.0, ""face_h"": 60.0, ""face_w"": 60.0, ""kind"": ""pyramid"", ""margin_depths"": 2.0, ""pitch"": 5.5005500550055, ""tip_flat"": 1.1001100110011002, ""winding"": ""out""}"
AN_trn_a909,sweep_anechoic.csv,floor,truncated pyramid,23,d76,0.0,0.0010596924694254994,0.04999997094273567,0.004598754923790693,d00,"{""backing"": 2.0, ""depth"": 50.0, ""face_h"": 60.0, ""face_w"": 60.0, ""kind"": ""pyramid"", ""margin_depths"": 2.0, ""pitch"": 5.5005500550055, ""tip_flat"": 1.1001100110011002, ""winding"": ""out""}"
AN_trn_a909,sweep_anechoic.csv,floor,truncated pyramid,23,d76,-20.0,0.0013275346718728542,0.04999997094273567,0.004598754923790693,d00,"{""backing"": 2.0, ""depth"": 50.0, ""face_h"": 60.0, ""face_w"": 60.0, ""kind"": ""pyramid"", ""margin_depths"": 2.0, ""pitch"": 5.5005500550055, ""tip_flat"": 1.1001100110011002, ""winding"": ""out""}"
AN_trn_a909,sweep_anechoic.csv,floor,truncated pyramid,23,d76,20.0,0.0013677936512976885,0.04999997094273567,0.004598754923790693,d00,"{""backing"": 2.0, ""depth"": 50.0, ""face_h"": 60.0, ""face_w"": 60.0, ""kind"": ""pyramid"", ""margin_depths"": 2.0, ""pitch"": 5.5005500550055, ""tip_flat"": 1.1001100110011002, ""winding"": ""out""}"
AN_trn_a909,sweep_anechoic.csv,floor,truncated pyramid,23,d76,-40.0,0.001560273114591837,0.04999997094273567,0.004598754923790693,d00,"{""backing"": 2.0, ""depth"": 50.0, ""face_h"": 60.0, ""face_w"": 60.0, ""kind"": ""pyramid"", ""margin_depths"": 2.0, ""pitch"": 5.5005500550055, ""tip_flat"": 1.1001100110011002, ""winding"": ""out""}"
AN_trn_a909,sweep_anechoic.csv,floor,truncated pyramid,23,d76,40.0,0.0015995993744581938,0.04999997094273567,0.004598754923790693,d00,"{""backing"": 2.0, ""depth"": 50.0, ""face_h"": 60.0, ""face_w"": 60.0, ""kind"": ""pyramid"", ""margin_depths"": 2.0, ""pitch"": 5.5005500550055, ""tip_flat"": 1.1001100110011002, ""winding"": ""out""}"
AN_trn_a909,sweep_anechoic.csv,floor,truncated pyramid,23,d100,0.0,0.0009171092533506453,0.04999997094273567,0.004598754923790693,d00,"{""backing"": 2.0, ""depth"": 50.0, ""face_h"": 60.0, ""face_w"": 60.0, ""kind"": ""pyramid"", ""margin_depths"": 2.0, ""pitch"": 5.5005500550055, ""tip_flat"": 1.1001100110011002, ""winding"": ""out""}"
AN_trn_a909,sweep_anechoic.csv,floor,truncated pyramid,23,d100,-20.0,0.0014273696579039097,0.04999997094273567,0.004598754923790693,d00,"{""backing"": 2.0, ""depth"": 50.0, ""face_h"": 60.0, ""face_w"": 60.0, ""kind"": ""pyramid"", ""margin_depths"": 2.0, ""pitch"": 5.5005500550055, ""tip_flat"": 1.1001100110011002, ""winding"": ""out""}"
AN_trn_a909,sweep_anechoic.csv,floor,truncated pyramid,23,d100,20.0,0.0014518527314066887,0.04999997094273567,0.004598754923790693,d00,"{""backing"": 2.0, ""depth"": 50.0, ""face_h"": 60.0, ""face_w"": 60.0, ""kind"": ""pyramid"", ""margin_depths"": 2.0, ""pitch"": 5.5005500550055, ""tip_flat"": 1.1001100110011002, ""winding"": ""out""}"
AN_trn_a909,sweep_anechoic.csv,floor,truncated pyramid,23,d100,-40.0,0.0016995895421132445,0.04999997094273567,0.004598754923790693,d00,"{""backing"": 2.0, ""depth"": 50.0, ""face_h"": 60.0, ""face_w"": 60.0, ""kind"": ""pyramid"", ""margin_depths"": 2.0, ""pitch"": 5.5005500550055, ""tip_flat"": 1.1001100110011002, ""winding"": ""out""}"
AN_trn_a909,sweep_anechoic.csv,floor,truncated pyramid,23,d100,40.0,0.001720152678899467,0.04999997094273567,0.004598754923790693,d00,"{""backing"": 2.0, ""depth"": 50.0, ""face_h"": 60.0, ""face_w"": 60.0, ""kind"": ""pyramid"", ""margin_depths"": 2.0, ""pitch"": 5.5005500550055, ""tip_flat"": 1.1001100110011002, ""winding"": ""out""}"
AN_cone_p550_s23,sweep_anechoic.csv,cone3d,cone,23,d00,0.0,0.001004307297989726,0.04999997094273567,0.0021548415534198284,d100,"{""backing"": 2.0, ""depth"": 50.0, ""depth_jitter"": 0.0, ""face_h"": 60.0, ""face_w"": 60.0, ""height_seg"": 12, ""jitter"": 0.3, ""margin_depths"": 2.0, ""pitch"": 5.5, ""profile_power"": 1.0, ""radial_seg"": 24, ""seed"": 23, ""tip_radius"": 0.2, ""winding"": ""out""}"
AN_cone_p550_s23,sweep_anechoic.csv,cone3d,cone,23,d00,-20.0,0.0003199208003934473,0.04999997094273567,0.0021548415534198284,d100,"{""backing"": 2.0, ""depth"": 50.0, ""depth_jitter"": 0.0, ""face_h"": 60.0, ""face_w"": 60.0, ""height_seg"": 12, ""jitter"": 0.3, ""margin_depths"": 2.0, ""pitch"": 5.5, ""profile_power"": 1.0, ""radial_seg"": 24, ""seed"": 23, ""tip_radius"": 0.2, ""winding"": ""out""}"
AN_cone_p550_s23,sweep_anechoic.csv,cone3d,cone,23,d00,20.0,0.00031067311647348106,0.04999997094273567,0.0021548415534198284,d100,"{""backing"": 2.0, ""depth"": 50.0, ""depth_jitter"": 0.0, ""face_h"": 60.0, ""face_w"": 60.0, ""height_seg"": 12, ""jitter"": 0.3, ""margin_depths"": 2.0, ""pitch"": 5.5, ""profile_power"": 1.0, ""radial_seg"": 24, ""seed"": 23, ""tip_radius"": 0.2, ""winding"": ""out""}"
AN_cone_p550_s23,sweep_anechoic.csv,cone3d,cone,23,d00,-40.0,0.00022272122441790998,0.04999997094273567,0.0021548415534198284,d100,"{""backing"": 2.0, ""depth"": 50.0, ""depth_jitter"": 0.0, ""face_h"": 60.0, ""face_w"": 60.0, ""height_seg"": 12, ""jitter"": 0.3, ""margin_depths"": 2.0, ""pitch"": 5.5, ""profile_power"": 1.0, ""radial_seg"": 24, ""seed"": 23, ""tip_radius"": 0.2, ""winding"": ""out""}"
AN_cone_p550_s23,sweep_anechoic.csv,cone3d,cone,23,d00,40.0,0.00021819821267854422,0.04999997094273567,0.0021548415534198284,d100,"{""backing"": 2.0, ""depth"": 50.0, ""depth_jitter"": 0.0, ""face_h"": 60.0, ""face_w"": 60.0, ""height_seg"": 12, ""jitter"": 0.3, ""margin_depths"": 2.0, ""pitch"": 5.5, ""profile_power"": 1.0, ""radial_seg"": 24, ""seed"": 23, ""tip_radius"": 0.2, ""winding"": ""out""}"
AN_cone_p550_s23,sweep_anechoic.csv,cone3d,cone,23,d76,0.0,0.0008691335096955299,0.04999997094273567,0.0021548415534198284,d100,"{""backing"": 2.0, ""depth"": 50.0, ""depth_jitter"": 0.0, ""face_h"": 60.0, ""face_w"": 60.0, ""height_seg"": 12, ""jitter"": 0.3, ""margin_depths"": 2.0, ""pitch"": 5.5, ""profile_power"": 1.0, ""radial_seg"": 24, ""seed"": 23, ""tip_radius"": 0.2, ""winding"": ""out""}"
AN_cone_p550_s23,sweep_anechoic.csv,cone3d,cone,23,d76,-20.0,0.0011679939925670624,0.04999997094273567,0.0021548415534198284,d100,"{""backing"": 2.0, ""depth"": 50.0, ""depth_jitter"": 0.0, ""face_h"": 60.0, ""face_w"": 60.0, ""height_seg"": 12, ""jitter"": 0.3, ""margin_depths"": 2.0, ""pitch"": 5.5, ""profile_power"": 1.0, ""radial_seg"": 24, ""seed"": 23, ""tip_radius"": 0.2, ""winding"": ""out""}"
AN_cone_p550_s23,sweep_anechoic.csv,cone3d,cone,23,d76,20.0,0.0011710479157045484,0.04999997094273567,0.0021548415534198284,d100,"{""backing"": 2.0, ""depth"": 50.0, ""depth_jitter"": 0.0, ""face_h"": 60.0, ""face_w"": 60.0, ""height_seg"": 12, ""jitter"": 0.3, ""margin_depths"": 2.0, ""pitch"": 5.5, ""profile_power"": 1.0, ""radial_seg"": 24, ""seed"": 23, ""tip_radius"": 0.2, ""winding"": ""out""}"
AN_cone_p550_s23,sweep_anechoic.csv,cone3d,cone,23,d76,-40.0,0.0016702371649444103,0.04999997094273567,0.0021548415534198284,d100,"{""backing"": 2.0, ""depth"": 50.0, ""depth_jitter"": 0.0, ""face_h"": 60.0, ""face_w"": 60.0, ""height_seg"": 12, ""jitter"": 0.3, ""margin_depths"": 2.0, ""pitch"": 5.5, ""profile_power"": 1.0, ""radial_seg"": 24, ""seed"": 23, ""tip_radius"": 0.2, ""winding"": ""out""}"
AN_cone_p550_s23,sweep_anechoic.csv,cone3d,cone,23,d76,40.0,0.001677800202742219,0.04999997094273567,0.0021548415534198284,d100,"{""backing"": 2.0, ""depth"": 50.0, ""depth_jitter"": 0.0, ""face_h"": 60.0, ""face_w"": 60.0, ""height_seg"": 12, ""jitter"": 0.3, ""margin_depths"": 2.0, ""pitch"": 5.5, ""profile_power"": 1.0, ""radial_seg"": 24, ""seed"": 23, ""tip_radius"": 0.2, ""winding"": ""out""}"
AN_cone_p550_s23,sweep_anechoic.csv,cone3d,cone,23,d100,0.0,0.0008657085127197206,0.04999997094273567,0.0021548415534198284,d100,"{""backing"": 2.0, ""depth"": 50.0, ""depth_jitter"": 0.0, ""face_h"": 60.0, ""face_w"": 60.0, ""height_seg"": 12, ""jitter"": 0.3, ""margin_depths"": 2.0, ""pitch"": 5.5, ""profile_power"": 1.0, ""radial_seg"": 24, ""seed"": 23, ""tip_radius"": 0.2, ""winding"": ""out""}"
AN_cone_p550_s23,sweep_anechoic.csv,cone3d,cone,23,d100,-20.0,0.0014476357027888298,0.04999997094273567,0.0021548415534198284,d100,"{""backing"": 2.0, ""depth"": 50.0, ""depth_jitter"": 0.0, ""face_h"": 60.0, ""face_w"": 60.0, ""height_seg"": 12, ""jitter"": 0.3, ""margin_depths"": 2.0, ""pitch"": 5.5, ""profile_power"": 1.0, ""radial_seg"": 24, ""seed"": 23, ""tip_radius"": 0.2, ""winding"": ""out""}"
AN_cone_p550_s23,sweep_anechoic.csv,cone3d,cone,23,d100,20.0,0.0014535130467265844,0.04999997094273567,0.0021548415534198284,d100,"{""backing"": 2.0, ""depth"": 50.0, ""depth_jitter"": 0.0, ""face_h"": 60.0, ""face_w"": 60.0, ""height_seg"": 12, ""jitter"": 0.3, ""margin_depths"": 2.0, ""pitch"": 5.5, ""profile_power"": 1.0, ""radial_seg"": 24, ""seed"": 23, ""tip_radius"": 0.2, ""winding"": ""out""}"
AN_cone_p550_s23,sweep_anechoic.csv,cone3d,cone,23,d100,-40.0,0.002135601593181491,0.04999997094273567,0.0021548415534198284,d100,"{""backing"": 2.0, ""depth"": 50.0, ""depth_jitter"": 0.0, ""face_h"": 60.0, ""face_w"": 60.0, ""height_seg"": 12, ""jitter"": 0.3, ""margin_depths"": 2.0, ""pitch"": 5.5, ""profile_power"": 1.0, ""radial_seg"": 24, ""seed"": 23, ""tip_radius"": 0.2, ""winding"": ""out""}"
AN_cone_p550_s23,sweep_anechoic.csv,cone3d,cone,23,d100,40.0,0.0021547884680330753,0.04999997094273567,0.0021548415534198284,d100,"{""backing"": 2.0, ""depth"": 50.0, ""depth_jitter"": 0.0, ""face_h"": 60.0, ""face_w"": 60.0, ""height_seg"": 12, ""jitter"": 0.3, ""margin_depths"": 2.0, ""pitch"": 5.5, ""profile_power"": 1.0, ""radial_seg"": 24, ""seed"": 23, ""tip_radius"": 0.2, ""winding"": ""out""}"
