tag,family,topology,process,feature,seed,diffuse_frac,plate_over,azimuth_mode,blades,collisions,blades_hit,hit_frac,theta,rho,control,params_json
BH_p055_t02_grid_s23,stack,shingle/pyramid,sheet,0.05,23,d00,1.15,grid,193,55,89,0.46114,0.0,0.0005070812185294926,0.04999997094273567,"{""backing"": 2.0, ""bot"": ""pyramid"", ""bot_depth"": 3.0, ""bot_params"": {""margin_depth_ref"": 50.0, ""margin_min"": 103.41699, ""pitch"": 2.0, ""tip_flat"": 0.1}, ""face_h"": 60.0, ""face_w"": 60.0, ""margin_depths"": 2.0, ""seed"": 23, ""top"": ""shingle"", ""top_depth"": 47.0, ""top_params"": {""azimuth_mode"": ""grid"", ""jitter"": 0.3, ""pitch"": 5.5, ""plate_over"": 1.15, ""plate_t_bot"": 0.05, ""plate_t_top"": 0.05, ""tilt_deg"": 2.0, ""tilt_jitter"": 0.0}}"
BH_p055_t02_grid_s23,stack,shingle/pyramid,sheet,0.05,23,d00,1.15,grid,193,55,89,0.46114,-20.0,0.000386665400583297,0.04999997094273567,"{""backing"": 2.0, ""bot"": ""pyramid"", ""bot_depth"": 3.0, ""bot_params"": {""margin_depth_ref"": 50.0, ""margin_min"": 103.41699, ""pitch"": 2.0, ""tip_flat"": 0.1}, ""face_h"": 60.0, ""face_w"": 60.0, ""margin_depths"": 2.0, ""seed"": 23, ""top"": ""shingle"", ""top_depth"": 47.0, ""top_params"": {""azimuth_mode"": ""grid"", ""jitter"": 0.3, ""pitch"": 5.5, ""plate_over"": 1.15, ""plate_t_bot"": 0.05, ""plate_t_top"": 0.05, ""tilt_deg"": 2.0, ""tilt_jitter"": 0.0}}"
BH_p055_t02_grid_s23,stack,shingle/pyramid,sheet,0.05,23,d00,1.15,grid,193,55,89,0.46114,20.0,0.0003528275992721319,0.04999997094273567,"{""backing"": 2.0, ""bot"": ""pyramid"", ""bot_depth"": 3.0, ""bot_params"": {""margin_depth_ref"": 50.0, ""margin_min"": 103.41699, ""pitch"": 2.0, ""tip_flat"": 0.1}, ""face_h"": 60.0, ""face_w"": 60.0, ""margin_depths"": 2.0, ""seed"": 23, ""top"": ""shingle"", ""top_depth"": 47.0, ""top_params"": {""azimuth_mode"": ""grid"", ""jitter"": 0.3, ""pitch"": 5.5, ""plate_over"": 1.15, ""plate_t_bot"": 0.05, ""plate_t_top"": 0.05, ""tilt_deg"": 2.0, ""tilt_jitter"": 0.0}}"
BH_p055_t02_grid_s23,stack,shingle/pyramid,sheet,0.05,23,d00,1.15,grid,193,55,89,0.46114,-40.0,0.0003266161947976798,0.04999997094273567,"{""backing"": 2.0, ""bot"": ""pyramid"", ""bot_depth"": 3.0, ""bot_params"": {""margin_depth_ref"": 50.0, ""margin_min"": 103.41699, ""pitch"": 2.0, ""tip_flat"": 0.1}, ""face_h"": 60.0, ""face_w"": 60.0, ""margin_depths"": 2.0, ""seed"": 23, ""top"": ""shingle"", ""top_depth"": 47.0, ""top_params"": {""azimuth_mode"": ""grid"", ""jitter"": 0.3, ""pitch"": 5.5, ""plate_over"": 1.15, ""plate_t_bot"": 0.05, ""plate_t_top"": 0.05, ""tilt_deg"": 2.0, ""tilt_jitter"": 0.0}}"
BH_p055_t02_grid_s23,stack,shingle/pyramid,sheet,0.05,23,d00,1.15,grid,193,55,89,0.46114,40.0,0.0003147129318676889,0.04999997094273567,"{""backing"": 2.0, ""bot"": ""pyramid"", ""bot_depth"": 3.0, ""bot_params"": {""margin_depth_ref"": 50.0, ""margin_min"": 103.41699, ""pitch"": 2.0, ""tip_flat"": 0.1}, ""face_h"": 60.0, ""face_w"": 60.0, ""margin_depths"": 2.0, ""seed"": 23, ""top"": ""shingle"", ""top_depth"": 47.0, ""top_params"": {""azimuth_mode"": ""grid"", ""jitter"": 0.3, ""pitch"": 5.5, ""plate_over"": 1.15, ""plate_t_bot"": 0.05, ""plate_t_top"": 0.05, ""tilt_deg"": 2.0, ""tilt_jitter"": 0.0}}"
BH_p055_t02_grid_s23,stack,shingle/pyramid,sheet,0.05,23,d76,1.15,grid,193,55,89,0.46114,0.0,0.00034983016666956246,0.04999997094273567,"{""backing"": 2.0, ""bot"": ""pyramid"", ""bot_depth"": 3.0, ""bot_params"": {""margin_depth_ref"": 50.0, ""margin_min"": 103.41699, ""pitch"": 2.0, ""tip_flat"": 0.1}, ""face_h"": 60.0, ""face_w"": 60.0, ""margin_depths"": 2.0, ""seed"": 23, ""top"": ""shingle"", ""top_depth"": 47.0, ""top_params"": {""azimuth_mode"": ""grid"", ""jitter"": 0.3, ""pitch"": 5.5, ""plate_over"": 1.15, ""plate_t_bot"": 0.05, ""plate_t_top"": 0.05, ""tilt_deg"": 2.0, ""tilt_jitter"": 0.0}}"
BH_p055_t02_grid_s23,stack,shingle/pyramid,sheet,0.05,23,d76,1.15,grid,193,55,89,0.46114,-20.0,0.0007590947789140046,0.04999997094273567,"{""backing"": 2.0, ""bot"": ""pyramid"", ""bot_depth"": 3.0, ""bot_params"": {""margin_depth_ref"": 50.0, ""margin_min"": 103.41699, ""pitch"": 2.0, ""tip_flat"": 0.1}, ""face_h"": 60.0, ""face_w"": 60.0, ""margin_depths"": 2.0, ""seed"": 23, ""top"": ""shingle"", ""top_depth"": 47.0, ""top_params"": {""azimuth_mode"": ""grid"", ""jitter"": 0.3, ""pitch"": 5.5, ""plate_over"": 1.15, ""plate_t_bot"": 0.05, ""plate_t_top"": 0.05, ""tilt_deg"": 2.0, ""tilt_jitter"": 0.0}}"
BH_p055_t02_grid_s23,stack,shingle/pyramid,sheet,0.05,23,d76,1.15,grid,193,55,89,0.46114,20.0,0.0008899751119315624,0.04999997094273567,"{""backing"": 2.0, ""bot"": ""pyramid"", ""bot_depth"": 3.0, ""bot_params"": {""margin_depth_ref"": 50.0, ""margin_min"": 103.41699, ""pitch"": 2.0, ""tip_flat"": 0.1}, ""face_h"": 60.0, ""face_w"": 60.0, ""margin_depths"": 2.0, ""seed"": 23, ""top"": ""shingle"", ""top_depth"": 47.0, ""top_params"": {""azimuth_mode"": ""grid"", ""jitter"": 0.3, ""pitch"": 5.5, ""plate_over"": 1.15, ""plate_t_bot"": 0.05, ""plate_t_top"": 0.05, ""tilt_deg"": 2.0, ""tilt_jitter"": 0.0}}"
BH_p055_t02_grid_s23,stack,shingle/pyramid,sheet,0.05,23,d76,1.15,grid,193,55,89,0.46114,-40.0,0.00132620835211128,0.04999997094273567,"{""backing"": 2.0, ""bot"": ""pyramid"", ""bot_depth"": 3.0, ""bot_params"": {""margin_depth_ref"": 50.0, ""margin_min"": 103.41699, ""pitch"": 2.0, ""tip_flat"": 0.1}, ""face_h"": 60.0, ""face_w"": 60.0, ""margin_depths"": 2.0, ""seed"": 23, ""top"": ""shingle"", ""top_depth"": 47.0, ""top_params"": {""azimuth_mode"": ""grid"", ""jitter"": 0.3, ""pitch"": 5.5, ""plate_over"": 1.15, ""plate_t_bot"": 0.05, ""plate_t_top"": 0.05, ""tilt_deg"": 2.0, ""tilt_jitter"": 0.0}}"
BH_p055_t02_grid_s23,stack,shingle/pyramid,sheet,0.05,23,d76,1.15,grid,193,55,89,0.46114,40.0,0.0014644375769421458,0.04999997094273567,"{""backing"": 2.0, ""bot"": ""pyramid"", ""bot_depth"": 3.0, ""bot_params"": {""margin_depth_ref"": 50.0, ""margin_min"": 103.41699, ""pitch"": 2.0, ""tip_flat"": 0.1}, ""face_h"": 60.0, ""face_w"": 60.0, ""margin_depths"": 2.0, ""seed"": 23, ""top"": ""shingle"", ""top_depth"": 47.0, ""top_params"": {""azimuth_mode"": ""grid"", ""jitter"": 0.3, ""pitch"": 5.5, ""plate_over"": 1.15, ""plate_t_bot"": 0.05, ""plate_t_top"": 0.05, ""tilt_deg"": 2.0, ""tilt_jitter"": 0.0}}"
BH_p055_t02_grid_s23,stack,shingle/pyramid,sheet,0.05,23,d100,1.15,grid,193,55,89,0.46114,0.0,0.0003221387160010636,0.04999997094273567,"{""backing"": 2.0, ""bot"": ""pyramid"", ""bot_depth"": 3.0, ""bot_params"": {""margin_depth_ref"": 50.0, ""margin_min"": 103.41699, ""pitch"": 2.0, ""tip_flat"": 0.1}, ""face_h"": 60.0, ""face_w"": 60.0, ""margin_depths"": 2.0, ""seed"": 23, ""top"": ""shingle"", ""top_depth"": 47.0, ""top_params"": {""azimuth_mode"": ""grid"", ""jitter"": 0.3, ""pitch"": 5.5, ""plate_over"": 1.15, ""plate_t_bot"": 0.05, ""plate_t_top"": 0.05, ""tilt_deg"": 2.0, ""tilt_jitter"": 0.0}}"
BH_p055_t02_grid_s23,stack,shingle/pyramid,sheet,0.05,23,d100,1.15,grid,193,55,89,0.46114,-20.0,0.0008849176811054349,0.04999997094273567,"{""backing"": 2.0, ""bot"": ""pyramid"", ""bot_depth"": 3.0, ""bot_params"": {""margin_depth_ref"": 50.0, ""margin_min"": 103.41699, ""pitch"": 2.0, ""tip_flat"": 0.1}, ""face_h"": 60.0, ""face_w"": 60.0, ""margin_depths"": 2.0, ""seed"": 23, ""top"": ""shingle"", ""top_depth"": 47.0, ""top_params"": {""azimuth_mode"": ""grid"", ""jitter"": 0.3, ""pitch"": 5.5, ""plate_over"": 1.15, ""plate_t_bot"": 0.05, ""plate_t_top"": 0.05, ""tilt_deg"": 2.0, ""tilt_jitter"": 0.0}}"
BH_p055_t02_grid_s23,stack,shingle/pyramid,sheet,0.05,23,d100,1.15,grid,193,55,89,0.46114,20.0,0.0010643519926816225,0.04999997094273567,"{""backing"": 2.0, ""bot"": ""pyramid"", ""bot_depth"": 3.0, ""bot_params"": {""margin_depth_ref"": 50.0, ""margin_min"": 103.41699, ""pitch"": 2.0, ""tip_flat"": 0.1}, ""face_h"": 60.0, ""face_w"": 60.0, ""margin_depths"": 2.0, ""seed"": 23, ""top"": ""shingle"", ""top_depth"": 47.0, ""top_params"": {""azimuth_mode"": ""grid"", ""jitter"": 0.3, ""pitch"": 5.5, ""plate_over"": 1.15, ""plate_t_bot"": 0.05, ""plate_t_top"": 0.05, ""tilt_deg"": 2.0, ""tilt_jitter"": 0.0}}"
BH_p055_t02_grid_s23,stack,shingle/pyramid,sheet,0.05,23,d100,1.15,grid,193,55,89,0.46114,-40.0,0.001643416122533381,0.04999997094273567,"{""backing"": 2.0, ""bot"": ""pyramid"", ""bot_depth"": 3.0, ""bot_params"": {""margin_depth_ref"": 50.0, ""margin_min"": 103.41699, ""pitch"": 2.0, ""tip_flat"": 0.1}, ""face_h"": 60.0, ""face_w"": 60.0, ""margin_depths"": 2.0, ""seed"": 23, ""top"": ""shingle"", ""top_depth"": 47.0, ""top_params"": {""azimuth_mode"": ""grid"", ""jitter"": 0.3, ""pitch"": 5.5, ""plate_over"": 1.15, ""plate_t_bot"": 0.05, ""plate_t_top"": 0.05, ""tilt_deg"": 2.0, ""tilt_jitter"": 0.0}}"
BH_p055_t02_grid_s23,stack,shingle/pyramid,sheet,0.05,23,d100,1.15,grid,193,55,89,0.46114,40.0,0.0018418728141114116,0.04999997094273567,"{""backing"": 2.0, ""bot"": ""pyramid"", ""bot_depth"": 3.0, ""bot_params"": {""margin_depth_ref"": 50.0, ""margin_min"": 103.41699, ""pitch"": 2.0, ""tip_flat"": 0.1}, ""face_h"": 60.0, ""face_w"": 60.0, ""margin_depths"": 2.0, ""seed"": 23, ""top"": ""shingle"", ""top_depth"": 47.0, ""top_params"": {""azimuth_mode"": ""grid"", ""jitter"": 0.3, ""pitch"": 5.5, ""plate_over"": 1.15, ""plate_t_bot"": 0.05, ""plate_t_top"": 0.05, ""tilt_deg"": 2.0, ""tilt_jitter"": 0.0}}"
