tag,family,theta,rho,ratio,control,depth_mm,pitch_mm,tip_mm,tip_fraction,aspect
F_gr_d50_p13_t02,ridge,-80.0,0.002459284383803606,0.04918588483338088,0.04999979957938194,50.0,13.0,0.2,0.015384615384615385,3.8461538461538463
F_gr_d50_p13_t02,ridge,-70.0,0.0006356428493745625,0.012712908893257928,0.049999795854091644,50.0,13.0,0.2,0.015384615384615385,3.8461538461538463
F_gr_d50_p13_t02,ridge,-60.0,0.0002527603064663708,0.005055227146049943,0.049999792128801346,50.0,13.0,0.2,0.015384615384615385,3.8461538461538463
F_gr_d50_p13_t02,ridge,-50.0,0.00014900416135787964,0.00298009517260792,0.04999979957938194,50.0,13.0,0.2,0.015384615384615385,3.8461538461538463
F_gr_d50_p13_t02,ridge,-40.0,0.0001102914466173388,0.0022058379386025694,0.049999795854091644,50.0,13.0,0.2,0.015384615384615385,3.8461538461538463
F_gr_d50_p13_t02,ridge,-30.0,9.07306166482158e-05,0.0018146197419082266,0.049999795854091644,50.0,13.0,0.2,0.015384615384615385,3.8461538461538463
F_gr_d50_p13_t02,ridge,-20.0,8.059272659011185e-05,0.0016118612329927683,0.049999792128801346,50.0,13.0,0.2,0.015384615384615385,3.8461538461538463
F_gr_d50_p13_t02,ridge,-10.0,7.667979662073776e-05,0.0015336023082497567,0.049999792128801346,50.0,13.0,0.2,0.015384615384615385,3.8461538461538463
F_gr_d50_p13_t02,ridge,0.0,0.00010399620805401355,0.0020799329632105166,0.04999978840351105,50.0,13.0,0.2,0.015384615384615385,3.8461538461538463
F_gr_d50_p13_t02,ridge,10.0,7.699982961639762e-05,0.0015400029947733214,0.049999792128801346,50.0,13.0,0.2,0.015384615384615385,3.8461538461538463
F_gr_d50_p13_t02,ridge,20.0,8.065754809649661e-05,0.0016131576685102956,0.049999792128801346,50.0,13.0,0.2,0.015384615384615385,3.8461538461538463
F_gr_d50_p13_t02,ridge,30.0,9.130857506534085e-05,0.0018261789574460588,0.049999795854091644,50.0,13.0,0.2,0.015384615384615385,3.8461538461538463
F_gr_d50_p13_t02,ridge,40.0,0.00011067401646869257,0.0022134893668698,0.049999795854091644,50.0,13.0,0.2,0.015384615384615385,3.8461538461538463
F_gr_d50_p13_t02,ridge,50.0,0.0001492845476604998,0.002985702921138492,0.04999979957938194,50.0,13.0,0.2,0.015384615384615385,3.8461538461538463
F_gr_d50_p13_t02,ridge,60.0,0.0002526356256566942,0.005052733519489347,0.049999792128801346,50.0,13.0,0.2,0.015384615384615385,3.8461538461538463
F_gr_d50_p13_t02,ridge,70.0,0.0006419684505090117,0.012839421432487256,0.049999795854091644,50.0,13.0,0.2,0.015384615384615385,3.8461538461538463
F_gr_d50_p13_t02,ridge,80.0,0.0024569155648350716,0.04913850826410537,0.04999979957938194,50.0,13.0,0.2,0.015384615384615385,3.8461538461538463
F_gr_d30_p75_t02,ridge,-80.0,0.0025527095422148705,0.05105439549136739,0.04999979957938194,30.0,7.5,0.2,0.02666666666666667,4.0
F_gr_d30_p75_t02,ridge,-70.0,0.000717927236109972,0.0143586033472019,0.049999795854091644,30.0,7.5,0.2,0.02666666666666667,4.0
F_gr_d30_p75_t02,ridge,-60.0,0.0003127126256003976,0.006254278513695379,0.049999792128801346,30.0,7.5,0.2,0.02666666666666667,4.0
F_gr_d30_p75_t02,ridge,-50.0,0.0001978738873731345,0.003957493610728998,0.04999979957938194,30.0,7.5,0.2,0.02666666666666667,4.0
F_gr_d30_p75_t02,ridge,-40.0,0.00015293355681933463,0.0030586836247416312,0.049999795854091644,30.0,7.5,0.2,0.02666666666666667,4.0
F_gr_d30_p75_t02,ridge,-30.0,0.0001301808952121064,0.002603628534644373,0.049999795854091644,30.0,7.5,0.2,0.02666666666666667,4.0
F_gr_d30_p75_t02,ridge,-20.0,0.00011672350956359878,0.002334479896694663,0.049999792128801346,30.0,7.5,0.2,0.02666666666666667,4.0
F_gr_d30_p75_t02,ridge,-10.0,0.00011267816444160417,0.0022535726578890762,0.049999792128801346,30.0,7.5,0.2,0.02666666666666667,4.0
F_gr_d30_p75_t02,ridge,0.0,0.00014844356337562203,0.0029688838316203384,0.04999978840351105,30.0,7.5,0.2,0.02666666666666667,4.0
F_gr_d30_p75_t02,ridge,10.0,0.00011245300993323326,0.0022490695490003255,0.049999792128801346,30.0,7.5,0.2,0.02666666666666667,4.0
F_gr_d30_p75_t02,ridge,20.0,0.00011677142174448818,0.0023354381442962924,0.049999792128801346,30.0,7.5,0.2,0.02666666666666667,4.0
F_gr_d30_p75_t02,ridge,30.0,0.00012956377759110183,0.0025912861318312603,0.049999795854091644,30.0,7.5,0.2,0.02666666666666667,4.0
F_gr_d30_p75_t02,ridge,40.0,0.0001525493134977296,0.003050998726932722,0.049999795854091644,30.0,7.5,0.2,0.02666666666666667,4.0
F_gr_d30_p75_t02,ridge,50.0,0.00019680247351061553,0.003936065247584903,0.04999979957938194,30.0,7.5,0.2,0.02666666666666667,4.0
F_gr_d30_p75_t02,ridge,60.0,0.00030835968209430575,0.006167219281631404,0.049999792128801346,30.0,7.5,0.2,0.02666666666666667,4.0
F_gr_d30_p75_t02,ridge,70.0,0.0007092719315551221,0.014185496549324014,0.049999795854091644,30.0,7.5,0.2,0.02666666666666667,4.0
F_gr_d30_p75_t02,ridge,80.0,0.002550942823290825,0.05101906097125115,0.04999979957938194,30.0,7.5,0.2,0.02666666666666667,4.0
F_gr_d30_p375_t02,ridge,-80.0,0.0015645911917090416,0.03129194926521707,0.04999979957938194,30.0,3.75,0.2,0.05333333333333334,8.0
F_gr_d30_p375_t02,ridge,-70.0,0.0006536233122460544,0.01307251961894893,0.049999795854091644,30.0,3.75,0.2,0.05333333333333334,8.0
F_gr_d30_p375_t02,ridge,-60.0,0.0004123637918382883,0.00824731012433059,0.049999792128801346,30.0,3.75,0.2,0.05333333333333334,8.0
F_gr_d30_p375_t02,ridge,-50.0,0.00031333082006312907,0.006266641520545915,0.04999979957938194,30.0,3.75,0.2,0.05333333333333334,8.0
F_gr_d30_p375_t02,ridge,-40.0,0.00026453082682564855,0.005290638137755539,0.049999795854091644,30.0,3.75,0.2,0.05333333333333334,8.0
F_gr_d30_p375_t02,ridge,-30.0,0.00023672881070524454,0.004734595545071055,0.049999795854091644,30.0,3.75,0.2,0.05333333333333334,8.0
F_gr_d30_p375_t02,ridge,-20.0,0.00021845211449544877,0.004369060453945647,0.049999792128801346,30.0,3.75,0.2,0.05333333333333334,8.0
F_gr_d30_p375_t02,ridge,-10.0,0.00021278226631693542,0.004255663018934165,0.049999792128801346,30.0,3.75,0.2,0.05333333333333334,8.0
F_gr_d30_p375_t02,ridge,0.0,0.0002362114901188761,0.004724249795070913,0.04999978840351105,30.0,3.75,0.2,0.05333333333333334,8.0
F_gr_d30_p375_t02,ridge,10.0,0.00021298414503689855,0.0042597006101194055,0.049999792128801346,30.0,3.75,0.2,0.05333333333333334,8.0
F_gr_d30_p375_t02,ridge,20.0,0.0002182891039410606,0.004365800229303747,0.049999792128801346,30.0,3.75,0.2,0.05333333333333334,8.0
F_gr_d30_p375_t02,ridge,30.0,0.0002366125991102308,0.004732271303681094,0.049999795854091644,30.0,3.75,0.2,0.05333333333333334,8.0
F_gr_d30_p375_t02,ridge,40.0,0.0002645979111548513,0.0052919798298176135,0.049999795854091644,30.0,3.75,0.2,0.05333333333333334,8.0
F_gr_d30_p375_t02,ridge,50.0,0.000313199037918821,0.0062640058670949674,0.04999979957938194,30.0,3.75,0.2,0.05333333333333334,8.0
F_gr_d30_p375_t02,ridge,60.0,0.0004149034502916038,0.008298103504566516,0.049999792128801346,30.0,3.75,0.2,0.05333333333333334,8.0
F_gr_d30_p375_t02,ridge,70.0,0.0006529131205752492,0.0130583157275395,0.049999795854091644,30.0,3.75,0.2,0.05333333333333334,8.0
F_gr_d30_p375_t02,ridge,80.0,0.0015620456542819738,0.031241038312603622,0.04999979957938194,30.0,3.75,0.2,0.05333333333333334,8.0
F_co_d30_p75_t04,cone3d,-80.0,0.0020867041312158108,0.04202625426502666,0.04965239390730858,30.0,7.5,0.8,0.010318503049865774,4.0
F_co_d30_p75_t04,cone3d,-70.0,0.0005924145807512105,0.011949344431972665,0.04957716166973114,30.0,7.5,0.8,0.010318503049865774,4.0
F_co_d30_p75_t04,cone3d,-60.0,0.00020105933072045445,0.004052328601514255,0.04961575195193291,30.0,7.5,0.8,0.010318503049865774,4.0
F_co_d30_p75_t04,cone3d,-50.0,0.00011954284855164587,0.0024088194732769207,0.0496271513402462,30.0,7.5,0.8,0.010318503049865774,4.0
F_co_d30_p75_t04,cone3d,-40.0,9.320878598373383e-05,0.001876089101107386,0.04968249425292015,30.0,7.5,0.8,0.010318503049865774,4.0
F_co_d30_p75_t04,cone3d,-30.0,8.205224730772898e-05,0.0016514318185183645,0.0496855191886425,30.0,7.5,0.8,0.010318503049865774,4.0
F_co_d30_p75_t04,cone3d,-20.0,7.775127596687526e-05,0.0015650663678051576,0.0496792197227478,30.0,7.5,0.8,0.010318503049865774,4.0
F_co_d30_p75_t04,cone3d,-10.0,8.318454638356343e-05,0.001673694583232864,0.04970115050673485,30.0,7.5,0.8,0.010318503049865774,4.0
F_co_d30_p75_t04,cone3d,0.0,8.797573536867276e-05,0.0017719229723879828,0.04964986443519592,30.0,7.5,0.8,0.010318503049865774,4.0
F_co_d30_p75_t04,cone3d,10.0,8.597285341238603e-05,0.0017298090072342955,0.049700777977705,30.0,7.5,0.8,0.010318503049865774,4.0
F_co_d30_p75_t04,cone3d,20.0,7.837645534891635e-05,0.001577668082253579,0.04967867210507393,30.0,7.5,0.8,0.010318503049865774,4.0
F_co_d30_p75_t04,cone3d,30.0,8.191070810426027e-05,0.0016485293501584594,0.04968713968992233,30.0,7.5,0.8,0.010318503049865774,4.0
F_co_d30_p75_t04,cone3d,40.0,9.28270528675057e-05,0.0018684099909800254,0.0496823787689209,30.0,7.5,0.8,0.010318503049865774,4.0
F_co_d30_p75_t04,cone3d,50.0,0.00011884549894602969,0.0023914102738469417,0.049696825444698334,30.0,7.5,0.8,0.010318503049865774,4.0
F_co_d30_p75_t04,cone3d,60.0,0.00019724515732377768,0.003972055097421047,0.049658212810754776,30.0,7.5,0.8,0.010318503049865774,4.0
F_co_d30_p75_t04,cone3d,70.0,0.0005777740152552724,0.011640962252051194,0.04963283985853195,30.0,7.5,0.8,0.010318503049865774,4.0
F_co_d30_p75_t04,cone3d,80.0,0.002050969051197171,0.041346836755967266,0.049604013562202454,30.0,7.5,0.8,0.010318503049865774,4.0
F_co_d30_p75_t08,cone3d,-80.0,0.0019876614678651094,0.040891689471393496,0.0486079566180706,30.0,7.5,1.6,0.0412740121994631,4.0
F_co_d30_p75_t08,cone3d,-70.0,0.0006424012244679034,0.01330833878704553,0.0482705794274807,30.0,7.5,1.6,0.0412740121994631,4.0
F_co_d30_p75_t08,cone3d,-60.0,0.00032719262526370585,0.006749967784369251,0.048473212867975235,30.0,7.5,1.6,0.0412740121994631,4.0
F_co_d30_p75_t08,cone3d,-50.0,0.0002647094370331615,0.005457947756287335,0.04849981144070625,30.0,7.5,1.6,0.0412740121994631,4.0
F_co_d30_p75_t08,cone3d,-40.0,0.00024311048036906868,0.004984064204693948,0.04877755790948868,30.0,7.5,1.6,0.0412740121994631,4.0
F_co_d30_p75_t08,cone3d,-30.0,0.0002325595705769956,0.00476612464262025,0.04879426956176758,30.0,7.5,1.6,0.0412740121994631,4.0
F_co_d30_p75_t08,cone3d,-20.0,0.00022768376220483333,0.004671086319101049,0.04874321445822716,30.0,7.5,1.6,0.0412740121994631,4.0
F_co_d30_p75_t08,cone3d,-10.0,0.0002315375895705074,0.00474528175218477,0.04879322275519371,30.0,7.5,1.6,0.0412740121994631,4.0
F_co_d30_p75_t08,cone3d,0.0,0.00023739835887681693,0.004884269722057245,0.048604678362607956,30.0,7.5,1.6,0.0412740121994631,4.0
F_co_d30_p75_t08,cone3d,10.0,0.00023402160149998963,0.004796709275973616,0.04878794774413109,30.0,7.5,1.6,0.0412740121994631,4.0
F_co_d30_p75_t08,cone3d,20.0,0.00022814673138782382,0.0046805919570853385,0.04874313622713089,30.0,7.5,1.6,0.0412740121994631,4.0
F_co_d30_p75_t08,cone3d,30.0,0.00023248043726198375,0.004763912930407594,0.04880031198263168,30.0,7.5,1.6,0.0412740121994631,4.0
F_co_d30_p75_t08,cone3d,40.0,0.00024296560150105506,0.004981297923656677,0.0487755611538887,30.0,7.5,1.6,0.0412740121994631,4.0
F_co_d30_p75_t08,cone3d,50.0,0.0002644186024554074,0.0054219044818369444,0.04876858368515968,30.0,7.5,1.6,0.0412740121994631,4.0
F_co_d30_p75_t08,cone3d,60.0,0.00032516589271835983,0.0066851830139123035,0.04863978922367096,30.0,7.5,1.6,0.0412740121994631,4.0
F_co_d30_p75_t08,cone3d,70.0,0.0006325413123704493,0.013024071680270121,0.048567093908786774,30.0,7.5,1.6,0.0412740121994631,4.0
F_co_d30_p75_t08,cone3d,80.0,0.0019770730286836624,0.0408554497219922,0.048391904681921005,30.0,7.5,1.6,0.0412740121994631,4.0
