tag,family,topology,process,feature,seed,diffuse_frac,plate_over,azimuth_mode,jitter,notched,blades,collisions,notches,area_removed_pct,theta,rho,control,params_json
BN_plain_s23,stack,shingle/pyramid,sheet,0.05,23,d00,1.15,grid,0.3,0,2518,722,0,0.0,0.0,0.00016188246081583202,0.04999997094273567,"{""backing"": 2.0, ""bot"": ""pyramid"", ""bot_depth"": 3.0, ""bot_params"": {""margin_depth_ref"": 50.0, ""pitch"": 2.0, ""tip_flat"": 0.1}, ""face_h"": 60.0, ""face_w"": 60.0, ""margin_depths"": 2.0, ""seed"": 23, ""top"": ""shingle"", ""top_depth"": 47.0, ""top_params"": {""azimuth_mode"": ""grid"", ""jitter"": 0.3, ""notched"": false, ""pitch"": 5.5, ""plate_over"": 1.15, ""plate_t_bot"": 0.05, ""plate_t_top"": 0.05, ""tilt_deg"": 2.0, ""tilt_jitter"": 0.0}}"
BN_plain_s23,stack,shingle/pyramid,sheet,0.05,23,d00,1.15,grid,0.3,0,2518,722,0,0.0,-20.0,0.0002042786218225956,0.04999997094273567,"{""backing"": 2.0, ""bot"": ""pyramid"", ""bot_depth"": 3.0, ""bot_params"": {""margin_depth_ref"": 50.0, ""pitch"": 2.0, ""tip_flat"": 0.1}, ""face_h"": 60.0, ""face_w"": 60.0, ""margin_depths"": 2.0, ""seed"": 23, ""top"": ""shingle"", ""top_depth"": 47.0, ""top_params"": {""azimuth_mode"": ""grid"", ""jitter"": 0.3, ""notched"": false, ""pitch"": 5.5, ""plate_over"": 1.15, ""plate_t_bot"": 0.05, ""plate_t_top"": 0.05, ""tilt_deg"": 2.0, ""tilt_jitter"": 0.0}}"
BN_plain_s23,stack,shingle/pyramid,sheet,0.05,23,d00,1.15,grid,0.3,0,2518,722,0,0.0,20.0,0.00020642821618821472,0.04999997094273567,"{""backing"": 2.0, ""bot"": ""pyramid"", ""bot_depth"": 3.0, ""bot_params"": {""margin_depth_ref"": 50.0, ""pitch"": 2.0, ""tip_flat"": 0.1}, ""face_h"": 60.0, ""face_w"": 60.0, ""margin_depths"": 2.0, ""seed"": 23, ""top"": ""shingle"", ""top_depth"": 47.0, ""top_params"": {""azimuth_mode"": ""grid"", ""jitter"": 0.3, ""notched"": false, ""pitch"": 5.5, ""plate_over"": 1.15, ""plate_t_bot"": 0.05, ""plate_t_top"": 0.05, ""tilt_deg"": 2.0, ""tilt_jitter"": 0.0}}"
BN_plain_s23,stack,shingle/pyramid,sheet,0.05,23,d00,1.15,grid,0.3,0,2518,722,0,0.0,-40.0,0.00018380535766482353,0.04999997094273567,"{""backing"": 2.0, ""bot"": ""pyramid"", ""bot_depth"": 3.0, ""bot_params"": {""margin_depth_ref"": 50.0, ""pitch"": 2.0, ""tip_flat"": 0.1}, ""face_h"": 60.0, ""face_w"": 60.0, ""margin_depths"": 2.0, ""seed"": 23, ""top"": ""shingle"", ""top_depth"": 47.0, ""top_params"": {""azimuth_mode"": ""grid"", ""jitter"": 0.3, ""notched"": false, ""pitch"": 5.5, ""plate_over"": 1.15, ""plate_t_bot"": 0.05, ""plate_t_top"": 0.05, ""tilt_deg"": 2.0, ""tilt_jitter"": 0.0}}"
BN_plain_s23,stack,shingle/pyramid,sheet,0.05,23,d00,1.15,grid,0.3,0,2518,722,0,0.0,40.0,0.00018468538473825902,0.04999997094273567,"{""backing"": 2.0, ""bot"": ""pyramid"", ""bot_depth"": 3.0, ""bot_params"": {""margin_depth_ref"": 50.0, ""pitch"": 2.0, ""tip_flat"": 0.1}, ""face_h"": 60.0, ""face_w"": 60.0, ""margin_depths"": 2.0, ""seed"": 23, ""top"": ""shingle"", ""top_depth"": 47.0, ""top_params"": {""azimuth_mode"": ""grid"", ""jitter"": 0.3, ""notched"": false, ""pitch"": 5.5, ""plate_over"": 1.15, ""plate_t_bot"": 0.05, ""plate_t_top"": 0.05, ""tilt_deg"": 2.0, ""tilt_jitter"": 0.0}}"
BN_plain_s23,stack,shingle/pyramid,sheet,0.05,23,d76,1.15,grid,0.3,0,2518,722,0,0.0,0.0,0.00016287306789308786,0.04999997094273567,"{""backing"": 2.0, ""bot"": ""pyramid"", ""bot_depth"": 3.0, ""bot_params"": {""margin_depth_ref"": 50.0, ""pitch"": 2.0, ""tip_flat"": 0.1}, ""face_h"": 60.0, ""face_w"": 60.0, ""margin_depths"": 2.0, ""seed"": 23, ""top"": ""shingle"", ""top_depth"": 47.0, ""top_params"": {""azimuth_mode"": ""grid"", ""jitter"": 0.3, ""notched"": false, ""pitch"": 5.5, ""plate_over"": 1.15, ""plate_t_bot"": 0.05, ""plate_t_top"": 0.05, ""tilt_deg"": 2.0, ""tilt_jitter"": 0.0}}"
BN_plain_s23,stack,shingle/pyramid,sheet,0.05,23,d76,1.15,grid,0.3,0,2518,722,0,0.0,-20.0,0.000738118716981262,0.04999997094273567,"{""backing"": 2.0, ""bot"": ""pyramid"", ""bot_depth"": 3.0, ""bot_params"": {""margin_depth_ref"": 50.0, ""pitch"": 2.0, ""tip_flat"": 0.1}, ""face_h"": 60.0, ""face_w"": 60.0, ""margin_depths"": 2.0, ""seed"": 23, ""top"": ""shingle"", ""top_depth"": 47.0, ""top_params"": {""azimuth_mode"": ""grid"", ""jitter"": 0.3, ""notched"": false, ""pitch"": 5.5, ""plate_over"": 1.15, ""plate_t_bot"": 0.05, ""plate_t_top"": 0.05, ""tilt_deg"": 2.0, ""tilt_jitter"": 0.0}}"
BN_plain_s23,stack,shingle/pyramid,sheet,0.05,23,d76,1.15,grid,0.3,0,2518,722,0,0.0,20.0,0.0007298133568838239,0.04999997094273567,"{""backing"": 2.0, ""bot"": ""pyramid"", ""bot_depth"": 3.0, ""bot_params"": {""margin_depth_ref"": 50.0, ""pitch"": 2.0, ""tip_flat"": 0.1}, ""face_h"": 60.0, ""face_w"": 60.0, ""margin_depths"": 2.0, ""seed"": 23, ""top"": ""shingle"", ""top_depth"": 47.0, ""top_params"": {""azimuth_mode"": ""grid"", ""jitter"": 0.3, ""notched"": false, ""pitch"": 5.5, ""plate_over"": 1.15, ""plate_t_bot"": 0.05, ""plate_t_top"": 0.05, ""tilt_deg"": 2.0, ""tilt_jitter"": 0.0}}"
BN_plain_s23,stack,shingle/pyramid,sheet,0.05,23,d76,1.15,grid,0.3,0,2518,722,0,0.0,-40.0,0.0013463014038279653,0.04999997094273567,"{""backing"": 2.0, ""bot"": ""pyramid"", ""bot_depth"": 3.0, ""bot_params"": {""margin_depth_ref"": 50.0, ""pitch"": 2.0, ""tip_flat"": 0.1}, ""face_h"": 60.0, ""face_w"": 60.0, ""margin_depths"": 2.0, ""seed"": 23, ""top"": ""shingle"", ""top_depth"": 47.0, ""top_params"": {""azimuth_mode"": ""grid"", ""jitter"": 0.3, ""notched"": false, ""pitch"": 5.5, ""plate_over"": 1.15, ""plate_t_bot"": 0.05, ""plate_t_top"": 0.05, ""tilt_deg"": 2.0, ""tilt_jitter"": 0.0}}"
BN_plain_s23,stack,shingle/pyramid,sheet,0.05,23,d76,1.15,grid,0.3,0,2518,722,0,0.0,40.0,0.0013290952192619443,0.04999997094273567,"{""backing"": 2.0, ""bot"": ""pyramid"", ""bot_depth"": 3.0, ""bot_params"": {""margin_depth_ref"": 50.0, ""pitch"": 2.0, ""tip_flat"": 0.1}, ""face_h"": 60.0, ""face_w"": 60.0, ""margin_depths"": 2.0, ""seed"": 23, ""top"": ""shingle"", ""top_depth"": 47.0, ""top_params"": {""azimuth_mode"": ""grid"", ""jitter"": 0.3, ""notched"": false, ""pitch"": 5.5, ""plate_over"": 1.15, ""plate_t_bot"": 0.05, ""plate_t_top"": 0.05, ""tilt_deg"": 2.0, ""tilt_jitter"": 0.0}}"
BN_plain_s23,stack,shingle/pyramid,sheet,0.05,23,d100,1.15,grid,0.3,0,2518,722,0,0.0,0.0,0.0001624564320081845,0.04999997094273567,"{""backing"": 2.0, ""bot"": ""pyramid"", ""bot_depth"": 3.0, ""bot_params"": {""margin_depth_ref"": 50.0, ""pitch"": 2.0, ""tip_flat"": 0.1}, ""face_h"": 60.0, ""face_w"": 60.0, ""margin_depths"": 2.0, ""seed"": 23, ""top"": ""shingle"", ""top_depth"": 47.0, ""top_params"": {""azimuth_mode"": ""grid"", ""jitter"": 0.3, ""notched"": false, ""pitch"": 5.5, ""plate_over"": 1.15, ""plate_t_bot"": 0.05, ""plate_t_top"": 0.05, ""tilt_deg"": 2.0, ""tilt_jitter"": 0.0}}"
BN_plain_s23,stack,shingle/pyramid,sheet,0.05,23,d100,1.15,grid,0.3,0,2518,722,0,0.0,-20.0,0.0009120938484556973,0.04999997094273567,"{""backing"": 2.0, ""bot"": ""pyramid"", ""bot_depth"": 3.0, ""bot_params"": {""margin_depth_ref"": 50.0, ""pitch"": 2.0, ""tip_flat"": 0.1}, ""face_h"": 60.0, ""face_w"": 60.0, ""margin_depths"": 2.0, ""seed"": 23, ""top"": ""shingle"", ""top_depth"": 47.0, ""top_params"": {""azimuth_mode"": ""grid"", ""jitter"": 0.3, ""notched"": false, ""pitch"": 5.5, ""plate_over"": 1.15, ""plate_t_bot"": 0.05, ""plate_t_top"": 0.05, ""tilt_deg"": 2.0, ""tilt_jitter"": 0.0}}"
BN_plain_s23,stack,shingle/pyramid,sheet,0.05,23,d100,1.15,grid,0.3,0,2518,722,0,0.0,20.0,0.0009002508595585823,0.04999997094273567,"{""backing"": 2.0, ""bot"": ""pyramid"", ""bot_depth"": 3.0, ""bot_params"": {""margin_depth_ref"": 50.0, ""pitch"": 2.0, ""tip_flat"": 0.1}, ""face_h"": 60.0, ""face_w"": 60.0, ""margin_depths"": 2.0, ""seed"": 23, ""top"": ""shingle"", ""top_depth"": 47.0, ""top_params"": {""azimuth_mode"": ""grid"", ""jitter"": 0.3, ""notched"": false, ""pitch"": 5.5, ""plate_over"": 1.15, ""plate_t_bot"": 0.05, ""plate_t_top"": 0.05, ""tilt_deg"": 2.0, ""tilt_jitter"": 0.0}}"
BN_plain_s23,stack,shingle/pyramid,sheet,0.05,23,d100,1.15,grid,0.3,0,2518,722,0,0.0,-40.0,0.0017135879024863243,0.04999997094273567,"{""backing"": 2.0, ""bot"": ""pyramid"", ""bot_depth"": 3.0, ""bot_params"": {""margin_depth_ref"": 50.0, ""pitch"": 2.0, ""tip_flat"": 0.1}, ""face_h"": 60.0, ""face_w"": 60.0, ""margin_depths"": 2.0, ""seed"": 23, ""top"": ""shingle"", ""top_depth"": 47.0, ""top_params"": {""azimuth_mode"": ""grid"", ""jitter"": 0.3, ""notched"": false, ""pitch"": 5.5, ""plate_over"": 1.15, ""plate_t_bot"": 0.05, ""plate_t_top"": 0.05, ""tilt_deg"": 2.0, ""tilt_jitter"": 0.0}}"
BN_plain_s23,stack,shingle/pyramid,sheet,0.05,23,d100,1.15,grid,0.3,0,2518,722,0,0.0,40.0,0.0016959257191047072,0.04999997094273567,"{""backing"": 2.0, ""bot"": ""pyramid"", ""bot_depth"": 3.0, ""bot_params"": {""margin_depth_ref"": 50.0, ""pitch"": 2.0, ""tip_flat"": 0.1}, ""face_h"": 60.0, ""face_w"": 60.0, ""margin_depths"": 2.0, ""seed"": 23, ""top"": ""shingle"", ""top_depth"": 47.0, ""top_params"": {""azimuth_mode"": ""grid"", ""jitter"": 0.3, ""notched"": false, ""pitch"": 5.5, ""plate_over"": 1.15, ""plate_t_bot"": 0.05, ""plate_t_top"": 0.05, ""tilt_deg"": 2.0, ""tilt_jitter"": 0.0}}"
BN_notched_s23,stack,shingle/pyramid,sheet,0.05,23,d00,1.15,grid,0.3,1,2518,0,1444,3.4635,0.0,0.00016201344260480255,0.04999997094273567,"{""backing"": 2.0, ""bot"": ""pyramid"", ""bot_depth"": 3.0, ""bot_params"": {""margin_depth_ref"": 50.0, ""pitch"": 2.0, ""tip_flat"": 0.1}, ""face_h"": 60.0, ""face_w"": 60.0, ""margin_depths"": 2.0, ""seed"": 23, ""top"": ""shingle"", ""top_depth"": 47.0, ""top_params"": {""azimuth_mode"": ""grid"", ""jitter"": 0.3, ""notched"": true, ""pitch"": 5.5, ""plate_over"": 1.15, ""plate_t_bot"": 0.05, ""plate_t_top"": 0.05, ""tilt_deg"": 2.0, ""tilt_jitter"": 0.0}}"
BN_notched_s23,stack,shingle/pyramid,sheet,0.05,23,d00,1.15,grid,0.3,1,2518,0,1444,3.4635,-20.0,0.0002004734706133604,0.04999997094273567,"{""backing"": 2.0, ""bot"": ""pyramid"", ""bot_depth"": 3.0, ""bot_params"": {""margin_depth_ref"": 50.0, ""pitch"": 2.0, ""tip_flat"": 0.1}, ""face_h"": 60.0, ""face_w"": 60.0, ""margin_depths"": 2.0, ""seed"": 23, ""top"": ""shingle"", ""top_depth"": 47.0, ""top_params"": {""azimuth_mode"": ""grid"", ""jitter"": 0.3, ""notched"": true, ""pitch"": 5.5, ""plate_over"": 1.15, ""plate_t_bot"": 0.05, ""plate_t_top"": 0.05, ""tilt_deg"": 2.0, ""tilt_jitter"": 0.0}}"
BN_notched_s23,stack,shingle/pyramid,sheet,0.05,23,d00,1.15,grid,0.3,1,2518,0,1444,3.4635,20.0,0.00020115444203838706,0.04999997094273567,"{""backing"": 2.0, ""bot"": ""pyramid"", ""bot_depth"": 3.0, ""bot_params"": {""margin_depth_ref"": 50.0, ""pitch"": 2.0, ""tip_flat"": 0.1}, ""face_h"": 60.0, ""face_w"": 60.0, ""margin_depths"": 2.0, ""seed"": 23, ""top"": ""shingle"", ""top_depth"": 47.0, ""top_params"": {""azimuth_mode"": ""grid"", ""jitter"": 0.3, ""notched"": true, ""pitch"": 5.5, ""plate_over"": 1.15, ""plate_t_bot"": 0.05, ""plate_t_top"": 0.05, ""tilt_deg"": 2.0, ""tilt_jitter"": 0.0}}"
BN_notched_s23,stack,shingle/pyramid,sheet,0.05,23,d00,1.15,grid,0.3,1,2518,0,1444,3.4635,-40.0,0.00017929486057255417,0.04999997094273567,"{""backing"": 2.0, ""bot"": ""pyramid"", ""bot_depth"": 3.0, ""bot_params"": {""margin_depth_ref"": 50.0, ""pitch"": 2.0, ""tip_flat"": 0.1}, ""face_h"": 60.0, ""face_w"": 60.0, ""margin_depths"": 2.0, ""seed"": 23, ""top"": ""shingle"", ""top_depth"": 47.0, ""top_params"": {""azimuth_mode"": ""grid"", ""jitter"": 0.3, ""notched"": true, ""pitch"": 5.5, ""plate_over"": 1.15, ""plate_t_bot"": 0.05, ""plate_t_top"": 0.05, ""tilt_deg"": 2.0, ""tilt_jitter"": 0.0}}"
BN_notched_s23,stack,shingle/pyramid,sheet,0.05,23,d00,1.15,grid,0.3,1,2518,0,1444,3.4635,40.0,0.0001808674423955381,0.04999997094273567,"{""backing"": 2.0, ""bot"": ""pyramid"", ""bot_depth"": 3.0, ""bot_params"": {""margin_depth_ref"": 50.0, ""pitch"": 2.0, ""tip_flat"": 0.1}, ""face_h"": 60.0, ""face_w"": 60.0, ""margin_depths"": 2.0, ""seed"": 23, ""top"": ""shingle"", ""top_depth"": 47.0, ""top_params"": {""azimuth_mode"": ""grid"", ""jitter"": 0.3, ""notched"": true, ""pitch"": 5.5, ""plate_over"": 1.15, ""plate_t_bot"": 0.05, ""plate_t_top"": 0.05, ""tilt_deg"": 2.0, ""tilt_jitter"": 0.0}}"
BN_notched_s23,stack,shingle/pyramid,sheet,0.05,23,d76,1.15,grid,0.3,1,2518,0,1444,3.4635,0.0,0.00016311892250087112,0.04999997094273567,"{""backing"": 2.0, ""bot"": ""pyramid"", ""bot_depth"": 3.0, ""bot_params"": {""margin_depth_ref"": 50.0, ""pitch"": 2.0, ""tip_flat"": 0.1}, ""face_h"": 60.0, ""face_w"": 60.0, ""margin_depths"": 2.0, ""seed"": 23, ""top"": ""shingle"", ""top_depth"": 47.0, ""top_params"": {""azimuth_mode"": ""grid"", ""jitter"": 0.3, ""notched"": true, ""pitch"": 5.5, ""plate_over"": 1.15, ""plate_t_bot"": 0.05, ""plate_t_top"": 0.05, ""tilt_deg"": 2.0, ""tilt_jitter"": 0.0}}"
BN_notched_s23,stack,shingle/pyramid,sheet,0.05,23,d76,1.15,grid,0.3,1,2518,0,1444,3.4635,-20.0,0.000713836052455008,0.04999997094273567,"{""backing"": 2.0, ""bot"": ""pyramid"", ""bot_depth"": 3.0, ""bot_params"": {""margin_depth_ref"": 50.0, ""pitch"": 2.0, ""tip_flat"": 0.1}, ""face_h"": 60.0, ""face_w"": 60.0, ""margin_depths"": 2.0, ""seed"": 23, ""top"": ""shingle"", ""top_depth"": 47.0, ""top_params"": {""azimuth_mode"": ""grid"", ""jitter"": 0.3, ""notched"": true, ""pitch"": 5.5, ""plate_over"": 1.15, ""plate_t_bot"": 0.05, ""plate_t_top"": 0.05, ""tilt_deg"": 2.0, ""tilt_jitter"": 0.0}}"
BN_notched_s23,stack,shingle/pyramid,sheet,0.05,23,d76,1.15,grid,0.3,1,2518,0,1444,3.4635,20.0,0.0007161344401538372,0.04999997094273567,"{""backing"": 2.0, ""bot"": ""pyramid"", ""bot_depth"": 3.0, ""bot_params"": {""margin_depth_ref"": 50.0, ""pitch"": 2.0, ""tip_flat"": 0.1}, ""face_h"": 60.0, ""face_w"": 60.0, ""margin_depths"": 2.0, ""seed"": 23, ""top"": ""shingle"", ""top_depth"": 47.0, ""top_params"": {""azimuth_mode"": ""grid"", ""jitter"": 0.3, ""notched"": true, ""pitch"": 5.5, ""plate_over"": 1.15, ""plate_t_bot"": 0.05, ""plate_t_top"": 0.05, ""tilt_deg"": 2.0, ""tilt_jitter"": 0.0}}"
BN_notched_s23,stack,shingle/pyramid,sheet,0.05,23,d76,1.15,grid,0.3,1,2518,0,1444,3.4635,-40.0,0.001301283249631524,0.04999997094273567,"{""backing"": 2.0, ""bot"": ""pyramid"", ""bot_depth"": 3.0, ""bot_params"": {""margin_depth_ref"": 50.0, ""pitch"": 2.0, ""tip_flat"": 0.1}, ""face_h"": 60.0, ""face_w"": 60.0, ""margin_depths"": 2.0, ""seed"": 23, ""top"": ""shingle"", ""top_depth"": 47.0, ""top_params"": {""azimuth_mode"": ""grid"", ""jitter"": 0.3, ""notched"": true, ""pitch"": 5.5, ""plate_over"": 1.15, ""plate_t_bot"": 0.05, ""plate_t_top"": 0.05, ""tilt_deg"": 2.0, ""tilt_jitter"": 0.0}}"
BN_notched_s23,stack,shingle/pyramid,sheet,0.05,23,d76,1.15,grid,0.3,1,2518,0,1444,3.4635,40.0,0.0013061112258583307,0.04999997094273567,"{""backing"": 2.0, ""bot"": ""pyramid"", ""bot_depth"": 3.0, ""bot_params"": {""margin_depth_ref"": 50.0, ""pitch"": 2.0, ""tip_flat"": 0.1}, ""face_h"": 60.0, ""face_w"": 60.0, ""margin_depths"": 2.0, ""seed"": 23, ""top"": ""shingle"", ""top_depth"": 47.0, ""top_params"": {""azimuth_mode"": ""grid"", ""jitter"": 0.3, ""notched"": true, ""pitch"": 5.5, ""plate_over"": 1.15, ""plate_t_bot"": 0.05, ""plate_t_top"": 0.05, ""tilt_deg"": 2.0, ""tilt_jitter"": 0.0}}"
BN_notched_s23,stack,shingle/pyramid,sheet,0.05,23,d100,1.15,grid,0.3,1,2518,0,1444,3.4635,0.0,0.00016233563655987382,0.04999997094273567,"{""backing"": 2.0, ""bot"": ""pyramid"", ""bot_depth"": 3.0, ""bot_params"": {""margin_depth_ref"": 50.0, ""pitch"": 2.0, ""tip_flat"": 0.1}, ""face_h"": 60.0, ""face_w"": 60.0, ""margin_depths"": 2.0, ""seed"": 23, ""top"": ""shingle"", ""top_depth"": 47.0, ""top_params"": {""azimuth_mode"": ""grid"", ""jitter"": 0.3, ""notched"": true, ""pitch"": 5.5, ""plate_over"": 1.15, ""plate_t_bot"": 0.05, ""plate_t_top"": 0.05, ""tilt_deg"": 2.0, ""tilt_jitter"": 0.0}}"
BN_notched_s23,stack,shingle/pyramid,sheet,0.05,23,d100,1.15,grid,0.3,1,2518,0,1444,3.4635,-20.0,0.0008820156799629331,0.04999997094273567,"{""backing"": 2.0, ""bot"": ""pyramid"", ""bot_depth"": 3.0, ""bot_params"": {""margin_depth_ref"": 50.0, ""pitch"": 2.0, ""tip_flat"": 0.1}, ""face_h"": 60.0, ""face_w"": 60.0, ""margin_depths"": 2.0, ""seed"": 23, ""top"": ""shingle"", ""top_depth"": 47.0, ""top_params"": {""azimuth_mode"": ""grid"", ""jitter"": 0.3, ""notched"": true, ""pitch"": 5.5, ""plate_over"": 1.15, ""plate_t_bot"": 0.05, ""plate_t_top"": 0.05, ""tilt_deg"": 2.0, ""tilt_jitter"": 0.0}}"
BN_notched_s23,stack,shingle/pyramid,sheet,0.05,23,d100,1.15,grid,0.3,1,2518,0,1444,3.4635,20.0,0.0008841466042213142,0.04999997094273567,"{""backing"": 2.0, ""bot"": ""pyramid"", ""bot_depth"": 3.0, ""bot_params"": {""margin_depth_ref"": 50.0, ""pitch"": 2.0, ""tip_flat"": 0.1}, ""face_h"": 60.0, ""face_w"": 60.0, ""margin_depths"": 2.0, ""seed"": 23, ""top"": ""shingle"", ""top_depth"": 47.0, ""top_params"": {""azimuth_mode"": ""grid"", ""jitter"": 0.3, ""notched"": true, ""pitch"": 5.5, ""plate_over"": 1.15, ""plate_t_bot"": 0.05, ""plate_t_top"": 0.05, ""tilt_deg"": 2.0, ""tilt_jitter"": 0.0}}"
BN_notched_s23,stack,shingle/pyramid,sheet,0.05,23,d100,1.15,grid,0.3,1,2518,0,1444,3.4635,-40.0,0.0016555165639147162,0.04999997094273567,"{""backing"": 2.0, ""bot"": ""pyramid"", ""bot_depth"": 3.0, ""bot_params"": {""margin_depth_ref"": 50.0, ""pitch"": 2.0, ""tip_flat"": 0.1}, ""face_h"": 60.0, ""face_w"": 60.0, ""margin_depths"": 2.0, ""seed"": 23, ""top"": ""shingle"", ""top_depth"": 47.0, ""top_params"": {""azimuth_mode"": ""grid"", ""jitter"": 0.3, ""notched"": true, ""pitch"": 5.5, ""plate_over"": 1.15, ""plate_t_bot"": 0.05, ""plate_t_top"": 0.05, ""tilt_deg"": 2.0, ""tilt_jitter"": 0.0}}"
BN_notched_s23,stack,shingle/pyramid,sheet,0.05,23,d100,1.15,grid,0.3,1,2518,0,1444,3.4635,40.0,0.001666978932917118,0.04999997094273567,"{""backing"": 2.0, ""bot"": ""pyramid"", ""bot_depth"": 3.0, ""bot_params"": {""margin_depth_ref"": 50.0, ""pitch"": 2.0, ""tip_flat"": 0.1}, ""face_h"": 60.0, ""face_w"": 60.0, ""margin_depths"": 2.0, ""seed"": 23, ""top"": ""shingle"", ""top_depth"": 47.0, ""top_params"": {""azimuth_mode"": ""grid"", ""jitter"": 0.3, ""notched"": true, ""pitch"": 5.5, ""plate_over"": 1.15, ""plate_t_bot"": 0.05, ""plate_t_top"": 0.05, ""tilt_deg"": 2.0, ""tilt_jitter"": 0.0}}"
