tag,family,theta,rho,ratio,control,depth_mm,pitch_mm,tip_mm,tip_fraction,aspect,lattice,tilt_deg,jitter,eff_overlap
J_nojit,cone3d,-80.0,0.0010115202749148011,0.02023040971868837,0.049999989569187164,50.0,13.0,0.8,0.003434412997366567,3.8461538461538463,hex,0.0,0.0,1.15
J_nojit,cone3d,-70.0,0.0003317209775559604,0.00663442192377338,0.04999998211860657,50.0,13.0,0.8,0.003434412997366567,3.8461538461538463,hex,0.0,0.0,1.15
J_nojit,cone3d,-60.0,0.00012395167141221464,0.0024790344995185803,0.04999997839331627,50.0,13.0,0.8,0.003434412997366567,3.8461538461538463,hex,0.0,0.0,1.15
J_nojit,cone3d,-50.0,6.934793054824695e-05,0.0013869591069801683,0.04999998211860657,50.0,13.0,0.8,0.003434412997366567,3.8461538461538463,hex,0.0,0.0,1.15
J_nojit,cone3d,-40.0,4.957378769177012e-05,0.00099147610841489,0.04999998211860657,50.0,13.0,0.8,0.003434412997366567,3.8461538461538463,hex,0.0,0.0,1.15
J_nojit,cone3d,-30.0,4.047224865644239e-05,0.0008094453229174296,0.04999997839331627,50.0,13.0,0.8,0.003434412997366567,3.8461538461538463,hex,0.0,0.0,1.15
J_nojit,cone3d,-20.0,3.7087029340909794e-05,0.0007417409073494198,0.04999997839331627,50.0,13.0,0.8,0.003434412997366567,3.8461538461538463,hex,0.0,0.0,1.15
J_nojit,cone3d,-10.0,3.8088350265752524e-05,0.0007617673912564859,0.04999997466802597,50.0,13.0,0.8,0.003434412997366567,3.8461538461538463,hex,0.0,0.0,1.15
J_nojit,cone3d,0.0,4.1794657590799034e-05,0.0008358935130337161,0.04999997839331627,50.0,13.0,0.8,0.003434412997366567,3.8461538461538463,hex,0.0,0.0,1.15
J_nojit,cone3d,10.0,3.8324142224155366e-05,0.0007664832328137743,0.04999997466802597,50.0,13.0,0.8,0.003434412997366567,3.8461538461538463,hex,0.0,0.0,1.15
J_nojit,cone3d,20.0,3.696633575600572e-05,0.0007393270346082226,0.04999997839331627,50.0,13.0,0.8,0.003434412997366567,3.8461538461538463,hex,0.0,0.0,1.15
J_nojit,cone3d,30.0,4.060689752805047e-05,0.0008121383015133179,0.04999997839331627,50.0,13.0,0.8,0.003434412997366567,3.8461538461538463,hex,0.0,0.0,1.15
J_nojit,cone3d,40.0,4.9815480451798066e-05,0.0009963099653441708,0.04999998211860657,50.0,13.0,0.8,0.003434412997366567,3.8461538461538463,hex,0.0,0.0,1.15
J_nojit,cone3d,50.0,6.978533929213881e-05,0.0013957072849865978,0.04999998211860657,50.0,13.0,0.8,0.003434412997366567,3.8461538461538463,hex,0.0,0.0,1.15
J_nojit,cone3d,60.0,0.00012507550127338618,0.00250151110645491,0.04999997839331627,50.0,13.0,0.8,0.003434412997366567,3.8461538461538463,hex,0.0,0.0,1.15
J_nojit,cone3d,70.0,0.00033411936601623893,0.006682389710133568,0.04999998211860657,50.0,13.0,0.8,0.003434412997366567,3.8461538461538463,hex,0.0,0.0,1.15
J_nojit,cone3d,80.0,0.0009956656722351909,0.019913138077935516,0.05000044032931328,50.0,13.0,0.8,0.003434412997366567,3.8461538461538463,hex,0.0,0.0,1.15
J_jit15,cone3d,-80.0,0.0017403552774339914,0.03480711281000941,0.049999989569187164,50.0,13.0,0.8,0.003434412997366567,3.8461538461538463,hex,0.0,0.15,1.3
J_jit15,cone3d,-70.0,0.00048811337910592556,0.009762271073378709,0.04999998211860657,50.0,13.0,0.8,0.003434412997366567,3.8461538461538463,hex,0.0,0.15,1.3
J_jit15,cone3d,-60.0,0.0001583436969667673,0.0031668753078488102,0.04999997839331627,50.0,13.0,0.8,0.003434412997366567,3.8461538461538463,hex,0.0,0.15,1.3
J_jit15,cone3d,-50.0,8.06758034741506e-05,0.0016135166465215314,0.04999998211860657,50.0,13.0,0.8,0.003434412997366567,3.8461538461538463,hex,0.0,0.15,1.3
J_jit15,cone3d,-40.0,5.538139521377161e-05,0.0011076283003941805,0.04999998211860657,50.0,13.0,0.8,0.003434412997366567,3.8461538461538463,hex,0.0,0.15,1.3
J_jit15,cone3d,-30.0,4.4813081331085414e-05,0.0008962620139267058,0.04999997839331627,50.0,13.0,0.8,0.003434412997366567,3.8461538461538463,hex,0.0,0.15,1.3
J_jit15,cone3d,-20.0,4.1070234146900475e-05,0.0008214050378947869,0.04999997839331627,50.0,13.0,0.8,0.003434412997366567,3.8461538461538463,hex,0.0,0.15,1.3
J_jit15,cone3d,-10.0,4.340717714512721e-05,0.0008681439827385606,0.04999997466802597,50.0,13.0,0.8,0.003434412997366567,3.8461538461538463,hex,0.0,0.15,1.3
J_jit15,cone3d,0.0,4.746000558952801e-05,0.0009492005219720697,0.04999997839331627,50.0,13.0,0.8,0.003434412997366567,3.8461538461538463,hex,0.0,0.15,1.3
J_jit15,cone3d,10.0,4.2825671698665246e-05,0.0008565138679170461,0.04999997466802597,50.0,13.0,0.8,0.003434412997366567,3.8461538461538463,hex,0.0,0.15,1.3
J_jit15,cone3d,20.0,4.0808674384607e-05,0.0008161738403883408,0.04999997839331627,50.0,13.0,0.8,0.003434412997366567,3.8461538461538463,hex,0.0,0.15,1.3
J_jit15,cone3d,30.0,4.446922321221791e-05,0.000889384848577501,0.04999997839331627,50.0,13.0,0.8,0.003434412997366567,3.8461538461538463,hex,0.0,0.15,1.3
J_jit15,cone3d,40.0,5.5498301662737504e-05,0.0011099664302096789,0.04999998211860657,50.0,13.0,0.8,0.003434412997366567,3.8461538461538463,hex,0.0,0.15,1.3
J_jit15,cone3d,50.0,8.044073911150917e-05,0.0016088153575873909,0.04999998211860657,50.0,13.0,0.8,0.003434412997366567,3.8461538461538463,hex,0.0,0.15,1.3
J_jit15,cone3d,60.0,0.00015570597315672785,0.0031141208088510254,0.04999997839331627,50.0,13.0,0.8,0.003434412997366567,3.8461538461538463,hex,0.0,0.15,1.3
J_jit15,cone3d,70.0,0.00048065531882457435,0.009613109814407461,0.04999998211860657,50.0,13.0,0.8,0.003434412997366567,3.8461538461538463,hex,0.0,0.15,1.3
J_jit15,cone3d,80.0,0.0017014155164361,0.034028010658110695,0.05000044032931328,50.0,13.0,0.8,0.003434412997366567,3.8461538461538463,hex,0.0,0.15,1.3
J_jit30,cone3d,-80.0,0.0023043332621455193,0.04608667485733998,0.049999989569187164,50.0,13.0,0.8,0.003434412997366567,3.8461538461538463,hex,0.0,0.3,1.6
J_jit30,cone3d,-70.0,0.000732067390345037,0.014641353043056622,0.04999998211860657,50.0,13.0,0.8,0.003434412997366567,3.8461538461538463,hex,0.0,0.3,1.6
J_jit30,cone3d,-60.0,0.00021617220772895962,0.0043234460228858095,0.04999997839331627,50.0,13.0,0.8,0.003434412997366567,3.8461538461538463,hex,0.0,0.3,1.6
J_jit30,cone3d,-50.0,9.824836160987616e-05,0.0019649679349248174,0.04999998211860657,50.0,13.0,0.8,0.003434412997366567,3.8461538461538463,hex,0.0,0.3,1.6
J_jit30,cone3d,-40.0,6.415502139134333e-05,0.001283100886699502,0.04999998211860657,50.0,13.0,0.8,0.003434412997366567,3.8461538461538463,hex,0.0,0.3,1.6
J_jit30,cone3d,-30.0,5.1370039727771655e-05,0.0010274012385301057,0.04999997839331627,50.0,13.0,0.8,0.003434412997366567,3.8461538461538463,hex,0.0,0.3,1.6
J_jit30,cone3d,-20.0,4.659628393710591e-05,0.0009319260814587602,0.04999997839331627,50.0,13.0,0.8,0.003434412997366567,3.8461538461538463,hex,0.0,0.3,1.6
J_jit30,cone3d,-10.0,5.013891859562136e-05,0.0010027788799597981,0.04999997466802597,50.0,13.0,0.8,0.003434412997366567,3.8461538461538463,hex,0.0,0.3,1.6
J_jit30,cone3d,0.0,5.061841511633247e-05,0.001012368739805273,0.04999997839331627,50.0,13.0,0.8,0.003434412997366567,3.8461538461538463,hex,0.0,0.3,1.6
J_jit30,cone3d,10.0,4.944047759636305e-05,0.0009888100528974725,0.04999997466802597,50.0,13.0,0.8,0.003434412997366567,3.8461538461538463,hex,0.0,0.3,1.6
J_jit30,cone3d,20.0,4.622024061973207e-05,0.0009244052118612624,0.04999997839331627,50.0,13.0,0.8,0.003434412997366567,3.8461538461538463,hex,0.0,0.3,1.6
J_jit30,cone3d,30.0,5.0854720029747114e-05,0.001017094840115873,0.04999997839331627,50.0,13.0,0.8,0.003434412997366567,3.8461538461538463,hex,0.0,0.3,1.6
J_jit30,cone3d,40.0,6.334101635729894e-05,0.0012668207801963944,0.04999998211860657,50.0,13.0,0.8,0.003434412997366567,3.8461538461538463,hex,0.0,0.3,1.6
J_jit30,cone3d,50.0,9.699252404971048e-05,0.0019398511747390507,0.04999998211860657,50.0,13.0,0.8,0.003434412997366567,3.8461538461538463,hex,0.0,0.3,1.6
J_jit30,cone3d,60.0,0.0002096262905979529,0.004192527623691426,0.04999997839331627,50.0,13.0,0.8,0.003434412997366567,3.8461538461538463,hex,0.0,0.3,1.6
J_jit30,cone3d,70.0,0.0007086433470249176,0.014172872009112361,0.04999998211860657,50.0,13.0,0.8,0.003434412997366567,3.8461538461538463,hex,0.0,0.3,1.6
J_jit30,cone3d,80.0,0.0021674958989024162,0.04334953621661806,0.05000044032931328,50.0,13.0,0.8,0.003434412997366567,3.8461538461538463,hex,0.0,0.3,1.6
J_jit45,cone3d,-80.0,0.002764083445072174,0.05528168043410072,0.049999989569187164,50.0,13.0,0.8,0.003434412997366567,3.8461538461538463,hex,0.0,0.45,1.9
J_jit45,cone3d,-70.0,0.0011013139737769961,0.022026287352754123,0.04999998211860657,50.0,13.0,0.8,0.003434412997366567,3.8461538461538463,hex,0.0,0.45,1.9
J_jit45,cone3d,-60.0,0.0003281539829913527,0.006563082495956009,0.04999997839331627,50.0,13.0,0.8,0.003434412997366567,3.8461538461538463,hex,0.0,0.45,1.9
J_jit45,cone3d,-50.0,0.0001266457693418488,0.002532916292678431,0.04999998211860657,50.0,13.0,0.8,0.003434412997366567,3.8461538461538463,hex,0.0,0.45,1.9
J_jit45,cone3d,-40.0,7.50264516682364e-05,0.00150052956999592,0.04999998211860657,50.0,13.0,0.8,0.003434412997366567,3.8461538461538463,hex,0.0,0.45,1.9
J_jit45,cone3d,-30.0,5.743448491557501e-05,0.001148690194699215,0.04999997839331627,50.0,13.0,0.8,0.003434412997366567,3.8461538461538463,hex,0.0,0.45,1.9
J_jit45,cone3d,-20.0,5.134850653121248e-05,0.0010269705744128175,0.04999997839331627,50.0,13.0,0.8,0.003434412997366567,3.8461538461538463,hex,0.0,0.45,1.9
J_jit45,cone3d,-10.0,5.5309552408289164e-05,0.0011061916086061252,0.04999997466802597,50.0,13.0,0.8,0.003434412997366567,3.8461538461538463,hex,0.0,0.45,1.9
J_jit45,cone3d,0.0,5.4451960750157014e-05,0.0010890396856138615,0.04999997839331627,50.0,13.0,0.8,0.003434412997366567,3.8461538461538463,hex,0.0,0.45,1.9
J_jit45,cone3d,10.0,5.500334009411745e-05,0.0011000673592199044,0.04999997466802597,50.0,13.0,0.8,0.003434412997366567,3.8461538461538463,hex,0.0,0.45,1.9
J_jit45,cone3d,20.0,5.1533555961214006e-05,0.0010306715646121707,0.04999997839331627,50.0,13.0,0.8,0.003434412997366567,3.8461538461538463,hex,0.0,0.45,1.9
J_jit45,cone3d,30.0,5.776514808530919e-05,0.0011553034609517138,0.04999997839331627,50.0,13.0,0.8,0.003434412997366567,3.8461538461538463,hex,0.0,0.45,1.9
J_jit45,cone3d,40.0,7.54807551857084e-05,0.001509615643594793,0.04999998211860657,50.0,13.0,0.8,0.003434412997366567,3.8461538461538463,hex,0.0,0.45,1.9
J_jit45,cone3d,50.0,0.0001257077674381435,0.00251415624789521,0.04999998211860657,50.0,13.0,0.8,0.003434412997366567,3.8461538461538463,hex,0.0,0.45,1.9
J_jit45,cone3d,60.0,0.0003176990430802107,0.0063539836073744985,0.04999997839331627,50.0,13.0,0.8,0.003434412997366567,3.8461538461538463,hex,0.0,0.45,1.9
J_jit45,cone3d,70.0,0.0010540998773649335,0.021082005086811215,0.04999998211860657,50.0,13.0,0.8,0.003434412997366567,3.8461538461538463,hex,0.0,0.45,1.9
J_jit45,cone3d,80.0,0.002602938562631607,0.052058312796609656,0.05000044032931328,50.0,13.0,0.8,0.003434412997366567,3.8461538461538463,hex,0.0,0.45,1.9
J_d80_jit30,cone3d,-80.0,0.001263905898667872,0.025278123246784887,0.049999989569187164,80.0,13.0,0.8,0.003434412997366567,6.153846153846154,hex,0.0,0.3,1.6
J_d80_jit30,cone3d,-70.0,0.00032232809462584555,0.006446564197987926,0.04999998211860657,80.0,13.0,0.8,0.003434412997366567,6.153846153846154,hex,0.0,0.3,1.6
J_d80_jit30,cone3d,-60.0,0.00011809624993475154,0.0023619260193628007,0.04999997839331627,80.0,13.0,0.8,0.003434412997366567,6.153846153846154,hex,0.0,0.3,1.6
J_d80_jit30,cone3d,-50.0,6.669526192126796e-05,0.0013339057154672172,0.04999998211860657,80.0,13.0,0.8,0.003434412997366567,6.153846153846154,hex,0.0,0.3,1.6
J_d80_jit30,cone3d,-40.0,4.94608175358735e-05,0.0009892167044889316,0.04999998211860657,80.0,13.0,0.8,0.003434412997366567,6.153846153846154,hex,0.0,0.3,1.6
J_d80_jit30,cone3d,-30.0,4.19851130573079e-05,0.0008397026240099385,0.04999997839331627,80.0,13.0,0.8,0.003434412997366567,6.153846153846154,hex,0.0,0.3,1.6
J_d80_jit30,cone3d,-20.0,3.918753645848483e-05,0.0007837510678549255,0.04999997839331627,80.0,13.0,0.8,0.003434412997366567,6.153846153846154,hex,0.0,0.3,1.6
J_d80_jit30,cone3d,-10.0,3.959481546189636e-05,0.0007918967104440653,0.04999997466802597,80.0,13.0,0.8,0.003434412997366567,6.153846153846154,hex,0.0,0.3,1.6
J_d80_jit30,cone3d,0.0,4.436482777236961e-05,0.0008872969388782788,0.04999997839331627,80.0,13.0,0.8,0.003434412997366567,6.153846153846154,hex,0.0,0.3,1.6
J_d80_jit30,cone3d,10.0,3.839802593574859e-05,0.0007679609077942873,0.04999997466802597,80.0,13.0,0.8,0.003434412997366567,6.153846153846154,hex,0.0,0.3,1.6
J_d80_jit30,cone3d,20.0,3.784973523579538e-05,0.0007569950318389524,0.04999997839331627,80.0,13.0,0.8,0.003434412997366567,6.153846153846154,hex,0.0,0.3,1.6
J_d80_jit30,cone3d,30.0,4.083412932232022e-05,0.0008166829393626041,0.04999997839331627,80.0,13.0,0.8,0.003434412997366567,6.153846153846154,hex,0.0,0.3,1.6
J_d80_jit30,cone3d,40.0,4.8258261813316494e-05,0.0009651655814364397,0.04999998211860657,80.0,13.0,0.8,0.003434412997366567,6.153846153846154,hex,0.0,0.3,1.6
J_d80_jit30,cone3d,50.0,6.424609455280006e-05,0.0012849223505800428,0.04999998211860657,80.0,13.0,0.8,0.003434412997366567,6.153846153846154,hex,0.0,0.3,1.6
J_d80_jit30,cone3d,60.0,0.00011365632235538214,0.002273127429402552,0.04999997839331627,80.0,13.0,0.8,0.003434412997366567,6.153846153846154,hex,0.0,0.3,1.6
J_d80_jit30,cone3d,70.0,0.0003114220453426242,0.0062284431343173265,0.04999998211860657,80.0,13.0,0.8,0.003434412997366567,6.153846153846154,hex,0.0,0.3,1.6
J_d80_jit30,cone3d,80.0,0.0012764779385179281,0.02552933394407688,0.05000044032931328,80.0,13.0,0.8,0.003434412997366567,6.153846153846154,hex,0.0,0.3,1.6
J_d120_jit30,cone3d,-80.0,0.0009832599898800254,0.019665203900081734,0.049999989569187164,120.0,13.0,0.8,0.003434412997366567,9.23076923076923,hex,0.0,0.3,1.6
J_d120_jit30,cone3d,-70.0,0.00026319996686652303,0.005264001219883997,0.04999998211860657,120.0,13.0,0.8,0.003434412997366567,9.23076923076923,hex,0.0,0.3,1.6
J_d120_jit30,cone3d,-60.0,0.00010883052163990214,0.002176611373385114,0.04999997839331627,120.0,13.0,0.8,0.003434412997366567,9.23076923076923,hex,0.0,0.3,1.6
J_d120_jit30,cone3d,-50.0,6.369561742758378e-05,0.0012739128041383966,0.04999998211860657,120.0,13.0,0.8,0.003434412997366567,9.23076923076923,hex,0.0,0.3,1.6
J_d120_jit30,cone3d,-40.0,4.7876823373371735e-05,0.0009575368099092832,0.04999998211860657,120.0,13.0,0.8,0.003434412997366567,9.23076923076923,hex,0.0,0.3,1.6
J_d120_jit30,cone3d,-30.0,4.155157148488797e-05,0.00083103178881458,0.04999997839331627,120.0,13.0,0.8,0.003434412997366567,9.23076923076923,hex,0.0,0.3,1.6
J_d120_jit30,cone3d,-20.0,3.8396407035179436e-05,0.0007679284725513415,0.04999997839331627,120.0,13.0,0.8,0.003434412997366567,9.23076923076923,hex,0.0,0.3,1.6
J_d120_jit30,cone3d,-10.0,3.786883462453261e-05,0.0007573770762077807,0.04999997466802597,120.0,13.0,0.8,0.003434412997366567,9.23076923076923,hex,0.0,0.3,1.6
J_d120_jit30,cone3d,0.0,4.456195529201068e-05,0.0008912394909748098,0.04999997839331627,120.0,13.0,0.8,0.003434412997366567,9.23076923076923,hex,0.0,0.3,1.6
J_d120_jit30,cone3d,10.0,3.7330715713324025e-05,0.0007466146925309606,0.04999997466802597,120.0,13.0,0.8,0.003434412997366567,9.23076923076923,hex,0.0,0.3,1.6
J_d120_jit30,cone3d,20.0,3.769840986933559e-05,0.0007539685232019004,0.04999997839331627,120.0,13.0,0.8,0.003434412997366567,9.23076923076923,hex,0.0,0.3,1.6
J_d120_jit30,cone3d,30.0,3.994505823357031e-05,0.0007989015099036513,0.04999997839331627,120.0,13.0,0.8,0.003434412997366567,9.23076923076923,hex,0.0,0.3,1.6
J_d120_jit30,cone3d,40.0,4.558649379760027e-05,0.0009117302020121344,0.04999998211860657,120.0,13.0,0.8,0.003434412997366567,9.23076923076923,hex,0.0,0.3,1.6
J_d120_jit30,cone3d,50.0,6.0962211136939004e-05,0.0012192446587746487,0.04999998211860657,120.0,13.0,0.8,0.003434412997366567,9.23076923076923,hex,0.0,0.3,1.6
J_d120_jit30,cone3d,60.0,0.00010684306471375749,0.002136862217685272,0.04999997839331627,120.0,13.0,0.8,0.003434412997366567,9.23076923076923,hex,0.0,0.3,1.6
J_d120_jit30,cone3d,70.0,0.00026482014800421894,0.005296404854226358,0.04999998211860657,120.0,13.0,0.8,0.003434412997366567,9.23076923076923,hex,0.0,0.3,1.6
J_d120_jit30,cone3d,80.0,0.0009112398838624358,0.018224637180409228,0.05000044032931328,120.0,13.0,0.8,0.003434412997366567,9.23076923076923,hex,0.0,0.3,1.6
J_d80_p08,cone3d,-80.0,0.000689396751113236,0.013787937898652711,0.049999989569187164,80.0,8.0,0.8,0.00906899682117109,10.0,hex,0.0,0.3,1.6
J_d80_p08,cone3d,-70.0,0.00019412011897657067,0.003882403767987198,0.04999998211860657,80.0,8.0,0.8,0.00906899682117109,10.0,hex,0.0,0.3,1.6
J_d80_p08,cone3d,-60.0,0.00010437229502713308,0.002087446802598719,0.04999997839331627,80.0,8.0,0.8,0.00906899682117109,10.0,hex,0.0,0.3,1.6
J_d80_p08,cone3d,-50.0,7.861186168156564e-05,0.0015722377959073647,0.04999998211860657,80.0,8.0,0.8,0.00906899682117109,10.0,hex,0.0,0.3,1.6
J_d80_p08,cone3d,-40.0,6.829071207903326e-05,0.001365814730034076,0.04999998211860657,80.0,8.0,0.8,0.00906899682117109,10.0,hex,0.0,0.3,1.6
J_d80_p08,cone3d,-30.0,6.365772424032912e-05,0.0012731550349797459,0.04999997839331627,80.0,8.0,0.8,0.00906899682117109,10.0,hex,0.0,0.3,1.6
J_d80_p08,cone3d,-20.0,6.132481212262064e-05,0.00122649677246297,0.04999997839331627,80.0,8.0,0.8,0.00906899682117109,10.0,hex,0.0,0.3,1.6
J_d80_p08,cone3d,-10.0,6.083129846956581e-05,0.0012166265857823776,0.04999997466802597,80.0,8.0,0.8,0.00906899682117109,10.0,hex,0.0,0.3,1.6
J_d80_p08,cone3d,0.0,6.796239904360846e-05,0.0013592485682492478,0.04999997839331627,80.0,8.0,0.8,0.00906899682117109,10.0,hex,0.0,0.3,1.6
J_d80_p08,cone3d,10.0,6.064559784135781e-05,0.0012129125713365514,0.04999997466802597,80.0,8.0,0.8,0.00906899682117109,10.0,hex,0.0,0.3,1.6
J_d80_p08,cone3d,20.0,6.10355637036264e-05,0.0012207118015832043,0.04999997839331627,80.0,8.0,0.8,0.00906899682117109,10.0,hex,0.0,0.3,1.6
J_d80_p08,cone3d,30.0,6.332933116937056e-05,0.0012665871707223796,0.04999997839331627,80.0,8.0,0.8,0.00906899682117109,10.0,hex,0.0,0.3,1.6
J_d80_p08,cone3d,40.0,6.809394835727289e-05,0.0013618794541915044,0.04999998211860657,80.0,8.0,0.8,0.00906899682117109,10.0,hex,0.0,0.3,1.6
J_d80_p08,cone3d,50.0,7.870183617342263e-05,0.0015740372863880525,0.04999998211860657,80.0,8.0,0.8,0.00906899682117109,10.0,hex,0.0,0.3,1.6
J_d80_p08,cone3d,60.0,0.00010479689080966637,0.0020959387219190288,0.04999997839331627,80.0,8.0,0.8,0.00906899682117109,10.0,hex,0.0,0.3,1.6
J_d80_p08,cone3d,70.0,0.00019552688172552735,0.003910539033028287,0.04999998211860657,80.0,8.0,0.8,0.00906899682117109,10.0,hex,0.0,0.3,1.6
J_d80_p08,cone3d,80.0,0.0007006506784819067,0.014012890163912075,0.05000044032931328,80.0,8.0,0.8,0.00906899682117109,10.0,hex,0.0,0.3,1.6
J_tilt30_jit30,cone3d,-80.0,0.004253661725670099,0.08507325226106542,0.049999989569187164,50.0,13.0,0.8,0.003434412997366567,3.8461538461538463,hex,30.0,0.3,1.6
J_tilt30_jit30,cone3d,-70.0,0.003503271145746112,0.07006544797227907,0.04999998211860657,50.0,13.0,0.8,0.003434412997366567,3.8461538461538463,hex,30.0,0.3,1.6
J_tilt30_jit30,cone3d,-60.0,0.0027716606855392456,0.0554332376653536,0.04999997839331627,50.0,13.0,0.8,0.003434412997366567,3.8461538461538463,hex,30.0,0.3,1.6
J_tilt30_jit30,cone3d,-50.0,0.002051890129223466,0.04103781726073644,0.04999998211860657,50.0,13.0,0.8,0.003434412997366567,3.8461538461538463,hex,30.0,0.3,1.6
J_tilt30_jit30,cone3d,-40.0,0.0013668173924088478,0.02733635762442027,0.04999998211860657,50.0,13.0,0.8,0.003434412997366567,3.8461538461538463,hex,30.0,0.3,1.6
J_tilt30_jit30,cone3d,-30.0,0.0007870207773521543,0.015740422349009634,0.04999997839331627,50.0,13.0,0.8,0.003434412997366567,3.8461538461538463,hex,30.0,0.3,1.6
J_tilt30_jit30,cone3d,-20.0,0.0003626592515502125,0.007253188165351105,0.04999997839331627,50.0,13.0,0.8,0.003434412997366567,3.8461538461538463,hex,30.0,0.3,1.6
J_tilt30_jit30,cone3d,-10.0,0.00014957762323319912,0.0029915539803033373,0.04999997466802597,50.0,13.0,0.8,0.003434412997366567,3.8461538461538463,hex,30.0,0.3,1.6
J_tilt30_jit30,cone3d,0.0,8.500964031554759e-05,0.0017001935410218341,0.04999997839331627,50.0,13.0,0.8,0.003434412997366567,3.8461538461538463,hex,30.0,0.3,1.6
J_tilt30_jit30,cone3d,10.0,6.490901432698593e-05,0.0012981809442494379,0.04999997466802597,50.0,13.0,0.8,0.003434412997366567,3.8461538461538463,hex,30.0,0.3,1.6
J_tilt30_jit30,cone3d,20.0,6.0052967455703765e-05,0.0012010598681324895,0.04999997839331627,50.0,13.0,0.8,0.003434412997366567,3.8461538461538463,hex,30.0,0.3,1.6
J_tilt30_jit30,cone3d,30.0,5.7947327150031924e-05,0.0011589470438206832,0.04999997839331627,50.0,13.0,0.8,0.003434412997366567,3.8461538461538463,hex,30.0,0.3,1.6
J_tilt30_jit30,cone3d,40.0,4.218670437694527e-05,0.0008437343892818368,0.04999998211860657,50.0,13.0,0.8,0.003434412997366567,3.8461538461538463,hex,30.0,0.3,1.6
J_tilt30_jit30,cone3d,50.0,3.859836942865513e-05,0.0007719676646502533,0.04999998211860657,50.0,13.0,0.8,0.003434412997366567,3.8461538461538463,hex,30.0,0.3,1.6
J_tilt30_jit30,cone3d,60.0,4.1469760617474094e-05,0.0008293955707592376,0.04999997839331627,50.0,13.0,0.8,0.003434412997366567,3.8461538461538463,hex,30.0,0.3,1.6
J_tilt30_jit30,cone3d,70.0,4.8833837354322895e-05,0.0009766770963734062,0.04999998211860657,50.0,13.0,0.8,0.003434412997366567,3.8461538461538463,hex,30.0,0.3,1.6
J_tilt30_jit30,cone3d,80.0,7.853708666516468e-05,0.0015707279005525376,0.05000044032931328,50.0,13.0,0.8,0.003434412997366567,3.8461538461538463,hex,30.0,0.3,1.6
J_tilt30_nojit,cone3d,-80.0,0.002550157718360424,0.051003165007297846,0.049999989569187164,50.0,13.0,0.8,0.003434412997366567,3.8461538461538463,hex,30.0,0.0,1.15
J_tilt30_nojit,cone3d,-70.0,0.0023447631392627954,0.046895279556314784,0.04999998211860657,50.0,13.0,0.8,0.003434412997366567,3.8461538461538463,hex,30.0,0.0,1.15
J_tilt30_nojit,cone3d,-60.0,0.00195789011195302,0.03915781916047269,0.04999997839331627,50.0,13.0,0.8,0.003434412997366567,3.8461538461538463,hex,30.0,0.0,1.15
J_tilt30_nojit,cone3d,-50.0,0.0014511743793264031,0.02902349796613978,0.04999998211860657,50.0,13.0,0.8,0.003434412997366567,3.8461538461538463,hex,30.0,0.0,1.15
J_tilt30_nojit,cone3d,-40.0,0.000970562978181988,0.01941126650564963,0.04999998211860657,50.0,13.0,0.8,0.003434412997366567,3.8461538461538463,hex,30.0,0.0,1.15
J_tilt30_nojit,cone3d,-30.0,0.0005220614839345217,0.010441234190699332,0.04999997839331627,50.0,13.0,0.8,0.003434412997366567,3.8461538461538463,hex,30.0,0.0,1.15
J_tilt30_nojit,cone3d,-20.0,0.00021113434922881424,0.004222688809342317,0.04999997839331627,50.0,13.0,0.8,0.003434412997366567,3.8461538461538463,hex,30.0,0.0,1.15
J_tilt30_nojit,cone3d,-10.0,9.600778867024928e-05,0.0019201567462322022,0.04999997466802597,50.0,13.0,0.8,0.003434412997366567,3.8461538461538463,hex,30.0,0.0,1.15
J_tilt30_nojit,cone3d,0.0,6.252576713450253e-05,0.0012505158830800743,0.04999997839331627,50.0,13.0,0.8,0.003434412997366567,3.8461538461538463,hex,30.0,0.0,1.15
J_tilt30_nojit,cone3d,10.0,5.052795313531533e-05,0.0010105595746956846,0.04999997466802597,50.0,13.0,0.8,0.003434412997366567,3.8461538461538463,hex,30.0,0.0,1.15
J_tilt30_nojit,cone3d,20.0,4.732424713438377e-05,0.0009464853516958683,0.04999997839331627,50.0,13.0,0.8,0.003434412997366567,3.8461538461538463,hex,30.0,0.0,1.15
J_tilt30_nojit,cone3d,30.0,4.605304275173694e-05,0.0009210612530563226,0.04999997839331627,50.0,13.0,0.8,0.003434412997366567,3.8461538461538463,hex,30.0,0.0,1.15
J_tilt30_nojit,cone3d,40.0,3.301673859823495e-05,0.0006603350081189006,0.04999998211860657,50.0,13.0,0.8,0.003434412997366567,3.8461538461538463,hex,30.0,0.0,1.15
J_tilt30_nojit,cone3d,50.0,3.153786019538529e-05,0.000630757429484141,0.04999998211860657,50.0,13.0,0.8,0.003434412997366567,3.8461538461538463,hex,30.0,0.0,1.15
J_tilt30_nojit,cone3d,60.0,3.5629767808131874e-05,0.0007125956640992203,0.04999997839331627,50.0,13.0,0.8,0.003434412997366567,3.8461538461538463,hex,30.0,0.0,1.15
J_tilt30_nojit,cone3d,70.0,4.4105221604695544e-05,0.0008821047475591517,0.04999998211860657,50.0,13.0,0.8,0.003434412997366567,3.8461538461538463,hex,30.0,0.0,1.15
J_tilt30_nojit,cone3d,80.0,7.61584669817239e-05,0.0015231559258304214,0.05000044032931328,50.0,13.0,0.8,0.003434412997366567,3.8461538461538463,hex,30.0,0.0,1.15
