tag,family,theta,rho,ratio,control,depth_mm,pitch_mm,tip_mm,tip_fraction,aspect,lattice,tilt_deg
R_ref_d50_p13,ridge,-80.0,0.00257867225445807,0.0515734558482227,0.049999989569187164,50.0,13.0,0.8,0.06153846153846154,3.8461538461538463,-,0.0
R_ref_d50_p13,ridge,-70.0,0.000914301082957536,0.01828602819874401,0.04999998211860657,50.0,13.0,0.8,0.06153846153846154,3.8461538461538463,-,0.0
R_ref_d50_p13,ridge,-60.0,0.0005121175781823695,0.010242356752829695,0.04999997466802597,50.0,13.0,0.8,0.06153846153846154,3.8461538461538463,-,0.0
R_ref_d50_p13,ridge,-50.0,0.0003727812727447599,0.007455627565747853,0.049999985843896866,50.0,13.0,0.8,0.06153846153846154,3.8461538461538463,-,0.0
R_ref_d50_p13,ridge,-40.0,0.0003092750848736614,0.006185503909581808,0.04999998211860657,50.0,13.0,0.8,0.06153846153846154,3.8461538461538463,-,0.0
R_ref_d50_p13,ridge,-30.0,0.0002750192070379853,0.005500385698040251,0.049999985843896866,50.0,13.0,0.8,0.06153846153846154,3.8461538461538463,-,0.0
R_ref_d50_p13,ridge,-20.0,0.00025312628713436425,0.005062527553188224,0.04999998211860657,50.0,13.0,0.8,0.06153846153846154,3.8461538461538463,-,0.0
R_ref_d50_p13,ridge,-10.0,0.00024519991711713374,0.004904000461526415,0.04999997839331627,50.0,13.0,0.8,0.06153846153846154,3.8461538461538463,-,0.0
R_ref_d50_p13,ridge,0.0,0.00026802695356309414,0.0053605413877323305,0.04999997839331627,50.0,13.0,0.8,0.06153846153846154,3.8461538461538463,-,0.0
R_ref_d50_p13,ridge,10.0,0.0002457421796862036,0.004914845717594412,0.04999997839331627,50.0,13.0,0.8,0.06153846153846154,3.8461538461538463,-,0.0
R_ref_d50_p13,ridge,20.0,0.0002535129606258124,0.005070261025782893,0.04999998211860657,50.0,13.0,0.8,0.06153846153846154,3.8461538461538463,-,0.0
R_ref_d50_p13,ridge,30.0,0.00027654279256239533,0.005530857417155667,0.049999985843896866,50.0,13.0,0.8,0.06153846153846154,3.8461538461538463,-,0.0
R_ref_d50_p13,ridge,40.0,0.00031078295432962477,0.006215661309486202,0.04999998211860657,50.0,13.0,0.8,0.06153846153846154,3.8461538461538463,-,0.0
R_ref_d50_p13,ridge,50.0,0.00037189028807915747,0.007437807867390654,0.049999985843896866,50.0,13.0,0.8,0.06153846153846154,3.8461538461538463,-,0.0
R_ref_d50_p13,ridge,60.0,0.0005090011982247233,0.010180029122099133,0.04999997466802597,50.0,13.0,0.8,0.06153846153846154,3.8461538461538463,-,0.0
R_ref_d50_p13,ridge,70.0,0.0009168791002593935,0.018337588563220583,0.04999998211860657,50.0,13.0,0.8,0.06153846153846154,3.8461538461538463,-,0.0
R_ref_d50_p13,ridge,80.0,0.0025789900682866573,0.05157981212612048,0.049999989569187164,50.0,13.0,0.8,0.06153846153846154,3.8461538461538463,-,0.0
R_ref_d50_p08,ridge,-80.0,0.0021803316194564104,0.043606641486182526,0.049999989569187164,50.0,8.0,0.8,0.1,6.25,-,0.0
R_ref_d50_p08,ridge,-70.0,0.0010032347636297345,0.020064702448291463,0.04999998211860657,50.0,8.0,0.8,0.1,6.25,-,0.0
R_ref_d50_p08,ridge,-60.0,0.0006765371654182673,0.01353075016357758,0.04999997466802597,50.0,8.0,0.8,0.1,6.25,-,0.0
R_ref_d50_p08,ridge,-50.0,0.0005252991104498506,0.010505985183473206,0.049999985843896866,50.0,8.0,0.8,0.1,6.25,-,0.0
R_ref_d50_p08,ridge,-40.0,0.0004511019214987755,0.009022041656509038,0.04999998211860657,50.0,8.0,0.8,0.1,6.25,-,0.0
R_ref_d50_p08,ridge,-30.0,0.0004011888231616467,0.00802377873494172,0.049999985843896866,50.0,8.0,0.8,0.1,6.25,-,0.0
R_ref_d50_p08,ridge,-20.0,0.0003814451047219336,0.007628904822747644,0.04999998211860657,50.0,8.0,0.8,0.1,6.25,-,0.0
R_ref_d50_p08,ridge,-10.0,0.0003657460620161146,0.007314924401347453,0.04999997839331627,50.0,8.0,0.8,0.1,6.25,-,0.0
R_ref_d50_p08,ridge,0.0,0.00038800190668553114,0.007760041487085866,0.04999997839331627,50.0,8.0,0.8,0.1,6.25,-,0.0
R_ref_d50_p08,ridge,10.0,0.0003647584526333958,0.007295172205157488,0.04999997839331627,50.0,8.0,0.8,0.1,6.25,-,0.0
R_ref_d50_p08,ridge,20.0,0.0003809552872553468,0.007619108469912458,0.04999998211860657,50.0,8.0,0.8,0.1,6.25,-,0.0
R_ref_d50_p08,ridge,30.0,0.00039885053411126137,0.007977012940693586,0.049999985843896866,50.0,8.0,0.8,0.1,6.25,-,0.0
R_ref_d50_p08,ridge,40.0,0.0004479818744584918,0.008959640693387042,0.04999998211860657,50.0,8.0,0.8,0.1,6.25,-,0.0
R_ref_d50_p08,ridge,50.0,0.0005275895236991346,0.010551793461428222,0.049999985843896866,50.0,8.0,0.8,0.1,6.25,-,0.0
R_ref_d50_p08,ridge,60.0,0.0006634613964706659,0.01326923465213147,0.04999997466802597,50.0,8.0,0.8,0.1,6.25,-,0.0
R_ref_d50_p08,ridge,70.0,0.0009940714808180928,0.0198814367265177,0.04999998211860657,50.0,8.0,0.8,0.1,6.25,-,0.0
R_ref_d50_p08,ridge,80.0,0.002176078502088785,0.043521579121084626,0.049999989569187164,50.0,8.0,0.8,0.1,6.25,-,0.0
C_tip005,cone3d,-80.0,0.001674465835094452,0.033489323688306386,0.049999989569187164,50.0,13.0,0.1,5.366270308385261e-05,3.8461538461538463,hex,0.0
C_tip005,cone3d,-70.0,0.000425700971391052,0.008514022472672751,0.04999998211860657,50.0,13.0,0.1,5.366270308385261e-05,3.8461538461538463,hex,0.0
C_tip005,cone3d,-60.0,0.00012838072143495083,0.0025676155382521543,0.04999997839331627,50.0,13.0,0.1,5.366270308385261e-05,3.8461538461538463,hex,0.0
C_tip005,cone3d,-50.0,6.042894528945908e-05,0.0012085793380108344,0.04999998211860657,50.0,13.0,0.1,5.366270308385261e-05,3.8461538461538463,hex,0.0
C_tip005,cone3d,-40.0,3.777236634050496e-05,0.0007554475969792132,0.04999998211860657,50.0,13.0,0.1,5.366270308385261e-05,3.8461538461538463,hex,0.0
C_tip005,cone3d,-30.0,2.8853257390437648e-05,0.0005770653971781435,0.04999997839331627,50.0,13.0,0.1,5.366270308385261e-05,3.8461538461538463,hex,0.0
C_tip005,cone3d,-20.0,3.270256638643332e-05,0.0006540516103663922,0.04999997839331627,50.0,13.0,0.1,5.366270308385261e-05,3.8461538461538463,hex,0.0
C_tip005,cone3d,-10.0,0.00024493964156135917,0.0048987953131502966,0.04999997466802597,50.0,13.0,0.1,5.366270308385261e-05,3.8461538461538463,hex,0.0
C_tip005,cone3d,0.0,0.000332738010911271,0.006654763093972649,0.04999997839331627,50.0,13.0,0.1,5.366270308385261e-05,3.8461538461538463,hex,0.0
C_tip005,cone3d,10.0,0.0001607908052392304,0.003215817734044834,0.04999997466802597,50.0,13.0,0.1,5.366270308385261e-05,3.8461538461538463,hex,0.0
C_tip005,cone3d,20.0,3.1987205147743225e-05,0.000639744379409954,0.04999997839331627,50.0,13.0,0.1,5.366270308385261e-05,3.8461538461538463,hex,0.0
C_tip005,cone3d,30.0,2.7790965759777464e-05,0.0005558195553838961,0.04999997839331627,50.0,13.0,0.1,5.366270308385261e-05,3.8461538461538463,hex,0.0
C_tip005,cone3d,40.0,3.693069447763264e-05,0.0007386141537016583,0.04999998211860657,50.0,13.0,0.1,5.366270308385261e-05,3.8461538461538463,hex,0.0
C_tip005,cone3d,50.0,5.770151983597316e-05,0.001154030809433042,0.04999998211860657,50.0,13.0,0.1,5.366270308385261e-05,3.8461538461538463,hex,0.0
C_tip005,cone3d,60.0,0.00012092605902580544,0.0024185222256410052,0.04999997839331627,50.0,13.0,0.1,5.366270308385261e-05,3.8461538461538463,hex,0.0
C_tip005,cone3d,70.0,0.00039836482028476894,0.00796729925502363,0.04999998211860657,50.0,13.0,0.1,5.366270308385261e-05,3.8461538461538463,hex,0.0
C_tip005,cone3d,80.0,0.0015508998185396194,0.031017723210537175,0.05000044032931328,50.0,13.0,0.1,5.366270308385261e-05,3.8461538461538463,hex,0.0
C_tip020,cone3d,-80.0,0.001631829421967268,0.032636595247869694,0.049999989569187164,50.0,13.0,0.4,0.0008586032493416417,3.8461538461538463,hex,0.0
C_tip020,cone3d,-70.0,0.00041044590761885047,0.008208921088115962,0.04999998211860657,50.0,13.0,0.4,0.0008586032493416417,3.8461538461538463,hex,0.0
C_tip020,cone3d,-60.0,0.0001285633334191516,0.002571267779514426,0.04999997839331627,50.0,13.0,0.4,0.0008586032493416417,3.8461538461538463,hex,0.0
C_tip020,cone3d,-50.0,6.343376298900694e-05,0.00126867571349393,0.04999998211860657,50.0,13.0,0.4,0.0008586032493416417,3.8461538461538463,hex,0.0
C_tip020,cone3d,-40.0,4.130557499593124e-05,0.0008261117953592255,0.04999998211860657,50.0,13.0,0.4,0.0008586032493416417,3.8461538461538463,hex,0.0
C_tip020,cone3d,-30.0,3.250129520893097e-05,0.0006500261850768234,0.04999997839331627,50.0,13.0,0.4,0.0008586032493416417,3.8461538461538463,hex,0.0
C_tip020,cone3d,-20.0,3.58116885763593e-05,0.0007162340810360514,0.04999997839331627,50.0,13.0,0.4,0.0008586032493416417,3.8461538461538463,hex,0.0
C_tip020,cone3d,-10.0,0.00024294991453643888,0.004859000752490395,0.04999997466802597,50.0,13.0,0.4,0.0008586032493416417,3.8461538461538463,hex,0.0
C_tip020,cone3d,0.0,0.0003345779550727457,0.006691561993104187,0.04999997839331627,50.0,13.0,0.4,0.0008586032493416417,3.8461538461538463,hex,0.0
C_tip020,cone3d,10.0,0.00016065644740592688,0.003213130576017344,0.04999997466802597,50.0,13.0,0.4,0.0008586032493416417,3.8461538461538463,hex,0.0
C_tip020,cone3d,20.0,3.4810589568223804e-05,0.0006962120922211658,0.04999997839331627,50.0,13.0,0.4,0.0008586032493416417,3.8461538461538463,hex,0.0
C_tip020,cone3d,30.0,3.154639489366673e-05,0.0006309281705186434,0.04999997839331627,50.0,13.0,0.4,0.0008586032493416417,3.8461538461538463,hex,0.0
C_tip020,cone3d,40.0,4.045396053697914e-05,0.0008090795000889599,0.04999998211860657,50.0,13.0,0.4,0.0008586032493416417,3.8461538461538463,hex,0.0
C_tip020,cone3d,50.0,6.048324939911254e-05,0.0012096654205923168,0.04999998211860657,50.0,13.0,0.4,0.0008586032493416417,3.8461538461538463,hex,0.0
C_tip020,cone3d,60.0,0.00012143683125032112,0.0024287376745457585,0.04999997839331627,50.0,13.0,0.4,0.0008586032493416417,3.8461538461538463,hex,0.0
C_tip020,cone3d,70.0,0.0003873182868119329,0.007746368506555917,0.04999998211860657,50.0,13.0,0.4,0.0008586032493416417,3.8461538461538463,hex,0.0
C_tip020,cone3d,80.0,0.0015126473736017942,0.03025268104919046,0.05000044032931328,50.0,13.0,0.4,0.0008586032493416417,3.8461538461538463,hex,0.0
C_tip040,cone3d,-80.0,0.0015693404711782932,0.031386815971365924,0.049999989569187164,50.0,13.0,0.8,0.003434412997366567,3.8461538461538463,hex,0.0
C_tip040,cone3d,-70.0,0.0003957024891860783,0.007914052614007334,0.04999998211860657,50.0,13.0,0.8,0.003434412997366567,3.8461538461538463,hex,0.0
C_tip040,cone3d,-60.0,0.00013528706040233374,0.0027057423772890708,0.04999997839331627,50.0,13.0,0.8,0.003434412997366567,3.8461538461538463,hex,0.0
C_tip040,cone3d,-50.0,7.454414298990741e-05,0.0014908833929795984,0.04999998211860657,50.0,13.0,0.8,0.003434412997366567,3.8461538461538463,hex,0.0
C_tip040,cone3d,-40.0,5.348742342903279e-05,0.0010697488511526574,0.04999998211860657,50.0,13.0,0.8,0.003434412997366567,3.8461538461538463,hex,0.0
C_tip040,cone3d,-30.0,4.503236777964048e-05,0.0009006477447930291,0.04999997839331627,50.0,13.0,0.8,0.003434412997366567,3.8461538461538463,hex,0.0
C_tip040,cone3d,-20.0,4.763279503094964e-05,0.0009526563122938656,0.04999997839331627,50.0,13.0,0.8,0.003434412997366567,3.8461538461538463,hex,0.0
C_tip040,cone3d,-10.0,0.0002475979272276163,0.004951961053411302,0.04999997466802597,50.0,13.0,0.8,0.003434412997366567,3.8461538461538463,hex,0.0
C_tip040,cone3d,0.0,0.00034435626002959907,0.006887128176751988,0.04999997839331627,50.0,13.0,0.8,0.003434412997366567,3.8461538461538463,hex,0.0
C_tip040,cone3d,10.0,0.00016795151168480515,0.003359031935514298,0.04999997466802597,50.0,13.0,0.8,0.003434412997366567,3.8461538461538463,hex,0.0
C_tip040,cone3d,20.0,4.640200495487079e-05,0.0009280405001349673,0.04999997839331627,50.0,13.0,0.8,0.003434412997366567,3.8461538461538463,hex,0.0
C_tip040,cone3d,30.0,4.411314148455858e-05,0.000882263210946815,0.04999997839331627,50.0,13.0,0.8,0.003434412997366567,3.8461538461538463,hex,0.0
C_tip040,cone3d,40.0,5.274180875858292e-05,0.0010548365524106064,0.04999998211860657,50.0,13.0,0.8,0.003434412997366567,3.8461538461538463,hex,0.0
C_tip040,cone3d,50.0,7.190440373960882e-05,0.0014380885890927335,0.04999998211860657,50.0,13.0,0.8,0.003434412997366567,3.8461538461538463,hex,0.0
C_tip040,cone3d,60.0,0.000128584768390283,0.002571696479122309,0.04999997839331627,50.0,13.0,0.8,0.003434412997366567,3.8461538461538463,hex,0.0
C_tip040,cone3d,70.0,0.0003763494605664164,0.0075269919031903994,0.04999998211860657,50.0,13.0,0.8,0.003434412997366567,3.8461538461538463,hex,0.0
C_tip040,cone3d,80.0,0.0014664975460618734,0.029329692626769207,0.05000044032931328,50.0,13.0,0.8,0.003434412997366567,3.8461538461538463,hex,0.0
C_tip080,cone3d,-80.0,0.001455383957363665,0.029107685219609634,0.049999989569187164,50.0,13.0,1.6,0.013737651989466268,3.8461538461538463,hex,0.0
C_tip080,cone3d,-70.0,0.00039284524973481894,0.00785690780454557,0.04999998211860657,50.0,13.0,1.6,0.013737651989466268,3.8461538461538463,hex,0.0
C_tip080,cone3d,-60.0,0.0001731869124341756,0.003463739745482096,0.04999997839331627,50.0,13.0,1.6,0.013737651989466268,3.8461538461538463,hex,0.0
C_tip080,cone3d,-50.0,0.0001219591504195705,0.0024391838807115425,0.04999998211860657,50.0,13.0,1.6,0.013737651989466268,3.8461538461538463,hex,0.0
C_tip080,cone3d,-40.0,0.00010338677384424955,0.002067736216365087,0.04999998211860657,50.0,13.0,1.6,0.013737651989466268,3.8461538461538463,hex,0.0
C_tip080,cone3d,-30.0,9.523829794488847e-05,0.0019047667820116382,0.04999997839331627,50.0,13.0,1.6,0.013737651989466268,3.8461538461538463,hex,0.0
C_tip080,cone3d,-20.0,9.60106190177612e-05,0.0019202132101440146,0.04999997839331627,50.0,13.0,1.6,0.013737651989466268,3.8461538461538463,hex,0.0
C_tip080,cone3d,-10.0,0.00028068790561519563,0.0056137609564568475,0.04999997466802597,50.0,13.0,1.6,0.013737651989466268,3.8461538461538463,hex,0.0
C_tip080,cone3d,0.0,0.00038801899063400924,0.007760383166203079,0.04999997839331627,50.0,13.0,1.6,0.013737651989466268,3.8461538461538463,hex,0.0
C_tip080,cone3d,10.0,0.00020690294331870973,0.004138060962879252,0.04999997466802597,50.0,13.0,1.6,0.013737651989466268,3.8461538461538463,hex,0.0
C_tip080,cone3d,20.0,9.496870916336775e-05,0.001899375004051255,0.04999997839331627,50.0,13.0,1.6,0.013737651989466268,3.8461538461538463,hex,0.0
C_tip080,cone3d,30.0,9.447942284168676e-05,0.0018895892733888913,0.04999997839331627,50.0,13.0,1.6,0.013737651989466268,3.8461538461538463,hex,0.0
C_tip080,cone3d,40.0,0.00010270845086779445,0.0020541697519842394,0.04999998211860657,50.0,13.0,1.6,0.013737651989466268,3.8461538461538463,hex,0.0
C_tip080,cone3d,50.0,0.00011957444075960666,0.002391489670455487,0.04999998211860657,50.0,13.0,1.6,0.013737651989466268,3.8461538461538463,hex,0.0
C_tip080,cone3d,60.0,0.00016617498476989567,0.00332350113159467,0.04999997839331627,50.0,13.0,1.6,0.013737651989466268,3.8461538461538463,hex,0.0
C_tip080,cone3d,70.0,0.00037750921910628676,0.007550187082283049,0.04999998211860657,50.0,13.0,1.6,0.013737651989466268,3.8461538461538463,hex,0.0
C_tip080,cone3d,80.0,0.0013811024837195873,0.02762180642057069,0.05000044032931328,50.0,13.0,1.6,0.013737651989466268,3.8461538461538463,hex,0.0
C_d30,cone3d,-80.0,0.0027556680142879486,0.05511337178330429,0.049999989569187164,30.0,13.0,0.8,0.003434412997366567,2.3076923076923075,hex,0.0
C_d30,cone3d,-70.0,0.001097382977604866,0.021947667401194835,0.04999998211860657,30.0,13.0,0.8,0.003434412997366567,2.3076923076923075,hex,0.0
C_d30,cone3d,-60.0,0.00032523396657779813,0.006504682142448159,0.04999997839331627,30.0,13.0,0.8,0.003434412997366567,2.3076923076923075,hex,0.0
C_d30,cone3d,-50.0,0.0001238182740053162,0.002476366365723949,0.04999998211860657,30.0,13.0,0.8,0.003434412997366567,2.3076923076923075,hex,0.0
C_d30,cone3d,-40.0,7.216465019155294e-05,0.001443293519993044,0.04999998211860657,30.0,13.0,0.8,0.003434412997366567,2.3076923076923075,hex,0.0
C_d30,cone3d,-30.0,5.6790293456288055e-05,0.001135806359945937,0.04999997839331627,30.0,13.0,0.8,0.003434412997366567,2.3076923076923075,hex,0.0
C_d30,cone3d,-20.0,8.85879053384997e-05,0.001771758872406666,0.04999997839331627,30.0,13.0,0.8,0.003434412997366567,2.3076923076923075,hex,0.0
C_d30,cone3d,-10.0,0.00022350289509631693,0.0044700601666353,0.04999997466802597,30.0,13.0,0.8,0.003434412997366567,2.3076923076923075,hex,0.0
C_d30,cone3d,0.0,0.0004315920523367822,0.008631844776846446,0.04999997839331627,30.0,13.0,0.8,0.003434412997366567,2.3076923076923075,hex,0.0
C_d30,cone3d,10.0,0.00025729925255291164,0.005145987658218747,0.04999997466802597,30.0,13.0,0.8,0.003434412997366567,2.3076923076923075,hex,0.0
C_d30,cone3d,20.0,0.00010014097642851993,0.002002820394056535,0.04999997839331627,30.0,13.0,0.8,0.003434412997366567,2.3076923076923075,hex,0.0
C_d30,cone3d,30.0,5.749320189352147e-05,0.0011498645347656161,0.04999997839331627,30.0,13.0,0.8,0.003434412997366567,2.3076923076923075,hex,0.0
C_d30,cone3d,40.0,7.315179391298443e-05,0.0014630364014822787,0.04999998211860657,30.0,13.0,0.8,0.003434412997366567,2.3076923076923075,hex,0.0
C_d30,cone3d,50.0,0.0001267954066861421,0.002535909040634587,0.04999998211860657,30.0,13.0,0.8,0.003434412997366567,2.3076923076923075,hex,0.0
C_d30,cone3d,60.0,0.0003277856740169227,0.006555716313284234,0.04999997839331627,30.0,13.0,0.8,0.003434412997366567,2.3076923076923075,hex,0.0
C_d30,cone3d,70.0,0.00107254006434232,0.02145080895825349,0.04999998211860657,30.0,13.0,0.8,0.003434412997366567,2.3076923076923075,hex,0.0
C_d30,cone3d,80.0,0.0025819065049290657,0.05163767534693882,0.05000044032931328,30.0,13.0,0.8,0.003434412997366567,2.3076923076923075,hex,0.0
C_d80,cone3d,-80.0,0.0009401882416568696,0.018803768755909243,0.049999989569187164,80.0,13.0,0.8,0.003434412997366567,6.153846153846154,hex,0.0
C_d80,cone3d,-70.0,0.0002573927631601691,0.005147857104220547,0.04999998211860657,80.0,13.0,0.8,0.003434412997366567,6.153846153846154,hex,0.0
C_d80,cone3d,-60.0,0.00010370367090217769,0.0020740743143209087,0.04999997839331627,80.0,13.0,0.8,0.003434412997366567,6.153846153846154,hex,0.0
C_d80,cone3d,-50.0,6.013086749590002e-05,0.0012026177800076338,0.04999998211860657,80.0,13.0,0.8,0.003434412997366567,6.153846153846154,hex,0.0
C_d80,cone3d,-40.0,4.5183172915130854e-05,0.0009036637814779692,0.04999998211860657,80.0,13.0,0.8,0.003434412997366567,6.153846153846154,hex,0.0
C_d80,cone3d,-30.0,3.919974551536143e-05,0.0007839952490979764,0.04999997839331627,80.0,13.0,0.8,0.003434412997366567,6.153846153846154,hex,0.0
C_d80,cone3d,-20.0,3.7203735701041296e-05,0.0007440750355607053,0.04999997839331627,80.0,13.0,0.8,0.003434412997366567,6.153846153846154,hex,0.0
C_d80,cone3d,-10.0,4.8616155254421756e-05,0.0009723235977059576,0.04999997466802597,80.0,13.0,0.8,0.003434412997366567,6.153846153846154,hex,0.0
C_d80,cone3d,0.0,0.00024032309011090547,0.004806463879253008,0.04999997839331627,80.0,13.0,0.8,0.003434412997366567,6.153846153846154,hex,0.0
C_d80,cone3d,10.0,5.9609446907415986e-05,0.00119218954215861,0.04999997466802597,80.0,13.0,0.8,0.003434412997366567,6.153846153846154,hex,0.0
C_d80,cone3d,20.0,3.641377406893298e-05,0.0007282757960911555,0.04999997839331627,80.0,13.0,0.8,0.003434412997366567,6.153846153846154,hex,0.0
C_d80,cone3d,30.0,3.81862155336421e-05,0.0007637246407039773,0.04999997839331627,80.0,13.0,0.8,0.003434412997366567,6.153846153846154,hex,0.0
C_d80,cone3d,40.0,4.3804102460853755e-05,0.0008760823625285431,0.04999998211860657,80.0,13.0,0.8,0.003434412997366567,6.153846153846154,hex,0.0
C_d80,cone3d,50.0,5.790123759652488e-05,0.0011580251660725696,0.04999998211860657,80.0,13.0,0.8,0.003434412997366567,6.153846153846154,hex,0.0
C_d80,cone3d,60.0,9.86781160463579e-05,0.0019735631737702645,0.04999997839331627,80.0,13.0,0.8,0.003434412997366567,6.153846153846154,hex,0.0
C_d80,cone3d,70.0,0.00024542916798964143,0.004908585115239662,0.04999998211860657,80.0,13.0,0.8,0.003434412997366567,6.153846153846154,hex,0.0
C_d80,cone3d,80.0,0.0009614079026505351,0.019227988720069325,0.05000044032931328,80.0,13.0,0.8,0.003434412997366567,6.153846153846154,hex,0.0
C_d120,cone3d,-80.0,0.000874191231559962,0.017483828278610048,0.049999989569187164,120.0,13.0,0.8,0.003434412997366567,9.23076923076923,hex,0.0
C_d120,cone3d,-70.0,0.00027022301219403744,0.005404462176667038,0.04999998211860657,120.0,13.0,0.8,0.003434412997366567,9.23076923076923,hex,0.0
C_d120,cone3d,-60.0,0.0001157175429398194,0.0023143518589057613,0.04999997839331627,120.0,13.0,0.8,0.003434412997366567,9.23076923076923,hex,0.0
C_d120,cone3d,-50.0,6.60320874885656e-05,0.001320642222069775,0.04999998211860657,120.0,13.0,0.8,0.003434412997366567,9.23076923076923,hex,0.0
C_d120,cone3d,-40.0,4.7434190491912887e-05,0.000948684149114148,0.04999998211860657,120.0,13.0,0.8,0.003434412997366567,9.23076923076923,hex,0.0
C_d120,cone3d,-30.0,4.0302929846802726e-05,0.0008060589452612685,0.04999997839331627,120.0,13.0,0.8,0.003434412997366567,9.23076923076923,hex,0.0
C_d120,cone3d,-20.0,3.7430287193274125e-05,0.0007486060673633732,0.04999997839331627,120.0,13.0,0.8,0.003434412997366567,9.23076923076923,hex,0.0
C_d120,cone3d,-10.0,4.6324053982971236e-05,0.0009264815490515555,0.04999997466802597,120.0,13.0,0.8,0.003434412997366567,9.23076923076923,hex,0.0
C_d120,cone3d,0.0,0.0001841881894506514,0.0036837653808920985,0.04999997839331627,120.0,13.0,0.8,0.003434412997366567,9.23076923076923,hex,0.0
C_d120,cone3d,10.0,3.697798092616722e-05,0.0007395599932136352,0.04999997466802597,120.0,13.0,0.8,0.003434412997366567,9.23076923076923,hex,0.0
C_d120,cone3d,20.0,4.1171682823915035e-05,0.0008234340123118662,0.04999997839331627,120.0,13.0,0.8,0.003434412997366567,9.23076923076923,hex,0.0
C_d120,cone3d,30.0,3.903165634255856e-05,0.0007806334641891787,0.04999997839331627,120.0,13.0,0.8,0.003434412997366567,9.23076923076923,hex,0.0
C_d120,cone3d,40.0,4.59859220427461e-05,0.0009197187697719853,0.04999998211860657,120.0,13.0,0.8,0.003434412997366567,9.23076923076923,hex,0.0
C_d120,cone3d,50.0,6.515079439850524e-05,0.0013030163539650664,0.04999998211860657,120.0,13.0,0.8,0.003434412997366567,9.23076923076923,hex,0.0
C_d120,cone3d,60.0,0.00011860254016937688,0.0023720518284310104,0.04999997839331627,120.0,13.0,0.8,0.003434412997366567,9.23076923076923,hex,0.0
C_d120,cone3d,70.0,0.00026811606949195266,0.005362323307555309,0.04999998211860657,120.0,13.0,0.8,0.003434412997366567,9.23076923076923,hex,0.0
C_d120,cone3d,80.0,0.000806976982858032,0.01613939752416407,0.05000044032931328,120.0,13.0,0.8,0.003434412997366567,9.23076923076923,hex,0.0
C_p08,cone3d,-80.0,0.0007487552938982844,0.014975109002016873,0.049999989569187164,50.0,8.0,0.8,0.00906899682117109,6.25,hex,0.0
C_p08,cone3d,-70.0,0.00020342205243650824,0.004068442503718586,0.04999998211860657,50.0,8.0,0.8,0.00906899682117109,6.25,hex,0.0
C_p08,cone3d,-60.0,0.00010537964408285916,0.0021075937924194335,0.04999997839331627,50.0,8.0,0.8,0.00906899682117109,6.25,hex,0.0
C_p08,cone3d,-50.0,7.764017937006429e-05,0.0015528041427273218,0.04999998211860657,50.0,8.0,0.8,0.00906899682117109,6.25,hex,0.0
C_p08,cone3d,-40.0,6.652624142589048e-05,0.0013305253043507383,0.04999998211860657,50.0,8.0,0.8,0.00906899682117109,6.25,hex,0.0
C_p08,cone3d,-30.0,6.17428740952164e-05,0.0012348580155280597,0.04999997839331627,50.0,8.0,0.8,0.00906899682117109,6.25,hex,0.0
C_p08,cone3d,-20.0,6.01818501309026e-05,0.0012036375227503578,0.04999997839331627,50.0,8.0,0.8,0.00906899682117109,6.25,hex,0.0
C_p08,cone3d,-10.0,8.618907304480672e-05,0.001723782334232321,0.04999997466802597,50.0,8.0,0.8,0.00906899682117109,6.25,hex,0.0
C_p08,cone3d,0.0,0.0002968462649732828,0.00593692786501211,0.04999997839331627,50.0,8.0,0.8,0.00906899682117109,6.25,hex,0.0
C_p08,cone3d,10.0,9.019109711516649e-05,0.0018038228561912046,0.04999997466802597,50.0,8.0,0.8,0.00906899682117109,6.25,hex,0.0
C_p08,cone3d,20.0,5.897559822187759e-05,0.0011795124741446116,0.04999997839331627,50.0,8.0,0.8,0.00906899682117109,6.25,hex,0.0
C_p08,cone3d,30.0,6.143367500044405e-05,0.001228674030960305,0.04999997839331627,50.0,8.0,0.8,0.00906899682117109,6.25,hex,0.0
C_p08,cone3d,40.0,6.651801959378645e-05,0.0013303608676498507,0.04999998211860657,50.0,8.0,0.8,0.00906899682117109,6.25,hex,0.0
C_p08,cone3d,50.0,7.798325532348827e-05,0.0015596656642496726,0.04999998211860657,50.0,8.0,0.8,0.00906899682117109,6.25,hex,0.0
C_p08,cone3d,60.0,0.00010670730989659205,0.0021341471201686783,0.04999997839331627,50.0,8.0,0.8,0.00906899682117109,6.25,hex,0.0
C_p08,cone3d,70.0,0.00020824727835133672,0.004164947056527873,0.04999998211860657,50.0,8.0,0.8,0.00906899682117109,6.25,hex,0.0
C_p08,cone3d,80.0,0.000775914522819221,0.015518153794424347,0.05000044032931328,50.0,8.0,0.8,0.00906899682117109,6.25,hex,0.0
C_p20,cone3d,-80.0,0.0025610425509512424,0.05122086170452928,0.049999989569187164,50.0,20.0,0.8,0.0014510394913873745,2.5,hex,0.0
C_p20,cone3d,-70.0,0.0009181326604448259,0.018362659775895396,0.04999998211860657,50.0,20.0,0.8,0.0014510394913873745,2.5,hex,0.0
C_p20,cone3d,-60.0,0.00026529646129347384,0.005305931518741161,0.04999997839331627,50.0,20.0,0.8,0.0014510394913873745,2.5,hex,0.0
C_p20,cone3d,-50.0,9.981875336961821e-05,0.00199637578135198,0.04999998211860657,50.0,20.0,0.8,0.0014510394913873745,2.5,hex,0.0
C_p20,cone3d,-40.0,5.5654698371654376e-05,0.0011130943655066532,0.04999998211860657,50.0,20.0,0.8,0.0014510394913873745,2.5,hex,0.0
C_p20,cone3d,-30.0,4.381017424748279e-05,0.0008762038635868511,0.04999997839331627,50.0,20.0,0.8,0.0014510394913873745,2.5,hex,0.0
C_p20,cone3d,-20.0,0.00011399693175917491,0.0022799396204221845,0.04999997839331627,50.0,20.0,0.8,0.0014510394913873745,2.5,hex,0.0
C_p20,cone3d,-10.0,0.0003693624457810074,0.007387252658293998,0.04999997466802597,50.0,20.0,0.8,0.0014510394913873745,2.5,hex,0.0
C_p20,cone3d,0.0,0.0004515765467658639,0.009031534838147615,0.04999997839331627,50.0,20.0,0.8,0.0014510394913873745,2.5,hex,0.0
C_p20,cone3d,10.0,0.0003810406196862459,0.007620816254731307,0.04999997466802597,50.0,20.0,0.8,0.0014510394913873745,2.5,hex,0.0
C_p20,cone3d,20.0,0.00016778529970906675,0.003355707444295524,0.04999997839331627,50.0,20.0,0.8,0.0014510394913873745,2.5,hex,0.0
C_p20,cone3d,30.0,6.590822158614174e-05,0.0013181650013463205,0.04999997839331627,50.0,20.0,0.8,0.0014510394913873745,2.5,hex,0.0
C_p20,cone3d,40.0,5.4420812375610694e-05,0.001088416636760336,0.04999998211860657,50.0,20.0,0.8,0.0014510394913873745,2.5,hex,0.0
C_p20,cone3d,50.0,9.391347703058273e-05,0.0018782702123334273,0.04999998211860657,50.0,20.0,0.8,0.0014510394913873745,2.5,hex,0.0
C_p20,cone3d,60.0,0.00024017792020458728,0.004803560479871987,0.04999997839331627,50.0,20.0,0.8,0.0014510394913873745,2.5,hex,0.0
C_p20,cone3d,70.0,0.0008225664496421814,0.016451334876299455,0.04999998211860657,50.0,20.0,0.8,0.0014510394913873745,2.5,hex,0.0
C_p20,cone3d,80.0,0.0024317074567079544,0.04863372083710112,0.05000044032931328,50.0,20.0,0.8,0.0014510394913873745,2.5,hex,0.0
C_square,cone3d,-80.0,0.0012707553105428815,0.025415111512863058,0.049999989569187164,50.0,13.0,0.8,0.002974288902806905,3.8461538461538463,square,0.0
C_square,cone3d,-70.0,0.0003657964407466352,0.007315931431313669,0.04999998211860657,50.0,13.0,0.8,0.002974288902806905,3.8461538461538463,square,0.0
C_square,cone3d,-60.0,0.00012711575254797935,0.002542316149580007,0.04999997839331627,50.0,13.0,0.8,0.002974288902806905,3.8461538461538463,square,0.0
C_square,cone3d,-50.0,7.533887401223183e-05,0.001506778019110448,0.04999998211860657,50.0,13.0,0.8,0.002974288902806905,3.8461538461538463,square,0.0
C_square,cone3d,-40.0,6.344396388158202e-05,0.0012688797314183943,0.04999998211860657,50.0,13.0,0.8,0.002974288902806905,3.8461538461538463,square,0.0
C_square,cone3d,-30.0,6.58358694636263e-05,0.0013167179582706957,0.04999997839331627,50.0,13.0,0.8,0.002974288902806905,3.8461538461538463,square,0.0
C_square,cone3d,-20.0,8.689628157299012e-05,0.0017379263824763163,0.04999997839331627,50.0,13.0,0.8,0.002974288902806905,3.8461538461538463,square,0.0
C_square,cone3d,-10.0,0.00018264322716277093,0.003652866393941751,0.04999997466802597,50.0,13.0,0.8,0.002974288902806905,3.8461538461538463,square,0.0
C_square,cone3d,0.0,0.00041955665801651776,0.008391136786423128,0.04999997839331627,50.0,13.0,0.8,0.002974288902806905,3.8461538461538463,square,0.0
C_square,cone3d,10.0,0.0002972621296066791,0.005945245604229726,0.04999997466802597,50.0,13.0,0.8,0.002974288902806905,3.8461538461538463,square,0.0
C_square,cone3d,20.0,0.00010534690227359533,0.00210693895595118,0.04999997839331627,50.0,13.0,0.8,0.002974288902806905,3.8461538461538463,square,0.0
C_square,cone3d,30.0,6.670347647741437e-05,0.0013340701060449045,0.04999997839331627,50.0,13.0,0.8,0.002974288902806905,3.8461538461538463,square,0.0
C_square,cone3d,40.0,5.304166188579984e-05,0.0010608336170996623,0.04999998211860657,50.0,13.0,0.8,0.002974288902806905,3.8461538461538463,square,0.0
C_square,cone3d,50.0,6.847568147350103e-05,0.0013695141192464361,0.04999998211860657,50.0,13.0,0.8,0.002974288902806905,3.8461538461538463,square,0.0
C_square,cone3d,60.0,0.00012255624460522085,0.002451125951318481,0.04999997839331627,50.0,13.0,0.8,0.002974288902806905,3.8461538461538463,square,0.0
C_square,cone3d,70.0,0.0003439233114477247,0.0068784686888865906,0.04999998211860657,50.0,13.0,0.8,0.002974288902806905,3.8461538461538463,square,0.0
C_square,cone3d,80.0,0.001241917023435235,0.024838121729643014,0.05000044032931328,50.0,13.0,0.8,0.002974288902806905,3.8461538461538463,square,0.0
C_nojitter,cone3d,-80.0,0.0010115202749148011,0.02023040971868837,0.049999989569187164,50.0,13.0,0.8,0.003434412997366567,3.8461538461538463,hex,0.0
C_nojitter,cone3d,-70.0,0.0003317209775559604,0.00663442192377338,0.04999998211860657,50.0,13.0,0.8,0.003434412997366567,3.8461538461538463,hex,0.0
C_nojitter,cone3d,-60.0,0.00012395167141221464,0.0024790344995185803,0.04999997839331627,50.0,13.0,0.8,0.003434412997366567,3.8461538461538463,hex,0.0
C_nojitter,cone3d,-50.0,6.934793054824695e-05,0.0013869591069801683,0.04999998211860657,50.0,13.0,0.8,0.003434412997366567,3.8461538461538463,hex,0.0
C_nojitter,cone3d,-40.0,4.957378769177012e-05,0.00099147610841489,0.04999998211860657,50.0,13.0,0.8,0.003434412997366567,3.8461538461538463,hex,0.0
C_nojitter,cone3d,-30.0,4.047224865644239e-05,0.0008094453229174296,0.04999997839331627,50.0,13.0,0.8,0.003434412997366567,3.8461538461538463,hex,0.0
C_nojitter,cone3d,-20.0,3.7087029340909794e-05,0.0007417409073494198,0.04999997839331627,50.0,13.0,0.8,0.003434412997366567,3.8461538461538463,hex,0.0
C_nojitter,cone3d,-10.0,3.8088350265752524e-05,0.0007617673912564859,0.04999997466802597,50.0,13.0,0.8,0.003434412997366567,3.8461538461538463,hex,0.0
C_nojitter,cone3d,0.0,4.1794657590799034e-05,0.0008358935130337161,0.04999997839331627,50.0,13.0,0.8,0.003434412997366567,3.8461538461538463,hex,0.0
C_nojitter,cone3d,10.0,3.8324142224155366e-05,0.0007664832328137743,0.04999997466802597,50.0,13.0,0.8,0.003434412997366567,3.8461538461538463,hex,0.0
C_nojitter,cone3d,20.0,3.696633575600572e-05,0.0007393270346082226,0.04999997839331627,50.0,13.0,0.8,0.003434412997366567,3.8461538461538463,hex,0.0
C_nojitter,cone3d,30.0,4.060689752805047e-05,0.0008121383015133179,0.04999997839331627,50.0,13.0,0.8,0.003434412997366567,3.8461538461538463,hex,0.0
C_nojitter,cone3d,40.0,4.9815480451798066e-05,0.0009963099653441708,0.04999998211860657,50.0,13.0,0.8,0.003434412997366567,3.8461538461538463,hex,0.0
C_nojitter,cone3d,50.0,6.978533929213881e-05,0.0013957072849865978,0.04999998211860657,50.0,13.0,0.8,0.003434412997366567,3.8461538461538463,hex,0.0
C_nojitter,cone3d,60.0,0.00012507550127338618,0.00250151110645491,0.04999997839331627,50.0,13.0,0.8,0.003434412997366567,3.8461538461538463,hex,0.0
C_nojitter,cone3d,70.0,0.00033411936601623893,0.006682389710133568,0.04999998211860657,50.0,13.0,0.8,0.003434412997366567,3.8461538461538463,hex,0.0
C_nojitter,cone3d,80.0,0.000995660899206996,0.019913042618212293,0.05000044032931328,50.0,13.0,0.8,0.003434412997366567,3.8461538461538463,hex,0.0
C_tilt20,cone3d,-80.0,0.0037365220487117767,0.07473045656422364,0.049999989569187164,50.0,13.0,0.8,0.003434412997366567,3.8461538461538463,hex,20.0
C_tilt20,cone3d,-70.0,0.0026361625641584396,0.05272327013847952,0.04999998211860657,50.0,13.0,0.8,0.003434412997366567,3.8461538461538463,hex,20.0
C_tilt20,cone3d,-60.0,0.001629697042517364,0.032593954935292796,0.04999997839331627,50.0,13.0,0.8,0.003434412997366567,3.8461538461538463,hex,20.0
C_tilt20,cone3d,-50.0,0.0008365468820556998,0.016730943624565706,0.04999998211860657,50.0,13.0,0.8,0.003434412997366567,3.8461538461538463,hex,20.0
C_tilt20,cone3d,-40.0,0.00034067066735588014,0.006813415783784968,0.04999998211860657,50.0,13.0,0.8,0.003434412997366567,3.8461538461538463,hex,20.0
C_tilt20,cone3d,-30.0,0.00013427514932118356,0.0026855041469204463,0.04999997839331627,50.0,13.0,0.8,0.003434412997366567,3.8461538461538463,hex,20.0
C_tilt20,cone3d,-20.0,7.572697359137237e-05,0.0015145401263112375,0.04999997839331627,50.0,13.0,0.8,0.003434412997366567,3.8461538461538463,hex,20.0
C_tilt20,cone3d,-10.0,5.7621353334980085e-05,0.001152427650564948,0.04999997466802597,50.0,13.0,0.8,0.003434412997366567,3.8461538461538463,hex,20.0
C_tilt20,cone3d,0.0,0.00011324921797495335,0.002264985338275504,0.04999997839331627,50.0,13.0,0.8,0.003434412997366567,3.8461538461538463,hex,20.0
C_tilt20,cone3d,10.0,9.890040382742882e-05,0.0019780090786860687,0.04999997466802597,50.0,13.0,0.8,0.003434412997366567,3.8461538461538463,hex,20.0
C_tilt20,cone3d,20.0,5.914644862059504e-05,0.0011829294835955654,0.04999997839331627,50.0,13.0,0.8,0.003434412997366567,3.8461538461538463,hex,20.0
C_tilt20,cone3d,30.0,4.035039455629885e-05,0.0008070082398614132,0.04999997839331627,50.0,13.0,0.8,0.003434412997366567,3.8461538461538463,hex,20.0
C_tilt20,cone3d,40.0,3.6818422813666984e-05,0.0007363687196193155,0.04999998211860657,50.0,13.0,0.8,0.003434412997366567,3.8461538461538463,hex,20.0
C_tilt20,cone3d,50.0,3.9570189983351156e-05,0.0007914040826951785,0.04999998211860657,50.0,13.0,0.8,0.003434412997366567,3.8461538461538463,hex,20.0
C_tilt20,cone3d,60.0,4.4115102355135605e-05,0.0008823024283753026,0.04999997839331627,50.0,13.0,0.8,0.003434412997366567,3.8461538461538463,hex,20.0
C_tilt20,cone3d,70.0,5.9966117987642065e-05,0.001199322788664094,0.04999998211860657,50.0,13.0,0.8,0.003434412997366567,3.8461538461538463,hex,20.0
C_tilt20,cone3d,80.0,0.00011947599705308676,0.002389498897733561,0.05000044032931328,50.0,13.0,0.8,0.003434412997366567,3.8461538461538463,hex,20.0
C_tilt30,cone3d,-80.0,0.004101399332284927,0.08202800375807363,0.049999989569187164,50.0,13.0,0.8,0.003434412997366567,3.8461538461538463,hex,30.0
C_tilt30,cone3d,-70.0,0.003285778919234872,0.06571560188642808,0.04999998211860657,50.0,13.0,0.8,0.003434412997366567,3.8461538461538463,hex,30.0
C_tilt30,cone3d,-60.0,0.002506106626242399,0.05012215418431865,0.04999997839331627,50.0,13.0,0.8,0.003434412997366567,3.8461538461538463,hex,30.0
C_tilt30,cone3d,-50.0,0.0017509536119177938,0.03501908476215652,0.04999998211860657,50.0,13.0,0.8,0.003434412997366567,3.8461538461538463,hex,30.0
C_tilt30,cone3d,-40.0,0.001089812139980495,0.021796250594556543,0.04999998211860657,50.0,13.0,0.8,0.003434412997366567,3.8461538461538463,hex,30.0
C_tilt30,cone3d,-30.0,0.000569529423955828,0.011390593401375541,0.04999997839331627,50.0,13.0,0.8,0.003434412997366567,3.8461538461538463,hex,30.0
C_tilt30,cone3d,-20.0,0.000236711188335903,0.004734225812536456,0.04999997839331627,50.0,13.0,0.8,0.003434412997366567,3.8461538461538463,hex,30.0
C_tilt30,cone3d,-10.0,0.00010662042041076347,0.002132409488578105,0.04999997466802597,50.0,13.0,0.8,0.003434412997366567,3.8461538461538463,hex,30.0
C_tilt30,cone3d,0.0,7.101014489308e-05,0.001420203511579362,0.04999997839331627,50.0,13.0,0.8,0.003434412997366567,3.8461538461538463,hex,30.0
C_tilt30,cone3d,10.0,6.295029743341729e-05,0.0012590065865307888,0.04999997466802597,50.0,13.0,0.8,0.003434412997366567,3.8461538461538463,hex,30.0
C_tilt30,cone3d,20.0,5.767910261056386e-05,0.0011535825507131437,0.04999997839331627,50.0,13.0,0.8,0.003434412997366567,3.8461538461538463,hex,30.0
C_tilt30,cone3d,30.0,5.4645533964503556e-05,0.001092911151573783,0.04999997839331627,50.0,13.0,0.8,0.003434412997366567,3.8461538461538463,hex,30.0
C_tilt30,cone3d,40.0,3.673689207062125e-05,0.0007347381041752473,0.04999998211860657,50.0,13.0,0.8,0.003434412997366567,3.8461538461538463,hex,30.0
C_tilt30,cone3d,50.0,3.52159004251007e-05,0.0007043182603858523,0.04999998211860657,50.0,13.0,0.8,0.003434412997366567,3.8461538461538463,hex,30.0
C_tilt30,cone3d,60.0,3.6868234019493684e-05,0.0007373649990301203,0.04999997839331627,50.0,13.0,0.8,0.003434412997366567,3.8461538461538463,hex,30.0
C_tilt30,cone3d,70.0,4.2862138798227534e-05,0.0008572430825385672,0.04999998211860657,50.0,13.0,0.8,0.003434412997366567,3.8461538461538463,hex,30.0
C_tilt30,cone3d,80.0,6.622663204325363e-05,0.0013245209763568337,0.05000044032931328,50.0,13.0,0.8,0.003434412997366567,3.8461538461538463,hex,30.0
C_tiltjit,cone3d,-80.0,0.001699369982816279,0.03398740674665115,0.049999989569187164,50.0,13.0,0.8,0.003434412997366567,3.8461538461538463,hex,0.0
C_tiltjit,cone3d,-70.0,0.0009098052978515625,0.01819611246446817,0.04999998211860657,50.0,13.0,0.8,0.003434412997366567,3.8461538461538463,hex,0.0
C_tiltjit,cone3d,-60.0,0.0004766576166730374,0.009533156453058677,0.04999997839331627,50.0,13.0,0.8,0.003434412997366567,3.8461538461538463,hex,0.0
C_tiltjit,cone3d,-50.0,0.00027699919883161783,0.005539985957885727,0.04999998211860657,50.0,13.0,0.8,0.003434412997366567,3.8461538461538463,hex,0.0
C_tiltjit,cone3d,-40.0,0.00015492791135329753,0.0030985593351971217,0.04999998211860657,50.0,13.0,0.8,0.003434412997366567,3.8461538461538463,hex,0.0
C_tiltjit,cone3d,-30.0,8.606723713455722e-05,0.0017213454865424947,0.04999997839331627,50.0,13.0,0.8,0.003434412997366567,3.8461538461538463,hex,0.0
C_tiltjit,cone3d,-20.0,9.205125388689339e-05,0.0018410258733071434,0.04999997839331627,50.0,13.0,0.8,0.003434412997366567,3.8461538461538463,hex,0.0
C_tiltjit,cone3d,-10.0,0.00020880195370409638,0.004176041189829267,0.04999997466802597,50.0,13.0,0.8,0.003434412997366567,3.8461538461538463,hex,0.0
C_tiltjit,cone3d,0.0,0.0004214719810988754,0.0084294432646238,0.04999997839331627,50.0,13.0,0.8,0.003434412997366567,3.8461538461538463,hex,0.0
C_tiltjit,cone3d,10.0,0.0002638793084770441,0.005277588843375753,0.04999997466802597,50.0,13.0,0.8,0.003434412997366567,3.8461538461538463,hex,0.0
C_tiltjit,cone3d,20.0,0.00010421995830256492,0.002084400066790759,0.04999997839331627,50.0,13.0,0.8,0.003434412997366567,3.8461538461538463,hex,0.0
C_tiltjit,cone3d,30.0,9.316103387391195e-05,0.001863221482638985,0.04999997839331627,50.0,13.0,0.8,0.003434412997366567,3.8461538461538463,hex,0.0
C_tiltjit,cone3d,40.0,0.00018639344489201903,0.003727870231030666,0.04999998211860657,50.0,13.0,0.8,0.003434412997366567,3.8461538461538463,hex,0.0
C_tiltjit,cone3d,50.0,0.00036152475513517857,0.007230497688531049,0.04999998211860657,50.0,13.0,0.8,0.003434412997366567,3.8461538461538463,hex,0.0
C_tiltjit,cone3d,60.0,0.0005645902710966766,0.011291810301505011,0.04999997839331627,50.0,13.0,0.8,0.003434412997366567,3.8461538461538463,hex,0.0
C_tiltjit,cone3d,70.0,0.0007995599298737943,0.0159912043163762,0.04999998211860657,50.0,13.0,0.8,0.003434412997366567,3.8461538461538463,hex,0.0
C_tiltjit,cone3d,80.0,0.0013685976155102253,0.02737171125886807,0.05000044032931328,50.0,13.0,0.8,0.003434412997366567,3.8461538461538463,hex,0.0
