tag,family,topology,process,feature,seed,diffuse_frac,tube,tube_kind,tube_pitch,tube_wall,tube_depth,floor,floor_depth,floor_pitch,depth,aspect,exposed_est,theta,rho,control,params_json
B_CONE_p0550_s23,floor,cone/flat,mould,0.4,23,d00,cone_p550,cone,5.5,0.4,50.0,flat,0.0,0.0,50.0,9.090909090909092,0.00479682476491694,0.0,0.0018333194311708212,0.04999997094273567,"{""backing"": 2.0, ""depth"": 50.0, ""depth_jitter"": 0.0, ""face_h"": 60.0, ""face_w"": 60.0, ""height_seg"": 12, ""jitter"": 0.3, ""margin_depths"": 2.0, ""pitch"": 5.5, ""profile_power"": 1.0, ""radial_seg"": 24, ""seed"": 23, ""tip_radius"": 0.2}"
B_CONE_p0550_s23,floor,cone/flat,mould,0.4,23,d00,cone_p550,cone,5.5,0.4,50.0,flat,0.0,0.0,50.0,9.090909090909092,0.00479682476491694,-20.0,0.0013565050903707743,0.04999997094273567,"{""backing"": 2.0, ""depth"": 50.0, ""depth_jitter"": 0.0, ""face_h"": 60.0, ""face_w"": 60.0, ""height_seg"": 12, ""jitter"": 0.3, ""margin_depths"": 2.0, ""pitch"": 5.5, ""profile_power"": 1.0, ""radial_seg"": 24, ""seed"": 23, ""tip_radius"": 0.2}"
B_CONE_p0550_s23,floor,cone/flat,mould,0.4,23,d00,cone_p550,cone,5.5,0.4,50.0,flat,0.0,0.0,50.0,9.090909090909092,0.00479682476491694,-40.0,0.0021020069252699614,0.04999997094273567,"{""backing"": 2.0, ""depth"": 50.0, ""depth_jitter"": 0.0, ""face_h"": 60.0, ""face_w"": 60.0, ""height_seg"": 12, ""jitter"": 0.3, ""margin_depths"": 2.0, ""pitch"": 5.5, ""profile_power"": 1.0, ""radial_seg"": 24, ""seed"": 23, ""tip_radius"": 0.2}"
B_CONE_p0550_s23,floor,cone/flat,mould,0.4,23,d00,cone_p550,cone,5.5,0.4,50.0,flat,0.0,0.0,50.0,9.090909090909092,0.00479682476491694,20.0,0.0013237159000709653,0.04999997094273567,"{""backing"": 2.0, ""depth"": 50.0, ""depth_jitter"": 0.0, ""face_h"": 60.0, ""face_w"": 60.0, ""height_seg"": 12, ""jitter"": 0.3, ""margin_depths"": 2.0, ""pitch"": 5.5, ""profile_power"": 1.0, ""radial_seg"": 24, ""seed"": 23, ""tip_radius"": 0.2}"
B_CONE_p0550_s23,floor,cone/flat,mould,0.4,23,d00,cone_p550,cone,5.5,0.4,50.0,flat,0.0,0.0,50.0,9.090909090909092,0.00479682476491694,40.0,0.002136221155524254,0.04999997094273567,"{""backing"": 2.0, ""depth"": 50.0, ""depth_jitter"": 0.0, ""face_h"": 60.0, ""face_w"": 60.0, ""height_seg"": 12, ""jitter"": 0.3, ""margin_depths"": 2.0, ""pitch"": 5.5, ""profile_power"": 1.0, ""radial_seg"": 24, ""seed"": 23, ""tip_radius"": 0.2}"
B_CONE_p0550_s23,floor,cone/flat,mould,0.4,23,d76,cone_p550,cone,5.5,0.4,50.0,flat,0.0,0.0,50.0,9.090909090909092,0.00479682476491694,0.0,0.0010301648871973157,0.04999997094273567,"{""backing"": 2.0, ""depth"": 50.0, ""depth_jitter"": 0.0, ""face_h"": 60.0, ""face_w"": 60.0, ""height_seg"": 12, ""jitter"": 0.3, ""margin_depths"": 2.0, ""pitch"": 5.5, ""profile_power"": 1.0, ""radial_seg"": 24, ""seed"": 23, ""tip_radius"": 0.2}"
B_CONE_p0550_s23,floor,cone/flat,mould,0.4,23,d76,cone_p550,cone,5.5,0.4,50.0,flat,0.0,0.0,50.0,9.090909090909092,0.00479682476491694,-20.0,0.0013391993707045913,0.04999997094273567,"{""backing"": 2.0, ""depth"": 50.0, ""depth_jitter"": 0.0, ""face_h"": 60.0, ""face_w"": 60.0, ""height_seg"": 12, ""jitter"": 0.3, ""margin_depths"": 2.0, ""pitch"": 5.5, ""profile_power"": 1.0, ""radial_seg"": 24, ""seed"": 23, ""tip_radius"": 0.2}"
B_CONE_p0550_s23,floor,cone/flat,mould,0.4,23,d76,cone_p550,cone,5.5,0.4,50.0,flat,0.0,0.0,50.0,9.090909090909092,0.00479682476491694,-40.0,0.0019758727867156267,0.04999997094273567,"{""backing"": 2.0, ""depth"": 50.0, ""depth_jitter"": 0.0, ""face_h"": 60.0, ""face_w"": 60.0, ""height_seg"": 12, ""jitter"": 0.3, ""margin_depths"": 2.0, ""pitch"": 5.5, ""profile_power"": 1.0, ""radial_seg"": 24, ""seed"": 23, ""tip_radius"": 0.2}"
B_CONE_p0550_s23,floor,cone/flat,mould,0.4,23,d76,cone_p550,cone,5.5,0.4,50.0,flat,0.0,0.0,50.0,9.090909090909092,0.00479682476491694,20.0,0.0013404780765995383,0.04999997094273567,"{""backing"": 2.0, ""depth"": 50.0, ""depth_jitter"": 0.0, ""face_h"": 60.0, ""face_w"": 60.0, ""height_seg"": 12, ""jitter"": 0.3, ""margin_depths"": 2.0, ""pitch"": 5.5, ""profile_power"": 1.0, ""radial_seg"": 24, ""seed"": 23, ""tip_radius"": 0.2}"
B_CONE_p0550_s23,floor,cone/flat,mould,0.4,23,d76,cone_p550,cone,5.5,0.4,50.0,flat,0.0,0.0,50.0,9.090909090909092,0.00479682476491694,40.0,0.002042066538706422,0.04999997094273567,"{""backing"": 2.0, ""depth"": 50.0, ""depth_jitter"": 0.0, ""face_h"": 60.0, ""face_w"": 60.0, ""height_seg"": 12, ""jitter"": 0.3, ""margin_depths"": 2.0, ""pitch"": 5.5, ""profile_power"": 1.0, ""radial_seg"": 24, ""seed"": 23, ""tip_radius"": 0.2}"
B_CONE_p0550_s23,floor,cone/flat,mould,0.4,23,d100,cone_p550,cone,5.5,0.4,50.0,flat,0.0,0.0,50.0,9.090909090909092,0.00479682476491694,0.0,0.0008657085127197206,0.04999997094273567,"{""backing"": 2.0, ""depth"": 50.0, ""depth_jitter"": 0.0, ""face_h"": 60.0, ""face_w"": 60.0, ""height_seg"": 12, ""jitter"": 0.3, ""margin_depths"": 2.0, ""pitch"": 5.5, ""profile_power"": 1.0, ""radial_seg"": 24, ""seed"": 23, ""tip_radius"": 0.2}"
B_CONE_p0550_s23,floor,cone/flat,mould,0.4,23,d100,cone_p550,cone,5.5,0.4,50.0,flat,0.0,0.0,50.0,9.090909090909092,0.00479682476491694,-20.0,0.001447593909688294,0.04999997094273567,"{""backing"": 2.0, ""depth"": 50.0, ""depth_jitter"": 0.0, ""face_h"": 60.0, ""face_w"": 60.0, ""height_seg"": 12, ""jitter"": 0.3, ""margin_depths"": 2.0, ""pitch"": 5.5, ""profile_power"": 1.0, ""radial_seg"": 24, ""seed"": 23, ""tip_radius"": 0.2}"
B_CONE_p0550_s23,floor,cone/flat,mould,0.4,23,d100,cone_p550,cone,5.5,0.4,50.0,flat,0.0,0.0,50.0,9.090909090909092,0.00479682476491694,-40.0,0.0021356006618589163,0.04999997094273567,"{""backing"": 2.0, ""depth"": 50.0, ""depth_jitter"": 0.0, ""face_h"": 60.0, ""face_w"": 60.0, ""height_seg"": 12, ""jitter"": 0.3, ""margin_depths"": 2.0, ""pitch"": 5.5, ""profile_power"": 1.0, ""radial_seg"": 24, ""seed"": 23, ""tip_radius"": 0.2}"
B_CONE_p0550_s23,floor,cone/flat,mould,0.4,23,d100,cone_p550,cone,5.5,0.4,50.0,flat,0.0,0.0,50.0,9.090909090909092,0.00479682476491694,20.0,0.0014534707879647613,0.04999997094273567,"{""backing"": 2.0, ""depth"": 50.0, ""depth_jitter"": 0.0, ""face_h"": 60.0, ""face_w"": 60.0, ""height_seg"": 12, ""jitter"": 0.3, ""margin_depths"": 2.0, ""pitch"": 5.5, ""profile_power"": 1.0, ""radial_seg"": 24, ""seed"": 23, ""tip_radius"": 0.2}"
B_CONE_p0550_s23,floor,cone/flat,mould,0.4,23,d100,cone_p550,cone,5.5,0.4,50.0,flat,0.0,0.0,50.0,9.090909090909092,0.00479682476491694,40.0,0.0021548415534198284,0.04999997094273567,"{""backing"": 2.0, ""depth"": 50.0, ""depth_jitter"": 0.0, ""face_h"": 60.0, ""face_w"": 60.0, ""height_seg"": 12, ""jitter"": 0.3, ""margin_depths"": 2.0, ""pitch"": 5.5, ""profile_power"": 1.0, ""radial_seg"": 24, ""seed"": 23, ""tip_radius"": 0.2}"
CF_cone_pyramid_d30_s23,floor,cone/pyramid,press,0.1,23,d00,cone_p550,cone,5.5,0.4,47.0,pyramid,3.0,2.0,50.0,9.090909090909092,0.00479682476491694,0.0,0.001795921940356493,0.04999997094273567,"{""backing"": 2.0, ""bot"": ""pyramid"", ""bot_depth"": 3.0, ""bot_params"": {""margin_depth_ref"": 50.0, ""pitch"": 2.0, ""tip_flat"": 0.1}, ""face_h"": 60.0, ""face_w"": 60.0, ""margin_depths"": 2.0, ""seed"": 23, ""top"": ""cone"", ""top_depth"": 47.0, ""top_params"": {""depth_jitter"": 0.0, ""height_seg"": 12, ""jitter"": 0.3, ""pitch"": 5.5, ""profile_power"": 1.0, ""radial_seg"": 24, ""tip_radius"": 0.2}}"
CF_cone_pyramid_d30_s23,floor,cone/pyramid,press,0.1,23,d00,cone_p550,cone,5.5,0.4,47.0,pyramid,3.0,2.0,50.0,9.090909090909092,0.00479682476491694,-20.0,0.0014430837472900748,0.04999997094273567,"{""backing"": 2.0, ""bot"": ""pyramid"", ""bot_depth"": 3.0, ""bot_params"": {""margin_depth_ref"": 50.0, ""pitch"": 2.0, ""tip_flat"": 0.1}, ""face_h"": 60.0, ""face_w"": 60.0, ""margin_depths"": 2.0, ""seed"": 23, ""top"": ""cone"", ""top_depth"": 47.0, ""top_params"": {""depth_jitter"": 0.0, ""height_seg"": 12, ""jitter"": 0.3, ""pitch"": 5.5, ""profile_power"": 1.0, ""radial_seg"": 24, ""tip_radius"": 0.2}}"
CF_cone_pyramid_d30_s23,floor,cone/pyramid,press,0.1,23,d00,cone_p550,cone,5.5,0.4,47.0,pyramid,3.0,2.0,50.0,9.090909090909092,0.00479682476491694,-40.0,0.0022153262980282307,0.04999997094273567,"{""backing"": 2.0, ""bot"": ""pyramid"", ""bot_depth"": 3.0, ""bot_params"": {""margin_depth_ref"": 50.0, ""pitch"": 2.0, ""tip_flat"": 0.1}, ""face_h"": 60.0, ""face_w"": 60.0, ""margin_depths"": 2.0, ""seed"": 23, ""top"": ""cone"", ""top_depth"": 47.0, ""top_params"": {""depth_jitter"": 0.0, ""height_seg"": 12, ""jitter"": 0.3, ""pitch"": 5.5, ""profile_power"": 1.0, ""radial_seg"": 24, ""tip_radius"": 0.2}}"
CF_cone_pyramid_d30_s23,floor,cone/pyramid,press,0.1,23,d00,cone_p550,cone,5.5,0.4,47.0,pyramid,3.0,2.0,50.0,9.090909090909092,0.00479682476491694,20.0,0.0014171293005347252,0.04999997094273567,"{""backing"": 2.0, ""bot"": ""pyramid"", ""bot_depth"": 3.0, ""bot_params"": {""margin_depth_ref"": 50.0, ""pitch"": 2.0, ""tip_flat"": 0.1}, ""face_h"": 60.0, ""face_w"": 60.0, ""margin_depths"": 2.0, ""seed"": 23, ""top"": ""cone"", ""top_depth"": 47.0, ""top_params"": {""depth_jitter"": 0.0, ""height_seg"": 12, ""jitter"": 0.3, ""pitch"": 5.5, ""profile_power"": 1.0, ""radial_seg"": 24, ""tip_radius"": 0.2}}"
CF_cone_pyramid_d30_s23,floor,cone/pyramid,press,0.1,23,d00,cone_p550,cone,5.5,0.4,47.0,pyramid,3.0,2.0,50.0,9.090909090909092,0.00479682476491694,40.0,0.002142298733815551,0.04999997094273567,"{""backing"": 2.0, ""bot"": ""pyramid"", ""bot_depth"": 3.0, ""bot_params"": {""margin_depth_ref"": 50.0, ""pitch"": 2.0, ""tip_flat"": 0.1}, ""face_h"": 60.0, ""face_w"": 60.0, ""margin_depths"": 2.0, ""seed"": 23, ""top"": ""cone"", ""top_depth"": 47.0, ""top_params"": {""depth_jitter"": 0.0, ""height_seg"": 12, ""jitter"": 0.3, ""pitch"": 5.5, ""profile_power"": 1.0, ""radial_seg"": 24, ""tip_radius"": 0.2}}"
CF_cone_pyramid_d30_s23,floor,cone/pyramid,press,0.1,23,d76,cone_p550,cone,5.5,0.4,47.0,pyramid,3.0,2.0,50.0,9.090909090909092,0.00479682476491694,0.0,0.0010505858808755875,0.04999997094273567,"{""backing"": 2.0, ""bot"": ""pyramid"", ""bot_depth"": 3.0, ""bot_params"": {""margin_depth_ref"": 50.0, ""pitch"": 2.0, ""tip_flat"": 0.1}, ""face_h"": 60.0, ""face_w"": 60.0, ""margin_depths"": 2.0, ""seed"": 23, ""top"": ""cone"", ""top_depth"": 47.0, ""top_params"": {""depth_jitter"": 0.0, ""height_seg"": 12, ""jitter"": 0.3, ""pitch"": 5.5, ""profile_power"": 1.0, ""radial_seg"": 24, ""tip_radius"": 0.2}}"
CF_cone_pyramid_d30_s23,floor,cone/pyramid,press,0.1,23,d76,cone_p550,cone,5.5,0.4,47.0,pyramid,3.0,2.0,50.0,9.090909090909092,0.00479682476491694,-20.0,0.0014197005657479167,0.04999997094273567,"{""backing"": 2.0, ""bot"": ""pyramid"", ""bot_depth"": 3.0, ""bot_params"": {""margin_depth_ref"": 50.0, ""pitch"": 2.0, ""tip_flat"": 0.1}, ""face_h"": 60.0, ""face_w"": 60.0, ""margin_depths"": 2.0, ""seed"": 23, ""top"": ""cone"", ""top_depth"": 47.0, ""top_params"": {""depth_jitter"": 0.0, ""height_seg"": 12, ""jitter"": 0.3, ""pitch"": 5.5, ""profile_power"": 1.0, ""radial_seg"": 24, ""tip_radius"": 0.2}}"
CF_cone_pyramid_d30_s23,floor,cone/pyramid,press,0.1,23,d76,cone_p550,cone,5.5,0.4,47.0,pyramid,3.0,2.0,50.0,9.090909090909092,0.00479682476491694,-40.0,0.0020713317207992077,0.04999997094273567,"{""backing"": 2.0, ""bot"": ""pyramid"", ""bot_depth"": 3.0, ""bot_params"": {""margin_depth_ref"": 50.0, ""pitch"": 2.0, ""tip_flat"": 0.1}, ""face_h"": 60.0, ""face_w"": 60.0, ""margin_depths"": 2.0, ""seed"": 23, ""top"": ""cone"", ""top_depth"": 47.0, ""top_params"": {""depth_jitter"": 0.0, ""height_seg"": 12, ""jitter"": 0.3, ""pitch"": 5.5, ""profile_power"": 1.0, ""radial_seg"": 24, ""tip_radius"": 0.2}}"
CF_cone_pyramid_d30_s23,floor,cone/pyramid,press,0.1,23,d76,cone_p550,cone,5.5,0.4,47.0,pyramid,3.0,2.0,50.0,9.090909090909092,0.00479682476491694,20.0,0.001388470409438014,0.04999997094273567,"{""backing"": 2.0, ""bot"": ""pyramid"", ""bot_depth"": 3.0, ""bot_params"": {""margin_depth_ref"": 50.0, ""pitch"": 2.0, ""tip_flat"": 0.1}, ""face_h"": 60.0, ""face_w"": 60.0, ""margin_depths"": 2.0, ""seed"": 23, ""top"": ""cone"", ""top_depth"": 47.0, ""top_params"": {""depth_jitter"": 0.0, ""height_seg"": 12, ""jitter"": 0.3, ""pitch"": 5.5, ""profile_power"": 1.0, ""radial_seg"": 24, ""tip_radius"": 0.2}}"
CF_cone_pyramid_d30_s23,floor,cone/pyramid,press,0.1,23,d76,cone_p550,cone,5.5,0.4,47.0,pyramid,3.0,2.0,50.0,9.090909090909092,0.00479682476491694,40.0,0.0020588308107107878,0.04999997094273567,"{""backing"": 2.0, ""bot"": ""pyramid"", ""bot_depth"": 3.0, ""bot_params"": {""margin_depth_ref"": 50.0, ""pitch"": 2.0, ""tip_flat"": 0.1}, ""face_h"": 60.0, ""face_w"": 60.0, ""margin_depths"": 2.0, ""seed"": 23, ""top"": ""cone"", ""top_depth"": 47.0, ""top_params"": {""depth_jitter"": 0.0, ""height_seg"": 12, ""jitter"": 0.3, ""pitch"": 5.5, ""profile_power"": 1.0, ""radial_seg"": 24, ""tip_radius"": 0.2}}"
CF_cone_pyramid_d30_s23,floor,cone/pyramid,press,0.1,23,d100,cone_p550,cone,5.5,0.4,47.0,pyramid,3.0,2.0,50.0,9.090909090909092,0.00479682476491694,0.0,0.0009234862518496811,0.04999997094273567,"{""backing"": 2.0, ""bot"": ""pyramid"", ""bot_depth"": 3.0, ""bot_params"": {""margin_depth_ref"": 50.0, ""pitch"": 2.0, ""tip_flat"": 0.1}, ""face_h"": 60.0, ""face_w"": 60.0, ""margin_depths"": 2.0, ""seed"": 23, ""top"": ""cone"", ""top_depth"": 47.0, ""top_params"": {""depth_jitter"": 0.0, ""height_seg"": 12, ""jitter"": 0.3, ""pitch"": 5.5, ""profile_power"": 1.0, ""radial_seg"": 24, ""tip_radius"": 0.2}}"
CF_cone_pyramid_d30_s23,floor,cone/pyramid,press,0.1,23,d100,cone_p550,cone,5.5,0.4,47.0,pyramid,3.0,2.0,50.0,9.090909090909092,0.00479682476491694,-20.0,0.0015164620708674192,0.04999997094273567,"{""backing"": 2.0, ""bot"": ""pyramid"", ""bot_depth"": 3.0, ""bot_params"": {""margin_depth_ref"": 50.0, ""pitch"": 2.0, ""tip_flat"": 0.1}, ""face_h"": 60.0, ""face_w"": 60.0, ""margin_depths"": 2.0, ""seed"": 23, ""top"": ""cone"", ""top_depth"": 47.0, ""top_params"": {""depth_jitter"": 0.0, ""height_seg"": 12, ""jitter"": 0.3, ""pitch"": 5.5, ""profile_power"": 1.0, ""radial_seg"": 24, ""tip_radius"": 0.2}}"
CF_cone_pyramid_d30_s23,floor,cone/pyramid,press,0.1,23,d100,cone_p550,cone,5.5,0.4,47.0,pyramid,3.0,2.0,50.0,9.090909090909092,0.00479682476491694,-40.0,0.0022281419951468706,0.04999997094273567,"{""backing"": 2.0, ""bot"": ""pyramid"", ""bot_depth"": 3.0, ""bot_params"": {""margin_depth_ref"": 50.0, ""pitch"": 2.0, ""tip_flat"": 0.1}, ""face_h"": 60.0, ""face_w"": 60.0, ""margin_depths"": 2.0, ""seed"": 23, ""top"": ""cone"", ""top_depth"": 47.0, ""top_params"": {""depth_jitter"": 0.0, ""height_seg"": 12, ""jitter"": 0.3, ""pitch"": 5.5, ""profile_power"": 1.0, ""radial_seg"": 24, ""tip_radius"": 0.2}}"
CF_cone_pyramid_d30_s23,floor,cone/pyramid,press,0.1,23,d100,cone_p550,cone,5.5,0.4,47.0,pyramid,3.0,2.0,50.0,9.090909090909092,0.00479682476491694,20.0,0.0014959158143028617,0.04999997094273567,"{""backing"": 2.0, ""bot"": ""pyramid"", ""bot_depth"": 3.0, ""bot_params"": {""margin_depth_ref"": 50.0, ""pitch"": 2.0, ""tip_flat"": 0.1}, ""face_h"": 60.0, ""face_w"": 60.0, ""margin_depths"": 2.0, ""seed"": 23, ""top"": ""cone"", ""top_depth"": 47.0, ""top_params"": {""depth_jitter"": 0.0, ""height_seg"": 12, ""jitter"": 0.3, ""pitch"": 5.5, ""profile_power"": 1.0, ""radial_seg"": 24, ""tip_radius"": 0.2}}"
CF_cone_pyramid_d30_s23,floor,cone/pyramid,press,0.1,23,d100,cone_p550,cone,5.5,0.4,47.0,pyramid,3.0,2.0,50.0,9.090909090909092,0.00479682476491694,40.0,0.0021938285790383816,0.04999997094273567,"{""backing"": 2.0, ""bot"": ""pyramid"", ""bot_depth"": 3.0, ""bot_params"": {""margin_depth_ref"": 50.0, ""pitch"": 2.0, ""tip_flat"": 0.1}, ""face_h"": 60.0, ""face_w"": 60.0, ""margin_depths"": 2.0, ""seed"": 23, ""top"": ""cone"", ""top_depth"": 47.0, ""top_params"": {""depth_jitter"": 0.0, ""height_seg"": 12, ""jitter"": 0.3, ""pitch"": 5.5, ""profile_power"": 1.0, ""radial_seg"": 24, ""tip_radius"": 0.2}}"
CF_cone_gap_d30_s23,floor,cone/gap,mould,0.4,23,d00,cone_p550,cone,5.5,0.4,47.0,gap,3.0,0.0,50.0,9.090909090909092,0.00479682476491694,0.0,0.0017960021505132318,0.04999997094273567,"{""backing"": 2.0, ""bot"": ""gap"", ""bot_depth"": 3.0, ""bot_params"": {""margin_depth_ref"": 50.0}, ""face_h"": 60.0, ""face_w"": 60.0, ""margin_depths"": 2.0, ""seed"": 23, ""top"": ""cone"", ""top_depth"": 47.0, ""top_params"": {""depth_jitter"": 0.0, ""height_seg"": 12, ""jitter"": 0.3, ""pitch"": 5.5, ""profile_power"": 1.0, ""radial_seg"": 24, ""tip_radius"": 0.2}}"
CF_cone_gap_d30_s23,floor,cone/gap,mould,0.4,23,d00,cone_p550,cone,5.5,0.4,47.0,gap,3.0,0.0,50.0,9.090909090909092,0.00479682476491694,-20.0,0.0014430837472900748,0.04999997094273567,"{""backing"": 2.0, ""bot"": ""gap"", ""bot_depth"": 3.0, ""bot_params"": {""margin_depth_ref"": 50.0}, ""face_h"": 60.0, ""face_w"": 60.0, ""margin_depths"": 2.0, ""seed"": 23, ""top"": ""cone"", ""top_depth"": 47.0, ""top_params"": {""depth_jitter"": 0.0, ""height_seg"": 12, ""jitter"": 0.3, ""pitch"": 5.5, ""profile_power"": 1.0, ""radial_seg"": 24, ""tip_radius"": 0.2}}"
CF_cone_gap_d30_s23,floor,cone/gap,mould,0.4,23,d00,cone_p550,cone,5.5,0.4,47.0,gap,3.0,0.0,50.0,9.090909090909092,0.00479682476491694,-40.0,0.0022153262980282307,0.04999997094273567,"{""backing"": 2.0, ""bot"": ""gap"", ""bot_depth"": 3.0, ""bot_params"": {""margin_depth_ref"": 50.0}, ""face_h"": 60.0, ""face_w"": 60.0, ""margin_depths"": 2.0, ""seed"": 23, ""top"": ""cone"", ""top_depth"": 47.0, ""top_params"": {""depth_jitter"": 0.0, ""height_seg"": 12, ""jitter"": 0.3, ""pitch"": 5.5, ""profile_power"": 1.0, ""radial_seg"": 24, ""tip_radius"": 0.2}}"
CF_cone_gap_d30_s23,floor,cone/gap,mould,0.4,23,d00,cone_p550,cone,5.5,0.4,47.0,gap,3.0,0.0,50.0,9.090909090909092,0.00479682476491694,20.0,0.0014171293005347252,0.04999997094273567,"{""backing"": 2.0, ""bot"": ""gap"", ""bot_depth"": 3.0, ""bot_params"": {""margin_depth_ref"": 50.0}, ""face_h"": 60.0, ""face_w"": 60.0, ""margin_depths"": 2.0, ""seed"": 23, ""top"": ""cone"", ""top_depth"": 47.0, ""top_params"": {""depth_jitter"": 0.0, ""height_seg"": 12, ""jitter"": 0.3, ""pitch"": 5.5, ""profile_power"": 1.0, ""radial_seg"": 24, ""tip_radius"": 0.2}}"
CF_cone_gap_d30_s23,floor,cone/gap,mould,0.4,23,d00,cone_p550,cone,5.5,0.4,47.0,gap,3.0,0.0,50.0,9.090909090909092,0.00479682476491694,40.0,0.002142298733815551,0.04999997094273567,"{""backing"": 2.0, ""bot"": ""gap"", ""bot_depth"": 3.0, ""bot_params"": {""margin_depth_ref"": 50.0}, ""face_h"": 60.0, ""face_w"": 60.0, ""margin_depths"": 2.0, ""seed"": 23, ""top"": ""cone"", ""top_depth"": 47.0, ""top_params"": {""depth_jitter"": 0.0, ""height_seg"": 12, ""jitter"": 0.3, ""pitch"": 5.5, ""profile_power"": 1.0, ""radial_seg"": 24, ""tip_radius"": 0.2}}"
CF_cone_gap_d30_s23,floor,cone/gap,mould,0.4,23,d76,cone_p550,cone,5.5,0.4,47.0,gap,3.0,0.0,50.0,9.090909090909092,0.00479682476491694,0.0,0.0010505858808755875,0.04999997094273567,"{""backing"": 2.0, ""bot"": ""gap"", ""bot_depth"": 3.0, ""bot_params"": {""margin_depth_ref"": 50.0}, ""face_h"": 60.0, ""face_w"": 60.0, ""margin_depths"": 2.0, ""seed"": 23, ""top"": ""cone"", ""top_depth"": 47.0, ""top_params"": {""depth_jitter"": 0.0, ""height_seg"": 12, ""jitter"": 0.3, ""pitch"": 5.5, ""profile_power"": 1.0, ""radial_seg"": 24, ""tip_radius"": 0.2}}"
CF_cone_gap_d30_s23,floor,cone/gap,mould,0.4,23,d76,cone_p550,cone,5.5,0.4,47.0,gap,3.0,0.0,50.0,9.090909090909092,0.00479682476491694,-20.0,0.0014197005657479167,0.04999997094273567,"{""backing"": 2.0, ""bot"": ""gap"", ""bot_depth"": 3.0, ""bot_params"": {""margin_depth_ref"": 50.0}, ""face_h"": 60.0, ""face_w"": 60.0, ""margin_depths"": 2.0, ""seed"": 23, ""top"": ""cone"", ""top_depth"": 47.0, ""top_params"": {""depth_jitter"": 0.0, ""height_seg"": 12, ""jitter"": 0.3, ""pitch"": 5.5, ""profile_power"": 1.0, ""radial_seg"": 24, ""tip_radius"": 0.2}}"
CF_cone_gap_d30_s23,floor,cone/gap,mould,0.4,23,d76,cone_p550,cone,5.5,0.4,47.0,gap,3.0,0.0,50.0,9.090909090909092,0.00479682476491694,-40.0,0.0020713317207992077,0.04999997094273567,"{""backing"": 2.0, ""bot"": ""gap"", ""bot_depth"": 3.0, ""bot_params"": {""margin_depth_ref"": 50.0}, ""face_h"": 60.0, ""face_w"": 60.0, ""margin_depths"": 2.0, ""seed"": 23, ""top"": ""cone"", ""top_depth"": 47.0, ""top_params"": {""depth_jitter"": 0.0, ""height_seg"": 12, ""jitter"": 0.3, ""pitch"": 5.5, ""profile_power"": 1.0, ""radial_seg"": 24, ""tip_radius"": 0.2}}"
CF_cone_gap_d30_s23,floor,cone/gap,mould,0.4,23,d76,cone_p550,cone,5.5,0.4,47.0,gap,3.0,0.0,50.0,9.090909090909092,0.00479682476491694,20.0,0.001388470409438014,0.04999997094273567,"{""backing"": 2.0, ""bot"": ""gap"", ""bot_depth"": 3.0, ""bot_params"": {""margin_depth_ref"": 50.0}, ""face_h"": 60.0, ""face_w"": 60.0, ""margin_depths"": 2.0, ""seed"": 23, ""top"": ""cone"", ""top_depth"": 47.0, ""top_params"": {""depth_jitter"": 0.0, ""height_seg"": 12, ""jitter"": 0.3, ""pitch"": 5.5, ""profile_power"": 1.0, ""radial_seg"": 24, ""tip_radius"": 0.2}}"
CF_cone_gap_d30_s23,floor,cone/gap,mould,0.4,23,d76,cone_p550,cone,5.5,0.4,47.0,gap,3.0,0.0,50.0,9.090909090909092,0.00479682476491694,40.0,0.0020588308107107878,0.04999997094273567,"{""backing"": 2.0, ""bot"": ""gap"", ""bot_depth"": 3.0, ""bot_params"": {""margin_depth_ref"": 50.0}, ""face_h"": 60.0, ""face_w"": 60.0, ""margin_depths"": 2.0, ""seed"": 23, ""top"": ""cone"", ""top_depth"": 47.0, ""top_params"": {""depth_jitter"": 0.0, ""height_seg"": 12, ""jitter"": 0.3, ""pitch"": 5.5, ""profile_power"": 1.0, ""radial_seg"": 24, ""tip_radius"": 0.2}}"
CF_cone_gap_d30_s23,floor,cone/gap,mould,0.4,23,d100,cone_p550,cone,5.5,0.4,47.0,gap,3.0,0.0,50.0,9.090909090909092,0.00479682476491694,0.0,0.0009234861936420202,0.04999997094273567,"{""backing"": 2.0, ""bot"": ""gap"", ""bot_depth"": 3.0, ""bot_params"": {""margin_depth_ref"": 50.0}, ""face_h"": 60.0, ""face_w"": 60.0, ""margin_depths"": 2.0, ""seed"": 23, ""top"": ""cone"", ""top_depth"": 47.0, ""top_params"": {""depth_jitter"": 0.0, ""height_seg"": 12, ""jitter"": 0.3, ""pitch"": 5.5, ""profile_power"": 1.0, ""radial_seg"": 24, ""tip_radius"": 0.2}}"
CF_cone_gap_d30_s23,floor,cone/gap,mould,0.4,23,d100,cone_p550,cone,5.5,0.4,47.0,gap,3.0,0.0,50.0,9.090909090909092,0.00479682476491694,-20.0,0.001516462187282741,0.04999997094273567,"{""backing"": 2.0, ""bot"": ""gap"", ""bot_depth"": 3.0, ""bot_params"": {""margin_depth_ref"": 50.0}, ""face_h"": 60.0, ""face_w"": 60.0, ""margin_depths"": 2.0, ""seed"": 23, ""top"": ""cone"", ""top_depth"": 47.0, ""top_params"": {""depth_jitter"": 0.0, ""height_seg"": 12, ""jitter"": 0.3, ""pitch"": 5.5, ""profile_power"": 1.0, ""radial_seg"": 24, ""tip_radius"": 0.2}}"
CF_cone_gap_d30_s23,floor,cone/gap,mould,0.4,23,d100,cone_p550,cone,5.5,0.4,47.0,gap,3.0,0.0,50.0,9.090909090909092,0.00479682476491694,-40.0,0.0022281419951468706,0.04999997094273567,"{""backing"": 2.0, ""bot"": ""gap"", ""bot_depth"": 3.0, ""bot_params"": {""margin_depth_ref"": 50.0}, ""face_h"": 60.0, ""face_w"": 60.0, ""margin_depths"": 2.0, ""seed"": 23, ""top"": ""cone"", ""top_depth"": 47.0, ""top_params"": {""depth_jitter"": 0.0, ""height_seg"": 12, ""jitter"": 0.3, ""pitch"": 5.5, ""profile_power"": 1.0, ""radial_seg"": 24, ""tip_radius"": 0.2}}"
CF_cone_gap_d30_s23,floor,cone/gap,mould,0.4,23,d100,cone_p550,cone,5.5,0.4,47.0,gap,3.0,0.0,50.0,9.090909090909092,0.00479682476491694,20.0,0.0014959158143028617,0.04999997094273567,"{""backing"": 2.0, ""bot"": ""gap"", ""bot_depth"": 3.0, ""bot_params"": {""margin_depth_ref"": 50.0}, ""face_h"": 60.0, ""face_w"": 60.0, ""margin_depths"": 2.0, ""seed"": 23, ""top"": ""cone"", ""top_depth"": 47.0, ""top_params"": {""depth_jitter"": 0.0, ""height_seg"": 12, ""jitter"": 0.3, ""pitch"": 5.5, ""profile_power"": 1.0, ""radial_seg"": 24, ""tip_radius"": 0.2}}"
CF_cone_gap_d30_s23,floor,cone/gap,mould,0.4,23,d100,cone_p550,cone,5.5,0.4,47.0,gap,3.0,0.0,50.0,9.090909090909092,0.00479682476491694,40.0,0.0021938285790383816,0.04999997094273567,"{""backing"": 2.0, ""bot"": ""gap"", ""bot_depth"": 3.0, ""bot_params"": {""margin_depth_ref"": 50.0}, ""face_h"": 60.0, ""face_w"": 60.0, ""margin_depths"": 2.0, ""seed"": 23, ""top"": ""cone"", ""top_depth"": 47.0, ""top_params"": {""depth_jitter"": 0.0, ""height_seg"": 12, ""jitter"": 0.3, ""pitch"": 5.5, ""profile_power"": 1.0, ""radial_seg"": 24, ""tip_radius"": 0.2}}"
CF_cone_wave_d30_s23,floor,cone/wave,press,0.3,23,d00,cone_p550,cone,5.5,0.4,47.0,wave,3.0,2.0,50.0,9.090909090909092,0.00479682476491694,0.0,0.001795921940356493,0.04999997094273567,"{""backing"": 2.0, ""bot"": ""wave"", ""bot_depth"": 3.0, ""bot_params"": {""margin_depth_ref"": 50.0, ""pitch"": 2.0, ""tip_flat"": 0.1}, ""face_h"": 60.0, ""face_w"": 60.0, ""margin_depths"": 2.0, ""seed"": 23, ""top"": ""cone"", ""top_depth"": 47.0, ""top_params"": {""depth_jitter"": 0.0, ""height_seg"": 12, ""jitter"": 0.3, ""pitch"": 5.5, ""profile_power"": 1.0, ""radial_seg"": 24, ""tip_radius"": 0.2}}"
CF_cone_wave_d30_s23,floor,cone/wave,press,0.3,23,d00,cone_p550,cone,5.5,0.4,47.0,wave,3.0,2.0,50.0,9.090909090909092,0.00479682476491694,-20.0,0.0014430837472900748,0.04999997094273567,"{""backing"": 2.0, ""bot"": ""wave"", ""bot_depth"": 3.0, ""bot_params"": {""margin_depth_ref"": 50.0, ""pitch"": 2.0, ""tip_flat"": 0.1}, ""face_h"": 60.0, ""face_w"": 60.0, ""margin_depths"": 2.0, ""seed"": 23, ""top"": ""cone"", ""top_depth"": 47.0, ""top_params"": {""depth_jitter"": 0.0, ""height_seg"": 12, ""jitter"": 0.3, ""pitch"": 5.5, ""profile_power"": 1.0, ""radial_seg"": 24, ""tip_radius"": 0.2}}"
CF_cone_wave_d30_s23,floor,cone/wave,press,0.3,23,d00,cone_p550,cone,5.5,0.4,47.0,wave,3.0,2.0,50.0,9.090909090909092,0.00479682476491694,-40.0,0.0022153262980282307,0.04999997094273567,"{""backing"": 2.0, ""bot"": ""wave"", ""bot_depth"": 3.0, ""bot_params"": {""margin_depth_ref"": 50.0, ""pitch"": 2.0, ""tip_flat"": 0.1}, ""face_h"": 60.0, ""face_w"": 60.0, ""margin_depths"": 2.0, ""seed"": 23, ""top"": ""cone"", ""top_depth"": 47.0, ""top_params"": {""depth_jitter"": 0.0, ""height_seg"": 12, ""jitter"": 0.3, ""pitch"": 5.5, ""profile_power"": 1.0, ""radial_seg"": 24, ""tip_radius"": 0.2}}"
CF_cone_wave_d30_s23,floor,cone/wave,press,0.3,23,d00,cone_p550,cone,5.5,0.4,47.0,wave,3.0,2.0,50.0,9.090909090909092,0.00479682476491694,20.0,0.0014171293005347252,0.04999997094273567,"{""backing"": 2.0, ""bot"": ""wave"", ""bot_depth"": 3.0, ""bot_params"": {""margin_depth_ref"": 50.0, ""pitch"": 2.0, ""tip_flat"": 0.1}, ""face_h"": 60.0, ""face_w"": 60.0, ""margin_depths"": 2.0, ""seed"": 23, ""top"": ""cone"", ""top_depth"": 47.0, ""top_params"": {""depth_jitter"": 0.0, ""height_seg"": 12, ""jitter"": 0.3, ""pitch"": 5.5, ""profile_power"": 1.0, ""radial_seg"": 24, ""tip_radius"": 0.2}}"
CF_cone_wave_d30_s23,floor,cone/wave,press,0.3,23,d00,cone_p550,cone,5.5,0.4,47.0,wave,3.0,2.0,50.0,9.090909090909092,0.00479682476491694,40.0,0.002142298733815551,0.04999997094273567,"{""backing"": 2.0, ""bot"": ""wave"", ""bot_depth"": 3.0, ""bot_params"": {""margin_depth_ref"": 50.0, ""pitch"": 2.0, ""tip_flat"": 0.1}, ""face_h"": 60.0, ""face_w"": 60.0, ""margin_depths"": 2.0, ""seed"": 23, ""top"": ""cone"", ""top_depth"": 47.0, ""top_params"": {""depth_jitter"": 0.0, ""height_seg"": 12, ""jitter"": 0.3, ""pitch"": 5.5, ""profile_power"": 1.0, ""radial_seg"": 24, ""tip_radius"": 0.2}}"
CF_cone_wave_d30_s23,floor,cone/wave,press,0.3,23,d76,cone_p550,cone,5.5,0.4,47.0,wave,3.0,2.0,50.0,9.090909090909092,0.00479682476491694,0.0,0.0010505858808755875,0.04999997094273567,"{""backing"": 2.0, ""bot"": ""wave"", ""bot_depth"": 3.0, ""bot_params"": {""margin_depth_ref"": 50.0, ""pitch"": 2.0, ""tip_flat"": 0.1}, ""face_h"": 60.0, ""face_w"": 60.0, ""margin_depths"": 2.0, ""seed"": 23, ""top"": ""cone"", ""top_depth"": 47.0, ""top_params"": {""depth_jitter"": 0.0, ""height_seg"": 12, ""jitter"": 0.3, ""pitch"": 5.5, ""profile_power"": 1.0, ""radial_seg"": 24, ""tip_radius"": 0.2}}"
CF_cone_wave_d30_s23,floor,cone/wave,press,0.3,23,d76,cone_p550,cone,5.5,0.4,47.0,wave,3.0,2.0,50.0,9.090909090909092,0.00479682476491694,-20.0,0.0014197005657479167,0.04999997094273567,"{""backing"": 2.0, ""bot"": ""wave"", ""bot_depth"": 3.0, ""bot_params"": {""margin_depth_ref"": 50.0, ""pitch"": 2.0, ""tip_flat"": 0.1}, ""face_h"": 60.0, ""face_w"": 60.0, ""margin_depths"": 2.0, ""seed"": 23, ""top"": ""cone"", ""top_depth"": 47.0, ""top_params"": {""depth_jitter"": 0.0, ""height_seg"": 12, ""jitter"": 0.3, ""pitch"": 5.5, ""profile_power"": 1.0, ""radial_seg"": 24, ""tip_radius"": 0.2}}"
CF_cone_wave_d30_s23,floor,cone/wave,press,0.3,23,d76,cone_p550,cone,5.5,0.4,47.0,wave,3.0,2.0,50.0,9.090909090909092,0.00479682476491694,-40.0,0.0020713317207992077,0.04999997094273567,"{""backing"": 2.0, ""bot"": ""wave"", ""bot_depth"": 3.0, ""bot_params"": {""margin_depth_ref"": 50.0, ""pitch"": 2.0, ""tip_flat"": 0.1}, ""face_h"": 60.0, ""face_w"": 60.0, ""margin_depths"": 2.0, ""seed"": 23, ""top"": ""cone"", ""top_depth"": 47.0, ""top_params"": {""depth_jitter"": 0.0, ""height_seg"": 12, ""jitter"": 0.3, ""pitch"": 5.5, ""profile_power"": 1.0, ""radial_seg"": 24, ""tip_radius"": 0.2}}"
CF_cone_wave_d30_s23,floor,cone/wave,press,0.3,23,d76,cone_p550,cone,5.5,0.4,47.0,wave,3.0,2.0,50.0,9.090909090909092,0.00479682476491694,20.0,0.001388470409438014,0.04999997094273567,"{""backing"": 2.0, ""bot"": ""wave"", ""bot_depth"": 3.0, ""bot_params"": {""margin_depth_ref"": 50.0, ""pitch"": 2.0, ""tip_flat"": 0.1}, ""face_h"": 60.0, ""face_w"": 60.0, ""margin_depths"": 2.0, ""seed"": 23, ""top"": ""cone"", ""top_depth"": 47.0, ""top_params"": {""depth_jitter"": 0.0, ""height_seg"": 12, ""jitter"": 0.3, ""pitch"": 5.5, ""profile_power"": 1.0, ""radial_seg"": 24, ""tip_radius"": 0.2}}"
CF_cone_wave_d30_s23,floor,cone/wave,press,0.3,23,d76,cone_p550,cone,5.5,0.4,47.0,wave,3.0,2.0,50.0,9.090909090909092,0.00479682476491694,40.0,0.0020588308107107878,0.04999997094273567,"{""backing"": 2.0, ""bot"": ""wave"", ""bot_depth"": 3.0, ""bot_params"": {""margin_depth_ref"": 50.0, ""pitch"": 2.0, ""tip_flat"": 0.1}, ""face_h"": 60.0, ""face_w"": 60.0, ""margin_depths"": 2.0, ""seed"": 23, ""top"": ""cone"", ""top_depth"": 47.0, ""top_params"": {""depth_jitter"": 0.0, ""height_seg"": 12, ""jitter"": 0.3, ""pitch"": 5.5, ""profile_power"": 1.0, ""radial_seg"": 24, ""tip_radius"": 0.2}}"
CF_cone_wave_d30_s23,floor,cone/wave,press,0.3,23,d100,cone_p550,cone,5.5,0.4,47.0,wave,3.0,2.0,50.0,9.090909090909092,0.00479682476491694,0.0,0.0009234862518496811,0.04999997094273567,"{""backing"": 2.0, ""bot"": ""wave"", ""bot_depth"": 3.0, ""bot_params"": {""margin_depth_ref"": 50.0, ""pitch"": 2.0, ""tip_flat"": 0.1}, ""face_h"": 60.0, ""face_w"": 60.0, ""margin_depths"": 2.0, ""seed"": 23, ""top"": ""cone"", ""top_depth"": 47.0, ""top_params"": {""depth_jitter"": 0.0, ""height_seg"": 12, ""jitter"": 0.3, ""pitch"": 5.5, ""profile_power"": 1.0, ""radial_seg"": 24, ""tip_radius"": 0.2}}"
CF_cone_wave_d30_s23,floor,cone/wave,press,0.3,23,d100,cone_p550,cone,5.5,0.4,47.0,wave,3.0,2.0,50.0,9.090909090909092,0.00479682476491694,-20.0,0.001516462187282741,0.04999997094273567,"{""backing"": 2.0, ""bot"": ""wave"", ""bot_depth"": 3.0, ""bot_params"": {""margin_depth_ref"": 50.0, ""pitch"": 2.0, ""tip_flat"": 0.1}, ""face_h"": 60.0, ""face_w"": 60.0, ""margin_depths"": 2.0, ""seed"": 23, ""top"": ""cone"", ""top_depth"": 47.0, ""top_params"": {""depth_jitter"": 0.0, ""height_seg"": 12, ""jitter"": 0.3, ""pitch"": 5.5, ""profile_power"": 1.0, ""radial_seg"": 24, ""tip_radius"": 0.2}}"
CF_cone_wave_d30_s23,floor,cone/wave,press,0.3,23,d100,cone_p550,cone,5.5,0.4,47.0,wave,3.0,2.0,50.0,9.090909090909092,0.00479682476491694,-40.0,0.0022281419951468706,0.04999997094273567,"{""backing"": 2.0, ""bot"": ""wave"", ""bot_depth"": 3.0, ""bot_params"": {""margin_depth_ref"": 50.0, ""pitch"": 2.0, ""tip_flat"": 0.1}, ""face_h"": 60.0, ""face_w"": 60.0, ""margin_depths"": 2.0, ""seed"": 23, ""top"": ""cone"", ""top_depth"": 47.0, ""top_params"": {""depth_jitter"": 0.0, ""height_seg"": 12, ""jitter"": 0.3, ""pitch"": 5.5, ""profile_power"": 1.0, ""radial_seg"": 24, ""tip_radius"": 0.2}}"
CF_cone_wave_d30_s23,floor,cone/wave,press,0.3,23,d100,cone_p550,cone,5.5,0.4,47.0,wave,3.0,2.0,50.0,9.090909090909092,0.00479682476491694,20.0,0.0014959158143028617,0.04999997094273567,"{""backing"": 2.0, ""bot"": ""wave"", ""bot_depth"": 3.0, ""bot_params"": {""margin_depth_ref"": 50.0, ""pitch"": 2.0, ""tip_flat"": 0.1}, ""face_h"": 60.0, ""face_w"": 60.0, ""margin_depths"": 2.0, ""seed"": 23, ""top"": ""cone"", ""top_depth"": 47.0, ""top_params"": {""depth_jitter"": 0.0, ""height_seg"": 12, ""jitter"": 0.3, ""pitch"": 5.5, ""profile_power"": 1.0, ""radial_seg"": 24, ""tip_radius"": 0.2}}"
CF_cone_wave_d30_s23,floor,cone/wave,press,0.3,23,d100,cone_p550,cone,5.5,0.4,47.0,wave,3.0,2.0,50.0,9.090909090909092,0.00479682476491694,40.0,0.0021938285790383816,0.04999997094273567,"{""backing"": 2.0, ""bot"": ""wave"", ""bot_depth"": 3.0, ""bot_params"": {""margin_depth_ref"": 50.0, ""pitch"": 2.0, ""tip_flat"": 0.1}, ""face_h"": 60.0, ""face_w"": 60.0, ""margin_depths"": 2.0, ""seed"": 23, ""top"": ""cone"", ""top_depth"": 47.0, ""top_params"": {""depth_jitter"": 0.0, ""height_seg"": 12, ""jitter"": 0.3, ""pitch"": 5.5, ""profile_power"": 1.0, ""radial_seg"": 24, ""tip_radius"": 0.2}}"
B_CONE_p0550_s101,floor,cone/flat,mould,0.4,101,d00,cone_p550,cone,5.5,0.4,50.0,flat,0.0,0.0,50.0,9.090909090909092,0.00479682476491694,0.0,0.0018160846084356308,0.04999997094273567,"{""backing"": 2.0, ""depth"": 50.0, ""depth_jitter"": 0.0, ""face_h"": 60.0, ""face_w"": 60.0, ""height_seg"": 12, ""jitter"": 0.3, ""margin_depths"": 2.0, ""pitch"": 5.5, ""profile_power"": 1.0, ""radial_seg"": 24, ""seed"": 101, ""tip_radius"": 0.2}"
B_CONE_p0550_s101,floor,cone/flat,mould,0.4,101,d00,cone_p550,cone,5.5,0.4,50.0,flat,0.0,0.0,50.0,9.090909090909092,0.00479682476491694,-20.0,0.0013827799120917916,0.04999997094273567,"{""backing"": 2.0, ""depth"": 50.0, ""depth_jitter"": 0.0, ""face_h"": 60.0, ""face_w"": 60.0, ""height_seg"": 12, ""jitter"": 0.3, ""margin_depths"": 2.0, ""pitch"": 5.5, ""profile_power"": 1.0, ""radial_seg"": 24, ""seed"": 101, ""tip_radius"": 0.2}"
B_CONE_p0550_s101,floor,cone/flat,mould,0.4,101,d00,cone_p550,cone,5.5,0.4,50.0,flat,0.0,0.0,50.0,9.090909090909092,0.00479682476491694,-40.0,0.002014544326812029,0.04999997094273567,"{""backing"": 2.0, ""depth"": 50.0, ""depth_jitter"": 0.0, ""face_h"": 60.0, ""face_w"": 60.0, ""height_seg"": 12, ""jitter"": 0.3, ""margin_depths"": 2.0, ""pitch"": 5.5, ""profile_power"": 1.0, ""radial_seg"": 24, ""seed"": 101, ""tip_radius"": 0.2}"
B_CONE_p0550_s101,floor,cone/flat,mould,0.4,101,d00,cone_p550,cone,5.5,0.4,50.0,flat,0.0,0.0,50.0,9.090909090909092,0.00479682476491694,20.0,0.0014311947161331773,0.04999997094273567,"{""backing"": 2.0, ""depth"": 50.0, ""depth_jitter"": 0.0, ""face_h"": 60.0, ""face_w"": 60.0, ""height_seg"": 12, ""jitter"": 0.3, ""margin_depths"": 2.0, ""pitch"": 5.5, ""profile_power"": 1.0, ""radial_seg"": 24, ""seed"": 101, ""tip_radius"": 0.2}"
B_CONE_p0550_s101,floor,cone/flat,mould,0.4,101,d00,cone_p550,cone,5.5,0.4,50.0,flat,0.0,0.0,50.0,9.090909090909092,0.00479682476491694,40.0,0.0021710095461457968,0.04999997094273567,"{""backing"": 2.0, ""depth"": 50.0, ""depth_jitter"": 0.0, ""face_h"": 60.0, ""face_w"": 60.0, ""height_seg"": 12, ""jitter"": 0.3, ""margin_depths"": 2.0, ""pitch"": 5.5, ""profile_power"": 1.0, ""radial_seg"": 24, ""seed"": 101, ""tip_radius"": 0.2}"
B_CONE_p0550_s101,floor,cone/flat,mould,0.4,101,d76,cone_p550,cone,5.5,0.4,50.0,flat,0.0,0.0,50.0,9.090909090909092,0.00479682476491694,0.0,0.0010192152112722397,0.04999997094273567,"{""backing"": 2.0, ""depth"": 50.0, ""depth_jitter"": 0.0, ""face_h"": 60.0, ""face_w"": 60.0, ""height_seg"": 12, ""jitter"": 0.3, ""margin_depths"": 2.0, ""pitch"": 5.5, ""profile_power"": 1.0, ""radial_seg"": 24, ""seed"": 101, ""tip_radius"": 0.2}"
B_CONE_p0550_s101,floor,cone/flat,mould,0.4,101,d76,cone_p550,cone,5.5,0.4,50.0,flat,0.0,0.0,50.0,9.090909090909092,0.00479682476491694,-20.0,0.0013236647937446833,0.04999997094273567,"{""backing"": 2.0, ""depth"": 50.0, ""depth_jitter"": 0.0, ""face_h"": 60.0, ""face_w"": 60.0, ""height_seg"": 12, ""jitter"": 0.3, ""margin_depths"": 2.0, ""pitch"": 5.5, ""profile_power"": 1.0, ""radial_seg"": 24, ""seed"": 101, ""tip_radius"": 0.2}"
B_CONE_p0550_s101,floor,cone/flat,mould,0.4,101,d76,cone_p550,cone,5.5,0.4,50.0,flat,0.0,0.0,50.0,9.090909090909092,0.00479682476491694,-40.0,0.0018916236003860831,0.04999997094273567,"{""backing"": 2.0, ""depth"": 50.0, ""depth_jitter"": 0.0, ""face_h"": 60.0, ""face_w"": 60.0, ""height_seg"": 12, ""jitter"": 0.3, ""margin_depths"": 2.0, ""pitch"": 5.5, ""profile_power"": 1.0, ""radial_seg"": 24, ""seed"": 101, ""tip_radius"": 0.2}"
B_CONE_p0550_s101,floor,cone/flat,mould,0.4,101,d76,cone_p550,cone,5.5,0.4,50.0,flat,0.0,0.0,50.0,9.090909090909092,0.00479682476491694,20.0,0.0013725755270570517,0.04999997094273567,"{""backing"": 2.0, ""depth"": 50.0, ""depth_jitter"": 0.0, ""face_h"": 60.0, ""face_w"": 60.0, ""height_seg"": 12, ""jitter"": 0.3, ""margin_depths"": 2.0, ""pitch"": 5.5, ""profile_power"": 1.0, ""radial_seg"": 24, ""seed"": 101, ""tip_radius"": 0.2}"
B_CONE_p0550_s101,floor,cone/flat,mould,0.4,101,d76,cone_p550,cone,5.5,0.4,50.0,flat,0.0,0.0,50.0,9.090909090909092,0.00479682476491694,40.0,0.002014830010011792,0.04999997094273567,"{""backing"": 2.0, ""depth"": 50.0, ""depth_jitter"": 0.0, ""face_h"": 60.0, ""face_w"": 60.0, ""height_seg"": 12, ""jitter"": 0.3, ""margin_depths"": 2.0, ""pitch"": 5.5, ""profile_power"": 1.0, ""radial_seg"": 24, ""seed"": 101, ""tip_radius"": 0.2}"
B_CONE_p0550_s101,floor,cone/flat,mould,0.4,101,d100,cone_p550,cone,5.5,0.4,50.0,flat,0.0,0.0,50.0,9.090909090909092,0.00479682476491694,0.0,0.0008685291395522654,0.04999997094273567,"{""backing"": 2.0, ""depth"": 50.0, ""depth_jitter"": 0.0, ""face_h"": 60.0, ""face_w"": 60.0, ""height_seg"": 12, ""jitter"": 0.3, ""margin_depths"": 2.0, ""pitch"": 5.5, ""profile_power"": 1.0, ""radial_seg"": 24, ""seed"": 101, ""tip_radius"": 0.2}"
B_CONE_p0550_s101,floor,cone/flat,mould,0.4,101,d100,cone_p550,cone,5.5,0.4,50.0,flat,0.0,0.0,50.0,9.090909090909092,0.00479682476491694,-20.0,0.0014308578101918101,0.04999997094273567,"{""backing"": 2.0, ""depth"": 50.0, ""depth_jitter"": 0.0, ""face_h"": 60.0, ""face_w"": 60.0, ""height_seg"": 12, ""jitter"": 0.3, ""margin_depths"": 2.0, ""pitch"": 5.5, ""profile_power"": 1.0, ""radial_seg"": 24, ""seed"": 101, ""tip_radius"": 0.2}"
B_CONE_p0550_s101,floor,cone/flat,mould,0.4,101,d100,cone_p550,cone,5.5,0.4,50.0,flat,0.0,0.0,50.0,9.090909090909092,0.00479682476491694,-40.0,0.0020498468074947596,0.04999997094273567,"{""backing"": 2.0, ""depth"": 50.0, ""depth_jitter"": 0.0, ""face_h"": 60.0, ""face_w"": 60.0, ""height_seg"": 12, ""jitter"": 0.3, ""margin_depths"": 2.0, ""pitch"": 5.5, ""profile_power"": 1.0, ""radial_seg"": 24, ""seed"": 101, ""tip_radius"": 0.2}"
B_CONE_p0550_s101,floor,cone/flat,mould,0.4,101,d100,cone_p550,cone,5.5,0.4,50.0,flat,0.0,0.0,50.0,9.090909090909092,0.00479682476491694,20.0,0.0014666522620245814,0.04999997094273567,"{""backing"": 2.0, ""depth"": 50.0, ""depth_jitter"": 0.0, ""face_h"": 60.0, ""face_w"": 60.0, ""height_seg"": 12, ""jitter"": 0.3, ""margin_depths"": 2.0, ""pitch"": 5.5, ""profile_power"": 1.0, ""radial_seg"": 24, ""seed"": 101, ""tip_radius"": 0.2}"
B_CONE_p0550_s101,floor,cone/flat,mould,0.4,101,d100,cone_p550,cone,5.5,0.4,50.0,flat,0.0,0.0,50.0,9.090909090909092,0.00479682476491694,40.0,0.0021485041361302137,0.04999997094273567,"{""backing"": 2.0, ""depth"": 50.0, ""depth_jitter"": 0.0, ""face_h"": 60.0, ""face_w"": 60.0, ""height_seg"": 12, ""jitter"": 0.3, ""margin_depths"": 2.0, ""pitch"": 5.5, ""profile_power"": 1.0, ""radial_seg"": 24, ""seed"": 101, ""tip_radius"": 0.2}"
CF_cone_pyramid_d30_s101,floor,cone/pyramid,press,0.1,101,d00,cone_p550,cone,5.5,0.4,47.0,pyramid,3.0,2.0,50.0,9.090909090909092,0.00479682476491694,0.0,0.0018266532570123672,0.04999997094273567,"{""backing"": 2.0, ""bot"": ""pyramid"", ""bot_depth"": 3.0, ""bot_params"": {""margin_depth_ref"": 50.0, ""pitch"": 2.0, ""tip_flat"": 0.1}, ""face_h"": 60.0, ""face_w"": 60.0, ""margin_depths"": 2.0, ""seed"": 101, ""top"": ""cone"", ""top_depth"": 47.0, ""top_params"": {""depth_jitter"": 0.0, ""height_seg"": 12, ""jitter"": 0.3, ""pitch"": 5.5, ""profile_power"": 1.0, ""radial_seg"": 24, ""tip_radius"": 0.2}}"
CF_cone_pyramid_d30_s101,floor,cone/pyramid,press,0.1,101,d00,cone_p550,cone,5.5,0.4,47.0,pyramid,3.0,2.0,50.0,9.090909090909092,0.00479682476491694,-20.0,0.0014500303659588099,0.04999997094273567,"{""backing"": 2.0, ""bot"": ""pyramid"", ""bot_depth"": 3.0, ""bot_params"": {""margin_depth_ref"": 50.0, ""pitch"": 2.0, ""tip_flat"": 0.1}, ""face_h"": 60.0, ""face_w"": 60.0, ""margin_depths"": 2.0, ""seed"": 101, ""top"": ""cone"", ""top_depth"": 47.0, ""top_params"": {""depth_jitter"": 0.0, ""height_seg"": 12, ""jitter"": 0.3, ""pitch"": 5.5, ""profile_power"": 1.0, ""radial_seg"": 24, ""tip_radius"": 0.2}}"
CF_cone_pyramid_d30_s101,floor,cone/pyramid,press,0.1,101,d00,cone_p550,cone,5.5,0.4,47.0,pyramid,3.0,2.0,50.0,9.090909090909092,0.00479682476491694,-40.0,0.002193364780396223,0.04999997094273567,"{""backing"": 2.0, ""bot"": ""pyramid"", ""bot_depth"": 3.0, ""bot_params"": {""margin_depth_ref"": 50.0, ""pitch"": 2.0, ""tip_flat"": 0.1}, ""face_h"": 60.0, ""face_w"": 60.0, ""margin_depths"": 2.0, ""seed"": 101, ""top"": ""cone"", ""top_depth"": 47.0, ""top_params"": {""depth_jitter"": 0.0, ""height_seg"": 12, ""jitter"": 0.3, ""pitch"": 5.5, ""profile_power"": 1.0, ""radial_seg"": 24, ""tip_radius"": 0.2}}"
CF_cone_pyramid_d30_s101,floor,cone/pyramid,press,0.1,101,d00,cone_p550,cone,5.5,0.4,47.0,pyramid,3.0,2.0,50.0,9.090909090909092,0.00479682476491694,20.0,0.0014167667832225561,0.04999997094273567,"{""backing"": 2.0, ""bot"": ""pyramid"", ""bot_depth"": 3.0, ""bot_params"": {""margin_depth_ref"": 50.0, ""pitch"": 2.0, ""tip_flat"": 0.1}, ""face_h"": 60.0, ""face_w"": 60.0, ""margin_depths"": 2.0, ""seed"": 101, ""top"": ""cone"", ""top_depth"": 47.0, ""top_params"": {""depth_jitter"": 0.0, ""height_seg"": 12, ""jitter"": 0.3, ""pitch"": 5.5, ""profile_power"": 1.0, ""radial_seg"": 24, ""tip_radius"": 0.2}}"
CF_cone_pyramid_d30_s101,floor,cone/pyramid,press,0.1,101,d00,cone_p550,cone,5.5,0.4,47.0,pyramid,3.0,2.0,50.0,9.090909090909092,0.00479682476491694,40.0,0.002162492135539651,0.04999997094273567,"{""backing"": 2.0, ""bot"": ""pyramid"", ""bot_depth"": 3.0, ""bot_params"": {""margin_depth_ref"": 50.0, ""pitch"": 2.0, ""tip_flat"": 0.1}, ""face_h"": 60.0, ""face_w"": 60.0, ""margin_depths"": 2.0, ""seed"": 101, ""top"": ""cone"", ""top_depth"": 47.0, ""top_params"": {""depth_jitter"": 0.0, ""height_seg"": 12, ""jitter"": 0.3, ""pitch"": 5.5, ""profile_power"": 1.0, ""radial_seg"": 24, ""tip_radius"": 0.2}}"
CF_cone_pyramid_d30_s101,floor,cone/pyramid,press,0.1,101,d76,cone_p550,cone,5.5,0.4,47.0,pyramid,3.0,2.0,50.0,9.090909090909092,0.00479682476491694,0.0,0.001068928511813283,0.04999997094273567,"{""backing"": 2.0, ""bot"": ""pyramid"", ""bot_depth"": 3.0, ""bot_params"": {""margin_depth_ref"": 50.0, ""pitch"": 2.0, ""tip_flat"": 0.1}, ""face_h"": 60.0, ""face_w"": 60.0, ""margin_depths"": 2.0, ""seed"": 101, ""top"": ""cone"", ""top_depth"": 47.0, ""top_params"": {""depth_jitter"": 0.0, ""height_seg"": 12, ""jitter"": 0.3, ""pitch"": 5.5, ""profile_power"": 1.0, ""radial_seg"": 24, ""tip_radius"": 0.2}}"
CF_cone_pyramid_d30_s101,floor,cone/pyramid,press,0.1,101,d76,cone_p550,cone,5.5,0.4,47.0,pyramid,3.0,2.0,50.0,9.090909090909092,0.00479682476491694,-20.0,0.0013828333467245102,0.04999997094273567,"{""backing"": 2.0, ""bot"": ""pyramid"", ""bot_depth"": 3.0, ""bot_params"": {""margin_depth_ref"": 50.0, ""pitch"": 2.0, ""tip_flat"": 0.1}, ""face_h"": 60.0, ""face_w"": 60.0, ""margin_depths"": 2.0, ""seed"": 101, ""top"": ""cone"", ""top_depth"": 47.0, ""top_params"": {""depth_jitter"": 0.0, ""height_seg"": 12, ""jitter"": 0.3, ""pitch"": 5.5, ""profile_power"": 1.0, ""radial_seg"": 24, ""tip_radius"": 0.2}}"
CF_cone_pyramid_d30_s101,floor,cone/pyramid,press,0.1,101,d76,cone_p550,cone,5.5,0.4,47.0,pyramid,3.0,2.0,50.0,9.090909090909092,0.00479682476491694,-40.0,0.002014967380091548,0.04999997094273567,"{""backing"": 2.0, ""bot"": ""pyramid"", ""bot_depth"": 3.0, ""bot_params"": {""margin_depth_ref"": 50.0, ""pitch"": 2.0, ""tip_flat"": 0.1}, ""face_h"": 60.0, ""face_w"": 60.0, ""margin_depths"": 2.0, ""seed"": 101, ""top"": ""cone"", ""top_depth"": 47.0, ""top_params"": {""depth_jitter"": 0.0, ""height_seg"": 12, ""jitter"": 0.3, ""pitch"": 5.5, ""profile_power"": 1.0, ""radial_seg"": 24, ""tip_radius"": 0.2}}"
CF_cone_pyramid_d30_s101,floor,cone/pyramid,press,0.1,101,d76,cone_p550,cone,5.5,0.4,47.0,pyramid,3.0,2.0,50.0,9.090909090909092,0.00479682476491694,20.0,0.0013633049093186855,0.04999997094273567,"{""backing"": 2.0, ""bot"": ""pyramid"", ""bot_depth"": 3.0, ""bot_params"": {""margin_depth_ref"": 50.0, ""pitch"": 2.0, ""tip_flat"": 0.1}, ""face_h"": 60.0, ""face_w"": 60.0, ""margin_depths"": 2.0, ""seed"": 101, ""top"": ""cone"", ""top_depth"": 47.0, ""top_params"": {""depth_jitter"": 0.0, ""height_seg"": 12, ""jitter"": 0.3, ""pitch"": 5.5, ""profile_power"": 1.0, ""radial_seg"": 24, ""tip_radius"": 0.2}}"
CF_cone_pyramid_d30_s101,floor,cone/pyramid,press,0.1,101,d76,cone_p550,cone,5.5,0.4,47.0,pyramid,3.0,2.0,50.0,9.090909090909092,0.00479682476491694,40.0,0.0020241104066371918,0.04999997094273567,"{""backing"": 2.0, ""bot"": ""pyramid"", ""bot_depth"": 3.0, ""bot_params"": {""margin_depth_ref"": 50.0, ""pitch"": 2.0, ""tip_flat"": 0.1}, ""face_h"": 60.0, ""face_w"": 60.0, ""margin_depths"": 2.0, ""seed"": 101, ""top"": ""cone"", ""top_depth"": 47.0, ""top_params"": {""depth_jitter"": 0.0, ""height_seg"": 12, ""jitter"": 0.3, ""pitch"": 5.5, ""profile_power"": 1.0, ""radial_seg"": 24, ""tip_radius"": 0.2}}"
CF_cone_pyramid_d30_s101,floor,cone/pyramid,press,0.1,101,d100,cone_p550,cone,5.5,0.4,47.0,pyramid,3.0,2.0,50.0,9.090909090909092,0.00479682476491694,0.0,0.0009228737908415496,0.04999997094273567,"{""backing"": 2.0, ""bot"": ""pyramid"", ""bot_depth"": 3.0, ""bot_params"": {""margin_depth_ref"": 50.0, ""pitch"": 2.0, ""tip_flat"": 0.1}, ""face_h"": 60.0, ""face_w"": 60.0, ""margin_depths"": 2.0, ""seed"": 101, ""top"": ""cone"", ""top_depth"": 47.0, ""top_params"": {""depth_jitter"": 0.0, ""height_seg"": 12, ""jitter"": 0.3, ""pitch"": 5.5, ""profile_power"": 1.0, ""radial_seg"": 24, ""tip_radius"": 0.2}}"
CF_cone_pyramid_d30_s101,floor,cone/pyramid,press,0.1,101,d100,cone_p550,cone,5.5,0.4,47.0,pyramid,3.0,2.0,50.0,9.090909090909092,0.00479682476491694,-20.0,0.0014940239489078522,0.04999997094273567,"{""backing"": 2.0, ""bot"": ""pyramid"", ""bot_depth"": 3.0, ""bot_params"": {""margin_depth_ref"": 50.0, ""pitch"": 2.0, ""tip_flat"": 0.1}, ""face_h"": 60.0, ""face_w"": 60.0, ""margin_depths"": 2.0, ""seed"": 101, ""top"": ""cone"", ""top_depth"": 47.0, ""top_params"": {""depth_jitter"": 0.0, ""height_seg"": 12, ""jitter"": 0.3, ""pitch"": 5.5, ""profile_power"": 1.0, ""radial_seg"": 24, ""tip_radius"": 0.2}}"
CF_cone_pyramid_d30_s101,floor,cone/pyramid,press,0.1,101,d100,cone_p550,cone,5.5,0.4,47.0,pyramid,3.0,2.0,50.0,9.090909090909092,0.00479682476491694,-40.0,0.002184474840760231,0.04999997094273567,"{""backing"": 2.0, ""bot"": ""pyramid"", ""bot_depth"": 3.0, ""bot_params"": {""margin_depth_ref"": 50.0, ""pitch"": 2.0, ""tip_flat"": 0.1}, ""face_h"": 60.0, ""face_w"": 60.0, ""margin_depths"": 2.0, ""seed"": 101, ""top"": ""cone"", ""top_depth"": 47.0, ""top_params"": {""depth_jitter"": 0.0, ""height_seg"": 12, ""jitter"": 0.3, ""pitch"": 5.5, ""profile_power"": 1.0, ""radial_seg"": 24, ""tip_radius"": 0.2}}"
CF_cone_pyramid_d30_s101,floor,cone/pyramid,press,0.1,101,d100,cone_p550,cone,5.5,0.4,47.0,pyramid,3.0,2.0,50.0,9.090909090909092,0.00479682476491694,20.0,0.0014711209805682302,0.04999997094273567,"{""backing"": 2.0, ""bot"": ""pyramid"", ""bot_depth"": 3.0, ""bot_params"": {""margin_depth_ref"": 50.0, ""pitch"": 2.0, ""tip_flat"": 0.1}, ""face_h"": 60.0, ""face_w"": 60.0, ""margin_depths"": 2.0, ""seed"": 101, ""top"": ""cone"", ""top_depth"": 47.0, ""top_params"": {""depth_jitter"": 0.0, ""height_seg"": 12, ""jitter"": 0.3, ""pitch"": 5.5, ""profile_power"": 1.0, ""radial_seg"": 24, ""tip_radius"": 0.2}}"
CF_cone_pyramid_d30_s101,floor,cone/pyramid,press,0.1,101,d100,cone_p550,cone,5.5,0.4,47.0,pyramid,3.0,2.0,50.0,9.090909090909092,0.00479682476491694,40.0,0.0021508175414055586,0.04999997094273567,"{""backing"": 2.0, ""bot"": ""pyramid"", ""bot_depth"": 3.0, ""bot_params"": {""margin_depth_ref"": 50.0, ""pitch"": 2.0, ""tip_flat"": 0.1}, ""face_h"": 60.0, ""face_w"": 60.0, ""margin_depths"": 2.0, ""seed"": 101, ""top"": ""cone"", ""top_depth"": 47.0, ""top_params"": {""depth_jitter"": 0.0, ""height_seg"": 12, ""jitter"": 0.3, ""pitch"": 5.5, ""profile_power"": 1.0, ""radial_seg"": 24, ""tip_radius"": 0.2}}"
CF_cone_gap_d30_s101,floor,cone/gap,mould,0.4,101,d00,cone_p550,cone,5.5,0.4,47.0,gap,3.0,0.0,50.0,9.090909090909092,0.00479682476491694,0.0,0.0018282481469213963,0.04999997094273567,"{""backing"": 2.0, ""bot"": ""gap"", ""bot_depth"": 3.0, ""bot_params"": {""margin_depth_ref"": 50.0}, ""face_h"": 60.0, ""face_w"": 60.0, ""margin_depths"": 2.0, ""seed"": 101, ""top"": ""cone"", ""top_depth"": 47.0, ""top_params"": {""depth_jitter"": 0.0, ""height_seg"": 12, ""jitter"": 0.3, ""pitch"": 5.5, ""profile_power"": 1.0, ""radial_seg"": 24, ""tip_radius"": 0.2}}"
CF_cone_gap_d30_s101,floor,cone/gap,mould,0.4,101,d00,cone_p550,cone,5.5,0.4,47.0,gap,3.0,0.0,50.0,9.090909090909092,0.00479682476491694,-20.0,0.0014500303659588099,0.04999997094273567,"{""backing"": 2.0, ""bot"": ""gap"", ""bot_depth"": 3.0, ""bot_params"": {""margin_depth_ref"": 50.0}, ""face_h"": 60.0, ""face_w"": 60.0, ""margin_depths"": 2.0, ""seed"": 101, ""top"": ""cone"", ""top_depth"": 47.0, ""top_params"": {""depth_jitter"": 0.0, ""height_seg"": 12, ""jitter"": 0.3, ""pitch"": 5.5, ""profile_power"": 1.0, ""radial_seg"": 24, ""tip_radius"": 0.2}}"
CF_cone_gap_d30_s101,floor,cone/gap,mould,0.4,101,d00,cone_p550,cone,5.5,0.4,47.0,gap,3.0,0.0,50.0,9.090909090909092,0.00479682476491694,-40.0,0.002193364780396223,0.04999997094273567,"{""backing"": 2.0, ""bot"": ""gap"", ""bot_depth"": 3.0, ""bot_params"": {""margin_depth_ref"": 50.0}, ""face_h"": 60.0, ""face_w"": 60.0, ""margin_depths"": 2.0, ""seed"": 101, ""top"": ""cone"", ""top_depth"": 47.0, ""top_params"": {""depth_jitter"": 0.0, ""height_seg"": 12, ""jitter"": 0.3, ""pitch"": 5.5, ""profile_power"": 1.0, ""radial_seg"": 24, ""tip_radius"": 0.2}}"
CF_cone_gap_d30_s101,floor,cone/gap,mould,0.4,101,d00,cone_p550,cone,5.5,0.4,47.0,gap,3.0,0.0,50.0,9.090909090909092,0.00479682476491694,20.0,0.0014167667832225561,0.04999997094273567,"{""backing"": 2.0, ""bot"": ""gap"", ""bot_depth"": 3.0, ""bot_params"": {""margin_depth_ref"": 50.0}, ""face_h"": 60.0, ""face_w"": 60.0, ""margin_depths"": 2.0, ""seed"": 101, ""top"": ""cone"", ""top_depth"": 47.0, ""top_params"": {""depth_jitter"": 0.0, ""height_seg"": 12, ""jitter"": 0.3, ""pitch"": 5.5, ""profile_power"": 1.0, ""radial_seg"": 24, ""tip_radius"": 0.2}}"
CF_cone_gap_d30_s101,floor,cone/gap,mould,0.4,101,d00,cone_p550,cone,5.5,0.4,47.0,gap,3.0,0.0,50.0,9.090909090909092,0.00479682476491694,40.0,0.0021624919027090073,0.04999997094273567,"{""backing"": 2.0, ""bot"": ""gap"", ""bot_depth"": 3.0, ""bot_params"": {""margin_depth_ref"": 50.0}, ""face_h"": 60.0, ""face_w"": 60.0, ""margin_depths"": 2.0, ""seed"": 101, ""top"": ""cone"", ""top_depth"": 47.0, ""top_params"": {""depth_jitter"": 0.0, ""height_seg"": 12, ""jitter"": 0.3, ""pitch"": 5.5, ""profile_power"": 1.0, ""radial_seg"": 24, ""tip_radius"": 0.2}}"
CF_cone_gap_d30_s101,floor,cone/gap,mould,0.4,101,d76,cone_p550,cone,5.5,0.4,47.0,gap,3.0,0.0,50.0,9.090909090909092,0.00479682476491694,0.0,0.0010693358490243554,0.04999997094273567,"{""backing"": 2.0, ""bot"": ""gap"", ""bot_depth"": 3.0, ""bot_params"": {""margin_depth_ref"": 50.0}, ""face_h"": 60.0, ""face_w"": 60.0, ""margin_depths"": 2.0, ""seed"": 101, ""top"": ""cone"", ""top_depth"": 47.0, ""top_params"": {""depth_jitter"": 0.0, ""height_seg"": 12, ""jitter"": 0.3, ""pitch"": 5.5, ""profile_power"": 1.0, ""radial_seg"": 24, ""tip_radius"": 0.2}}"
CF_cone_gap_d30_s101,floor,cone/gap,mould,0.4,101,d76,cone_p550,cone,5.5,0.4,47.0,gap,3.0,0.0,50.0,9.090909090909092,0.00479682476491694,-20.0,0.0013828333467245102,0.04999997094273567,"{""backing"": 2.0, ""bot"": ""gap"", ""bot_depth"": 3.0, ""bot_params"": {""margin_depth_ref"": 50.0}, ""face_h"": 60.0, ""face_w"": 60.0, ""margin_depths"": 2.0, ""seed"": 101, ""top"": ""cone"", ""top_depth"": 47.0, ""top_params"": {""depth_jitter"": 0.0, ""height_seg"": 12, ""jitter"": 0.3, ""pitch"": 5.5, ""profile_power"": 1.0, ""radial_seg"": 24, ""tip_radius"": 0.2}}"
CF_cone_gap_d30_s101,floor,cone/gap,mould,0.4,101,d76,cone_p550,cone,5.5,0.4,47.0,gap,3.0,0.0,50.0,9.090909090909092,0.00479682476491694,-40.0,0.002014967380091548,0.04999997094273567,"{""backing"": 2.0, ""bot"": ""gap"", ""bot_depth"": 3.0, ""bot_params"": {""margin_depth_ref"": 50.0}, ""face_h"": 60.0, ""face_w"": 60.0, ""margin_depths"": 2.0, ""seed"": 101, ""top"": ""cone"", ""top_depth"": 47.0, ""top_params"": {""depth_jitter"": 0.0, ""height_seg"": 12, ""jitter"": 0.3, ""pitch"": 5.5, ""profile_power"": 1.0, ""radial_seg"": 24, ""tip_radius"": 0.2}}"
CF_cone_gap_d30_s101,floor,cone/gap,mould,0.4,101,d76,cone_p550,cone,5.5,0.4,47.0,gap,3.0,0.0,50.0,9.090909090909092,0.00479682476491694,20.0,0.0013633049093186855,0.04999997094273567,"{""backing"": 2.0, ""bot"": ""gap"", ""bot_depth"": 3.0, ""bot_params"": {""margin_depth_ref"": 50.0}, ""face_h"": 60.0, ""face_w"": 60.0, ""margin_depths"": 2.0, ""seed"": 101, ""top"": ""cone"", ""top_depth"": 47.0, ""top_params"": {""depth_jitter"": 0.0, ""height_seg"": 12, ""jitter"": 0.3, ""pitch"": 5.5, ""profile_power"": 1.0, ""radial_seg"": 24, ""tip_radius"": 0.2}}"
CF_cone_gap_d30_s101,floor,cone/gap,mould,0.4,101,d76,cone_p550,cone,5.5,0.4,47.0,gap,3.0,0.0,50.0,9.090909090909092,0.00479682476491694,40.0,0.0020241106394678354,0.04999997094273567,"{""backing"": 2.0, ""bot"": ""gap"", ""bot_depth"": 3.0, ""bot_params"": {""margin_depth_ref"": 50.0}, ""face_h"": 60.0, ""face_w"": 60.0, ""margin_depths"": 2.0, ""seed"": 101, ""top"": ""cone"", ""top_depth"": 47.0, ""top_params"": {""depth_jitter"": 0.0, ""height_seg"": 12, ""jitter"": 0.3, ""pitch"": 5.5, ""profile_power"": 1.0, ""radial_seg"": 24, ""tip_radius"": 0.2}}"
CF_cone_gap_d30_s101,floor,cone/gap,mould,0.4,101,d100,cone_p550,cone,5.5,0.4,47.0,gap,3.0,0.0,50.0,9.090909090909092,0.00479682476491694,0.0,0.0009229929419234395,0.04999997094273567,"{""backing"": 2.0, ""bot"": ""gap"", ""bot_depth"": 3.0, ""bot_params"": {""margin_depth_ref"": 50.0}, ""face_h"": 60.0, ""face_w"": 60.0, ""margin_depths"": 2.0, ""seed"": 101, ""top"": ""cone"", ""top_depth"": 47.0, ""top_params"": {""depth_jitter"": 0.0, ""height_seg"": 12, ""jitter"": 0.3, ""pitch"": 5.5, ""profile_power"": 1.0, ""radial_seg"": 24, ""tip_radius"": 0.2}}"
CF_cone_gap_d30_s101,floor,cone/gap,mould,0.4,101,d100,cone_p550,cone,5.5,0.4,47.0,gap,3.0,0.0,50.0,9.090909090909092,0.00479682476491694,-20.0,0.0014940239489078522,0.04999997094273567,"{""backing"": 2.0, ""bot"": ""gap"", ""bot_depth"": 3.0, ""bot_params"": {""margin_depth_ref"": 50.0}, ""face_h"": 60.0, ""face_w"": 60.0, ""margin_depths"": 2.0, ""seed"": 101, ""top"": ""cone"", ""top_depth"": 47.0, ""top_params"": {""depth_jitter"": 0.0, ""height_seg"": 12, ""jitter"": 0.3, ""pitch"": 5.5, ""profile_power"": 1.0, ""radial_seg"": 24, ""tip_radius"": 0.2}}"
CF_cone_gap_d30_s101,floor,cone/gap,mould,0.4,101,d100,cone_p550,cone,5.5,0.4,47.0,gap,3.0,0.0,50.0,9.090909090909092,0.00479682476491694,-40.0,0.002184474840760231,0.04999997094273567,"{""backing"": 2.0, ""bot"": ""gap"", ""bot_depth"": 3.0, ""bot_params"": {""margin_depth_ref"": 50.0}, ""face_h"": 60.0, ""face_w"": 60.0, ""margin_depths"": 2.0, ""seed"": 101, ""top"": ""cone"", ""top_depth"": 47.0, ""top_params"": {""depth_jitter"": 0.0, ""height_seg"": 12, ""jitter"": 0.3, ""pitch"": 5.5, ""profile_power"": 1.0, ""radial_seg"": 24, ""tip_radius"": 0.2}}"
CF_cone_gap_d30_s101,floor,cone/gap,mould,0.4,101,d100,cone_p550,cone,5.5,0.4,47.0,gap,3.0,0.0,50.0,9.090909090909092,0.00479682476491694,20.0,0.0014711209805682302,0.04999997094273567,"{""backing"": 2.0, ""bot"": ""gap"", ""bot_depth"": 3.0, ""bot_params"": {""margin_depth_ref"": 50.0}, ""face_h"": 60.0, ""face_w"": 60.0, ""margin_depths"": 2.0, ""seed"": 101, ""top"": ""cone"", ""top_depth"": 47.0, ""top_params"": {""depth_jitter"": 0.0, ""height_seg"": 12, ""jitter"": 0.3, ""pitch"": 5.5, ""profile_power"": 1.0, ""radial_seg"": 24, ""tip_radius"": 0.2}}"
CF_cone_gap_d30_s101,floor,cone/gap,mould,0.4,101,d100,cone_p550,cone,5.5,0.4,47.0,gap,3.0,0.0,50.0,9.090909090909092,0.00479682476491694,40.0,0.0021508175414055586,0.04999997094273567,"{""backing"": 2.0, ""bot"": ""gap"", ""bot_depth"": 3.0, ""bot_params"": {""margin_depth_ref"": 50.0}, ""face_h"": 60.0, ""face_w"": 60.0, ""margin_depths"": 2.0, ""seed"": 101, ""top"": ""cone"", ""top_depth"": 47.0, ""top_params"": {""depth_jitter"": 0.0, ""height_seg"": 12, ""jitter"": 0.3, ""pitch"": 5.5, ""profile_power"": 1.0, ""radial_seg"": 24, ""tip_radius"": 0.2}}"
CF_cone_wave_d30_s101,floor,cone/wave,press,0.3,101,d00,cone_p550,cone,5.5,0.4,47.0,wave,3.0,2.0,50.0,9.090909090909092,0.00479682476491694,0.0,0.0018267149571329355,0.04999997094273567,"{""backing"": 2.0, ""bot"": ""wave"", ""bot_depth"": 3.0, ""bot_params"": {""margin_depth_ref"": 50.0, ""pitch"": 2.0, ""tip_flat"": 0.1}, ""face_h"": 60.0, ""face_w"": 60.0, ""margin_depths"": 2.0, ""seed"": 101, ""top"": ""cone"", ""top_depth"": 47.0, ""top_params"": {""depth_jitter"": 0.0, ""height_seg"": 12, ""jitter"": 0.3, ""pitch"": 5.5, ""profile_power"": 1.0, ""radial_seg"": 24, ""tip_radius"": 0.2}}"
CF_cone_wave_d30_s101,floor,cone/wave,press,0.3,101,d00,cone_p550,cone,5.5,0.4,47.0,wave,3.0,2.0,50.0,9.090909090909092,0.00479682476491694,-20.0,0.0014500303659588099,0.04999997094273567,"{""backing"": 2.0, ""bot"": ""wave"", ""bot_depth"": 3.0, ""bot_params"": {""margin_depth_ref"": 50.0, ""pitch"": 2.0, ""tip_flat"": 0.1}, ""face_h"": 60.0, ""face_w"": 60.0, ""margin_depths"": 2.0, ""seed"": 101, ""top"": ""cone"", ""top_depth"": 47.0, ""top_params"": {""depth_jitter"": 0.0, ""height_seg"": 12, ""jitter"": 0.3, ""pitch"": 5.5, ""profile_power"": 1.0, ""radial_seg"": 24, ""tip_radius"": 0.2}}"
CF_cone_wave_d30_s101,floor,cone/wave,press,0.3,101,d00,cone_p550,cone,5.5,0.4,47.0,wave,3.0,2.0,50.0,9.090909090909092,0.00479682476491694,-40.0,0.002193364780396223,0.04999997094273567,"{""backing"": 2.0, ""bot"": ""wave"", ""bot_depth"": 3.0, ""bot_params"": {""margin_depth_ref"": 50.0, ""pitch"": 2.0, ""tip_flat"": 0.1}, ""face_h"": 60.0, ""face_w"": 60.0, ""margin_depths"": 2.0, ""seed"": 101, ""top"": ""cone"", ""top_depth"": 47.0, ""top_params"": {""depth_jitter"": 0.0, ""height_seg"": 12, ""jitter"": 0.3, ""pitch"": 5.5, ""profile_power"": 1.0, ""radial_seg"": 24, ""tip_radius"": 0.2}}"
CF_cone_wave_d30_s101,floor,cone/wave,press,0.3,101,d00,cone_p550,cone,5.5,0.4,47.0,wave,3.0,2.0,50.0,9.090909090909092,0.00479682476491694,20.0,0.0014167667832225561,0.04999997094273567,"{""backing"": 2.0, ""bot"": ""wave"", ""bot_depth"": 3.0, ""bot_params"": {""margin_depth_ref"": 50.0, ""pitch"": 2.0, ""tip_flat"": 0.1}, ""face_h"": 60.0, ""face_w"": 60.0, ""margin_depths"": 2.0, ""seed"": 101, ""top"": ""cone"", ""top_depth"": 47.0, ""top_params"": {""depth_jitter"": 0.0, ""height_seg"": 12, ""jitter"": 0.3, ""pitch"": 5.5, ""profile_power"": 1.0, ""radial_seg"": 24, ""tip_radius"": 0.2}}"
CF_cone_wave_d30_s101,floor,cone/wave,press,0.3,101,d00,cone_p550,cone,5.5,0.4,47.0,wave,3.0,2.0,50.0,9.090909090909092,0.00479682476491694,40.0,0.0021624919027090073,0.04999997094273567,"{""backing"": 2.0, ""bot"": ""wave"", ""bot_depth"": 3.0, ""bot_params"": {""margin_depth_ref"": 50.0, ""pitch"": 2.0, ""tip_flat"": 0.1}, ""face_h"": 60.0, ""face_w"": 60.0, ""margin_depths"": 2.0, ""seed"": 101, ""top"": ""cone"", ""top_depth"": 47.0, ""top_params"": {""depth_jitter"": 0.0, ""height_seg"": 12, ""jitter"": 0.3, ""pitch"": 5.5, ""profile_power"": 1.0, ""radial_seg"": 24, ""tip_radius"": 0.2}}"
CF_cone_wave_d30_s101,floor,cone/wave,press,0.3,101,d76,cone_p550,cone,5.5,0.4,47.0,wave,3.0,2.0,50.0,9.090909090909092,0.00479682476491694,0.0,0.0010689283953979611,0.04999997094273567,"{""backing"": 2.0, ""bot"": ""wave"", ""bot_depth"": 3.0, ""bot_params"": {""margin_depth_ref"": 50.0, ""pitch"": 2.0, ""tip_flat"": 0.1}, ""face_h"": 60.0, ""face_w"": 60.0, ""margin_depths"": 2.0, ""seed"": 101, ""top"": ""cone"", ""top_depth"": 47.0, ""top_params"": {""depth_jitter"": 0.0, ""height_seg"": 12, ""jitter"": 0.3, ""pitch"": 5.5, ""profile_power"": 1.0, ""radial_seg"": 24, ""tip_radius"": 0.2}}"
CF_cone_wave_d30_s101,floor,cone/wave,press,0.3,101,d76,cone_p550,cone,5.5,0.4,47.0,wave,3.0,2.0,50.0,9.090909090909092,0.00479682476491694,-20.0,0.0013828333467245102,0.04999997094273567,"{""backing"": 2.0, ""bot"": ""wave"", ""bot_depth"": 3.0, ""bot_params"": {""margin_depth_ref"": 50.0, ""pitch"": 2.0, ""tip_flat"": 0.1}, ""face_h"": 60.0, ""face_w"": 60.0, ""margin_depths"": 2.0, ""seed"": 101, ""top"": ""cone"", ""top_depth"": 47.0, ""top_params"": {""depth_jitter"": 0.0, ""height_seg"": 12, ""jitter"": 0.3, ""pitch"": 5.5, ""profile_power"": 1.0, ""radial_seg"": 24, ""tip_radius"": 0.2}}"
CF_cone_wave_d30_s101,floor,cone/wave,press,0.3,101,d76,cone_p550,cone,5.5,0.4,47.0,wave,3.0,2.0,50.0,9.090909090909092,0.00479682476491694,-40.0,0.002014967380091548,0.04999997094273567,"{""backing"": 2.0, ""bot"": ""wave"", ""bot_depth"": 3.0, ""bot_params"": {""margin_depth_ref"": 50.0, ""pitch"": 2.0, ""tip_flat"": 0.1}, ""face_h"": 60.0, ""face_w"": 60.0, ""margin_depths"": 2.0, ""seed"": 101, ""top"": ""cone"", ""top_depth"": 47.0, ""top_params"": {""depth_jitter"": 0.0, ""height_seg"": 12, ""jitter"": 0.3, ""pitch"": 5.5, ""profile_power"": 1.0, ""radial_seg"": 24, ""tip_radius"": 0.2}}"
CF_cone_wave_d30_s101,floor,cone/wave,press,0.3,101,d76,cone_p550,cone,5.5,0.4,47.0,wave,3.0,2.0,50.0,9.090909090909092,0.00479682476491694,20.0,0.0013633049093186855,0.04999997094273567,"{""backing"": 2.0, ""bot"": ""wave"", ""bot_depth"": 3.0, ""bot_params"": {""margin_depth_ref"": 50.0, ""pitch"": 2.0, ""tip_flat"": 0.1}, ""face_h"": 60.0, ""face_w"": 60.0, ""margin_depths"": 2.0, ""seed"": 101, ""top"": ""cone"", ""top_depth"": 47.0, ""top_params"": {""depth_jitter"": 0.0, ""height_seg"": 12, ""jitter"": 0.3, ""pitch"": 5.5, ""profile_power"": 1.0, ""radial_seg"": 24, ""tip_radius"": 0.2}}"
CF_cone_wave_d30_s101,floor,cone/wave,press,0.3,101,d76,cone_p550,cone,5.5,0.4,47.0,wave,3.0,2.0,50.0,9.090909090909092,0.00479682476491694,40.0,0.0020241104066371918,0.04999997094273567,"{""backing"": 2.0, ""bot"": ""wave"", ""bot_depth"": 3.0, ""bot_params"": {""margin_depth_ref"": 50.0, ""pitch"": 2.0, ""tip_flat"": 0.1}, ""face_h"": 60.0, ""face_w"": 60.0, ""margin_depths"": 2.0, ""seed"": 101, ""top"": ""cone"", ""top_depth"": 47.0, ""top_params"": {""depth_jitter"": 0.0, ""height_seg"": 12, ""jitter"": 0.3, ""pitch"": 5.5, ""profile_power"": 1.0, ""radial_seg"": 24, ""tip_radius"": 0.2}}"
CF_cone_wave_d30_s101,floor,cone/wave,press,0.3,101,d100,cone_p550,cone,5.5,0.4,47.0,wave,3.0,2.0,50.0,9.090909090909092,0.00479682476491694,0.0,0.0009228737908415496,0.04999997094273567,"{""backing"": 2.0, ""bot"": ""wave"", ""bot_depth"": 3.0, ""bot_params"": {""margin_depth_ref"": 50.0, ""pitch"": 2.0, ""tip_flat"": 0.1}, ""face_h"": 60.0, ""face_w"": 60.0, ""margin_depths"": 2.0, ""seed"": 101, ""top"": ""cone"", ""top_depth"": 47.0, ""top_params"": {""depth_jitter"": 0.0, ""height_seg"": 12, ""jitter"": 0.3, ""pitch"": 5.5, ""profile_power"": 1.0, ""radial_seg"": 24, ""tip_radius"": 0.2}}"
CF_cone_wave_d30_s101,floor,cone/wave,press,0.3,101,d100,cone_p550,cone,5.5,0.4,47.0,wave,3.0,2.0,50.0,9.090909090909092,0.00479682476491694,-20.0,0.0014940239489078522,0.04999997094273567,"{""backing"": 2.0, ""bot"": ""wave"", ""bot_depth"": 3.0, ""bot_params"": {""margin_depth_ref"": 50.0, ""pitch"": 2.0, ""tip_flat"": 0.1}, ""face_h"": 60.0, ""face_w"": 60.0, ""margin_depths"": 2.0, ""seed"": 101, ""top"": ""cone"", ""top_depth"": 47.0, ""top_params"": {""depth_jitter"": 0.0, ""height_seg"": 12, ""jitter"": 0.3, ""pitch"": 5.5, ""profile_power"": 1.0, ""radial_seg"": 24, ""tip_radius"": 0.2}}"
CF_cone_wave_d30_s101,floor,cone/wave,press,0.3,101,d100,cone_p550,cone,5.5,0.4,47.0,wave,3.0,2.0,50.0,9.090909090909092,0.00479682476491694,-40.0,0.002184474840760231,0.04999997094273567,"{""backing"": 2.0, ""bot"": ""wave"", ""bot_depth"": 3.0, ""bot_params"": {""margin_depth_ref"": 50.0, ""pitch"": 2.0, ""tip_flat"": 0.1}, ""face_h"": 60.0, ""face_w"": 60.0, ""margin_depths"": 2.0, ""seed"": 101, ""top"": ""cone"", ""top_depth"": 47.0, ""top_params"": {""depth_jitter"": 0.0, ""height_seg"": 12, ""jitter"": 0.3, ""pitch"": 5.5, ""profile_power"": 1.0, ""radial_seg"": 24, ""tip_radius"": 0.2}}"
CF_cone_wave_d30_s101,floor,cone/wave,press,0.3,101,d100,cone_p550,cone,5.5,0.4,47.0,wave,3.0,2.0,50.0,9.090909090909092,0.00479682476491694,20.0,0.0014711209805682302,0.04999997094273567,"{""backing"": 2.0, ""bot"": ""wave"", ""bot_depth"": 3.0, ""bot_params"": {""margin_depth_ref"": 50.0, ""pitch"": 2.0, ""tip_flat"": 0.1}, ""face_h"": 60.0, ""face_w"": 60.0, ""margin_depths"": 2.0, ""seed"": 101, ""top"": ""cone"", ""top_depth"": 47.0, ""top_params"": {""depth_jitter"": 0.0, ""height_seg"": 12, ""jitter"": 0.3, ""pitch"": 5.5, ""profile_power"": 1.0, ""radial_seg"": 24, ""tip_radius"": 0.2}}"
CF_cone_wave_d30_s101,floor,cone/wave,press,0.3,101,d100,cone_p550,cone,5.5,0.4,47.0,wave,3.0,2.0,50.0,9.090909090909092,0.00479682476491694,40.0,0.0021508175414055586,0.04999997094273567,"{""backing"": 2.0, ""bot"": ""wave"", ""bot_depth"": 3.0, ""bot_params"": {""margin_depth_ref"": 50.0, ""pitch"": 2.0, ""tip_flat"": 0.1}, ""face_h"": 60.0, ""face_w"": 60.0, ""margin_depths"": 2.0, ""seed"": 101, ""top"": ""cone"", ""top_depth"": 47.0, ""top_params"": {""depth_jitter"": 0.0, ""height_seg"": 12, ""jitter"": 0.3, ""pitch"": 5.5, ""profile_power"": 1.0, ""radial_seg"": 24, ""tip_radius"": 0.2}}"
B_CONE_p0550_s102,floor,cone/flat,mould,0.4,102,d00,cone_p550,cone,5.5,0.4,50.0,flat,0.0,0.0,50.0,9.090909090909092,0.00479682476491694,0.0,0.0017449677689000964,0.04999997094273567,"{""backing"": 2.0, ""depth"": 50.0, ""depth_jitter"": 0.0, ""face_h"": 60.0, ""face_w"": 60.0, ""height_seg"": 12, ""jitter"": 0.3, ""margin_depths"": 2.0, ""pitch"": 5.5, ""profile_power"": 1.0, ""radial_seg"": 24, ""seed"": 102, ""tip_radius"": 0.2}"
B_CONE_p0550_s102,floor,cone/flat,mould,0.4,102,d00,cone_p550,cone,5.5,0.4,50.0,flat,0.0,0.0,50.0,9.090909090909092,0.00479682476491694,-20.0,0.0013741456205025315,0.04999997094273567,"{""backing"": 2.0, ""depth"": 50.0, ""depth_jitter"": 0.0, ""face_h"": 60.0, ""face_w"": 60.0, ""height_seg"": 12, ""jitter"": 0.3, ""margin_depths"": 2.0, ""pitch"": 5.5, ""profile_power"": 1.0, ""radial_seg"": 24, ""seed"": 102, ""tip_radius"": 0.2}"
B_CONE_p0550_s102,floor,cone/flat,mould,0.4,102,d00,cone_p550,cone,5.5,0.4,50.0,flat,0.0,0.0,50.0,9.090909090909092,0.00479682476491694,-40.0,0.0020256717689335346,0.04999997094273567,"{""backing"": 2.0, ""depth"": 50.0, ""depth_jitter"": 0.0, ""face_h"": 60.0, ""face_w"": 60.0, ""height_seg"": 12, ""jitter"": 0.3, ""margin_depths"": 2.0, ""pitch"": 5.5, ""profile_power"": 1.0, ""radial_seg"": 24, ""seed"": 102, ""tip_radius"": 0.2}"
B_CONE_p0550_s102,floor,cone/flat,mould,0.4,102,d00,cone_p550,cone,5.5,0.4,50.0,flat,0.0,0.0,50.0,9.090909090909092,0.00479682476491694,20.0,0.001313510350883007,0.04999997094273567,"{""backing"": 2.0, ""depth"": 50.0, ""depth_jitter"": 0.0, ""face_h"": 60.0, ""face_w"": 60.0, ""height_seg"": 12, ""jitter"": 0.3, ""margin_depths"": 2.0, ""pitch"": 5.5, ""profile_power"": 1.0, ""radial_seg"": 24, ""seed"": 102, ""tip_radius"": 0.2}"
B_CONE_p0550_s102,floor,cone/flat,mould,0.4,102,d00,cone_p550,cone,5.5,0.4,50.0,flat,0.0,0.0,50.0,9.090909090909092,0.00479682476491694,40.0,0.0021538168657571077,0.04999997094273567,"{""backing"": 2.0, ""depth"": 50.0, ""depth_jitter"": 0.0, ""face_h"": 60.0, ""face_w"": 60.0, ""height_seg"": 12, ""jitter"": 0.3, ""margin_depths"": 2.0, ""pitch"": 5.5, ""profile_power"": 1.0, ""radial_seg"": 24, ""seed"": 102, ""tip_radius"": 0.2}"
B_CONE_p0550_s102,floor,cone/flat,mould,0.4,102,d76,cone_p550,cone,5.5,0.4,50.0,flat,0.0,0.0,50.0,9.090909090909092,0.00479682476491694,0.0,0.0009975809371098876,0.04999997094273567,"{""backing"": 2.0, ""depth"": 50.0, ""depth_jitter"": 0.0, ""face_h"": 60.0, ""face_w"": 60.0, ""height_seg"": 12, ""jitter"": 0.3, ""margin_depths"": 2.0, ""pitch"": 5.5, ""profile_power"": 1.0, ""radial_seg"": 24, ""seed"": 102, ""tip_radius"": 0.2}"
B_CONE_p0550_s102,floor,cone/flat,mould,0.4,102,d76,cone_p550,cone,5.5,0.4,50.0,flat,0.0,0.0,50.0,9.090909090909092,0.00479682476491694,-20.0,0.0013406744692474604,0.04999997094273567,"{""backing"": 2.0, ""depth"": 50.0, ""depth_jitter"": 0.0, ""face_h"": 60.0, ""face_w"": 60.0, ""height_seg"": 12, ""jitter"": 0.3, ""margin_depths"": 2.0, ""pitch"": 5.5, ""profile_power"": 1.0, ""radial_seg"": 24, ""seed"": 102, ""tip_radius"": 0.2}"
B_CONE_p0550_s102,floor,cone/flat,mould,0.4,102,d76,cone_p550,cone,5.5,0.4,50.0,flat,0.0,0.0,50.0,9.090909090909092,0.00479682476491694,-40.0,0.0019653537310659885,0.04999997094273567,"{""backing"": 2.0, ""depth"": 50.0, ""depth_jitter"": 0.0, ""face_h"": 60.0, ""face_w"": 60.0, ""height_seg"": 12, ""jitter"": 0.3, ""margin_depths"": 2.0, ""pitch"": 5.5, ""profile_power"": 1.0, ""radial_seg"": 24, ""seed"": 102, ""tip_radius"": 0.2}"
B_CONE_p0550_s102,floor,cone/flat,mould,0.4,102,d76,cone_p550,cone,5.5,0.4,50.0,flat,0.0,0.0,50.0,9.090909090909092,0.00479682476491694,20.0,0.0012948211515322328,0.04999997094273567,"{""backing"": 2.0, ""depth"": 50.0, ""depth_jitter"": 0.0, ""face_h"": 60.0, ""face_w"": 60.0, ""height_seg"": 12, ""jitter"": 0.3, ""margin_depths"": 2.0, ""pitch"": 5.5, ""profile_power"": 1.0, ""radial_seg"": 24, ""seed"": 102, ""tip_radius"": 0.2}"
B_CONE_p0550_s102,floor,cone/flat,mould,0.4,102,d76,cone_p550,cone,5.5,0.4,50.0,flat,0.0,0.0,50.0,9.090909090909092,0.00479682476491694,40.0,0.002010154537856579,0.04999997094273567,"{""backing"": 2.0, ""depth"": 50.0, ""depth_jitter"": 0.0, ""face_h"": 60.0, ""face_w"": 60.0, ""height_seg"": 12, ""jitter"": 0.3, ""margin_depths"": 2.0, ""pitch"": 5.5, ""profile_power"": 1.0, ""radial_seg"": 24, ""seed"": 102, ""tip_radius"": 0.2}"
B_CONE_p0550_s102,floor,cone/flat,mould,0.4,102,d100,cone_p550,cone,5.5,0.4,50.0,flat,0.0,0.0,50.0,9.090909090909092,0.00479682476491694,0.0,0.0008448271546512842,0.04999997094273567,"{""backing"": 2.0, ""depth"": 50.0, ""depth_jitter"": 0.0, ""face_h"": 60.0, ""face_w"": 60.0, ""height_seg"": 12, ""jitter"": 0.3, ""margin_depths"": 2.0, ""pitch"": 5.5, ""profile_power"": 1.0, ""radial_seg"": 24, ""seed"": 102, ""tip_radius"": 0.2}"
B_CONE_p0550_s102,floor,cone/flat,mould,0.4,102,d100,cone_p550,cone,5.5,0.4,50.0,flat,0.0,0.0,50.0,9.090909090909092,0.00479682476491694,-20.0,0.0014383441302925348,0.04999997094273567,"{""backing"": 2.0, ""depth"": 50.0, ""depth_jitter"": 0.0, ""face_h"": 60.0, ""face_w"": 60.0, ""height_seg"": 12, ""jitter"": 0.3, ""margin_depths"": 2.0, ""pitch"": 5.5, ""profile_power"": 1.0, ""radial_seg"": 24, ""seed"": 102, ""tip_radius"": 0.2}"
B_CONE_p0550_s102,floor,cone/flat,mould,0.4,102,d100,cone_p550,cone,5.5,0.4,50.0,flat,0.0,0.0,50.0,9.090909090909092,0.00479682476491694,-40.0,0.0021082605235278606,0.04999997094273567,"{""backing"": 2.0, ""depth"": 50.0, ""depth_jitter"": 0.0, ""face_h"": 60.0, ""face_w"": 60.0, ""height_seg"": 12, ""jitter"": 0.3, ""margin_depths"": 2.0, ""pitch"": 5.5, ""profile_power"": 1.0, ""radial_seg"": 24, ""seed"": 102, ""tip_radius"": 0.2}"
B_CONE_p0550_s102,floor,cone/flat,mould,0.4,102,d100,cone_p550,cone,5.5,0.4,50.0,flat,0.0,0.0,50.0,9.090909090909092,0.00479682476491694,20.0,0.0014114604564383626,0.04999997094273567,"{""backing"": 2.0, ""depth"": 50.0, ""depth_jitter"": 0.0, ""face_h"": 60.0, ""face_w"": 60.0, ""height_seg"": 12, ""jitter"": 0.3, ""margin_depths"": 2.0, ""pitch"": 5.5, ""profile_power"": 1.0, ""radial_seg"": 24, ""seed"": 102, ""tip_radius"": 0.2}"
B_CONE_p0550_s102,floor,cone/flat,mould,0.4,102,d100,cone_p550,cone,5.5,0.4,50.0,flat,0.0,0.0,50.0,9.090909090909092,0.00479682476491694,40.0,0.002092109527438879,0.04999997094273567,"{""backing"": 2.0, ""depth"": 50.0, ""depth_jitter"": 0.0, ""face_h"": 60.0, ""face_w"": 60.0, ""height_seg"": 12, ""jitter"": 0.3, ""margin_depths"": 2.0, ""pitch"": 5.5, ""profile_power"": 1.0, ""radial_seg"": 24, ""seed"": 102, ""tip_radius"": 0.2}"
CF_cone_pyramid_d30_s102,floor,cone/pyramid,press,0.1,102,d00,cone_p550,cone,5.5,0.4,47.0,pyramid,3.0,2.0,50.0,9.090909090909092,0.00479682476491694,0.0,0.001801025471650064,0.04999997094273567,"{""backing"": 2.0, ""bot"": ""pyramid"", ""bot_depth"": 3.0, ""bot_params"": {""margin_depth_ref"": 50.0, ""pitch"": 2.0, ""tip_flat"": 0.1}, ""face_h"": 60.0, ""face_w"": 60.0, ""margin_depths"": 2.0, ""seed"": 102, ""top"": ""cone"", ""top_depth"": 47.0, ""top_params"": {""depth_jitter"": 0.0, ""height_seg"": 12, ""jitter"": 0.3, ""pitch"": 5.5, ""profile_power"": 1.0, ""radial_seg"": 24, ""tip_radius"": 0.2}}"
CF_cone_pyramid_d30_s102,floor,cone/pyramid,press,0.1,102,d00,cone_p550,cone,5.5,0.4,47.0,pyramid,3.0,2.0,50.0,9.090909090909092,0.00479682476491694,-20.0,0.001387975295074284,0.04999997094273567,"{""backing"": 2.0, ""bot"": ""pyramid"", ""bot_depth"": 3.0, ""bot_params"": {""margin_depth_ref"": 50.0, ""pitch"": 2.0, ""tip_flat"": 0.1}, ""face_h"": 60.0, ""face_w"": 60.0, ""margin_depths"": 2.0, ""seed"": 102, ""top"": ""cone"", ""top_depth"": 47.0, ""top_params"": {""depth_jitter"": 0.0, ""height_seg"": 12, ""jitter"": 0.3, ""pitch"": 5.5, ""profile_power"": 1.0, ""radial_seg"": 24, ""tip_radius"": 0.2}}"
CF_cone_pyramid_d30_s102,floor,cone/pyramid,press,0.1,102,d00,cone_p550,cone,5.5,0.4,47.0,pyramid,3.0,2.0,50.0,9.090909090909092,0.00479682476491694,-40.0,0.002077044453471899,0.04999997094273567,"{""backing"": 2.0, ""bot"": ""pyramid"", ""bot_depth"": 3.0, ""bot_params"": {""margin_depth_ref"": 50.0, ""pitch"": 2.0, ""tip_flat"": 0.1}, ""face_h"": 60.0, ""face_w"": 60.0, ""margin_depths"": 2.0, ""seed"": 102, ""top"": ""cone"", ""top_depth"": 47.0, ""top_params"": {""depth_jitter"": 0.0, ""height_seg"": 12, ""jitter"": 0.3, ""pitch"": 5.5, ""profile_power"": 1.0, ""radial_seg"": 24, ""tip_radius"": 0.2}}"
CF_cone_pyramid_d30_s102,floor,cone/pyramid,press,0.1,102,d00,cone_p550,cone,5.5,0.4,47.0,pyramid,3.0,2.0,50.0,9.090909090909092,0.00479682476491694,20.0,0.0014101398410275578,0.04999997094273567,"{""backing"": 2.0, ""bot"": ""pyramid"", ""bot_depth"": 3.0, ""bot_params"": {""margin_depth_ref"": 50.0, ""pitch"": 2.0, ""tip_flat"": 0.1}, ""face_h"": 60.0, ""face_w"": 60.0, ""margin_depths"": 2.0, ""seed"": 102, ""top"": ""cone"", ""top_depth"": 47.0, ""top_params"": {""depth_jitter"": 0.0, ""height_seg"": 12, ""jitter"": 0.3, ""pitch"": 5.5, ""profile_power"": 1.0, ""radial_seg"": 24, ""tip_radius"": 0.2}}"
CF_cone_pyramid_d30_s102,floor,cone/pyramid,press,0.1,102,d00,cone_p550,cone,5.5,0.4,47.0,pyramid,3.0,2.0,50.0,9.090909090909092,0.00479682476491694,40.0,0.002153964014723897,0.04999997094273567,"{""backing"": 2.0, ""bot"": ""pyramid"", ""bot_depth"": 3.0, ""bot_params"": {""margin_depth_ref"": 50.0, ""pitch"": 2.0, ""tip_flat"": 0.1}, ""face_h"": 60.0, ""face_w"": 60.0, ""margin_depths"": 2.0, ""seed"": 102, ""top"": ""cone"", ""top_depth"": 47.0, ""top_params"": {""depth_jitter"": 0.0, ""height_seg"": 12, ""jitter"": 0.3, ""pitch"": 5.5, ""profile_power"": 1.0, ""radial_seg"": 24, ""tip_radius"": 0.2}}"
CF_cone_pyramid_d30_s102,floor,cone/pyramid,press,0.1,102,d76,cone_p550,cone,5.5,0.4,47.0,pyramid,3.0,2.0,50.0,9.090909090909092,0.00479682476491694,0.0,0.0010647488525137305,0.04999997094273567,"{""backing"": 2.0, ""bot"": ""pyramid"", ""bot_depth"": 3.0, ""bot_params"": {""margin_depth_ref"": 50.0, ""pitch"": 2.0, ""tip_flat"": 0.1}, ""face_h"": 60.0, ""face_w"": 60.0, ""margin_depths"": 2.0, ""seed"": 102, ""top"": ""cone"", ""top_depth"": 47.0, ""top_params"": {""depth_jitter"": 0.0, ""height_seg"": 12, ""jitter"": 0.3, ""pitch"": 5.5, ""profile_power"": 1.0, ""radial_seg"": 24, ""tip_radius"": 0.2}}"
CF_cone_pyramid_d30_s102,floor,cone/pyramid,press,0.1,102,d76,cone_p550,cone,5.5,0.4,47.0,pyramid,3.0,2.0,50.0,9.090909090909092,0.00479682476491694,-20.0,0.0013444613432511687,0.04999997094273567,"{""backing"": 2.0, ""bot"": ""pyramid"", ""bot_depth"": 3.0, ""bot_params"": {""margin_depth_ref"": 50.0, ""pitch"": 2.0, ""tip_flat"": 0.1}, ""face_h"": 60.0, ""face_w"": 60.0, ""margin_depths"": 2.0, ""seed"": 102, ""top"": ""cone"", ""top_depth"": 47.0, ""top_params"": {""depth_jitter"": 0.0, ""height_seg"": 12, ""jitter"": 0.3, ""pitch"": 5.5, ""profile_power"": 1.0, ""radial_seg"": 24, ""tip_radius"": 0.2}}"
CF_cone_pyramid_d30_s102,floor,cone/pyramid,press,0.1,102,d76,cone_p550,cone,5.5,0.4,47.0,pyramid,3.0,2.0,50.0,9.090909090909092,0.00479682476491694,-40.0,0.0019806683994829655,0.04999997094273567,"{""backing"": 2.0, ""bot"": ""pyramid"", ""bot_depth"": 3.0, ""bot_params"": {""margin_depth_ref"": 50.0, ""pitch"": 2.0, ""tip_flat"": 0.1}, ""face_h"": 60.0, ""face_w"": 60.0, ""margin_depths"": 2.0, ""seed"": 102, ""top"": ""cone"", ""top_depth"": 47.0, ""top_params"": {""depth_jitter"": 0.0, ""height_seg"": 12, ""jitter"": 0.3, ""pitch"": 5.5, ""profile_power"": 1.0, ""radial_seg"": 24, ""tip_radius"": 0.2}}"
CF_cone_pyramid_d30_s102,floor,cone/pyramid,press,0.1,102,d76,cone_p550,cone,5.5,0.4,47.0,pyramid,3.0,2.0,50.0,9.090909090909092,0.00479682476491694,20.0,0.0013605505228042603,0.04999997094273567,"{""backing"": 2.0, ""bot"": ""pyramid"", ""bot_depth"": 3.0, ""bot_params"": {""margin_depth_ref"": 50.0, ""pitch"": 2.0, ""tip_flat"": 0.1}, ""face_h"": 60.0, ""face_w"": 60.0, ""margin_depths"": 2.0, ""seed"": 102, ""top"": ""cone"", ""top_depth"": 47.0, ""top_params"": {""depth_jitter"": 0.0, ""height_seg"": 12, ""jitter"": 0.3, ""pitch"": 5.5, ""profile_power"": 1.0, ""radial_seg"": 24, ""tip_radius"": 0.2}}"
CF_cone_pyramid_d30_s102,floor,cone/pyramid,press,0.1,102,d76,cone_p550,cone,5.5,0.4,47.0,pyramid,3.0,2.0,50.0,9.090909090909092,0.00479682476491694,40.0,0.0020191490184515715,0.04999997094273567,"{""backing"": 2.0, ""bot"": ""pyramid"", ""bot_depth"": 3.0, ""bot_params"": {""margin_depth_ref"": 50.0, ""pitch"": 2.0, ""tip_flat"": 0.1}, ""face_h"": 60.0, ""face_w"": 60.0, ""margin_depths"": 2.0, ""seed"": 102, ""top"": ""cone"", ""top_depth"": 47.0, ""top_params"": {""depth_jitter"": 0.0, ""height_seg"": 12, ""jitter"": 0.3, ""pitch"": 5.5, ""profile_power"": 1.0, ""radial_seg"": 24, ""tip_radius"": 0.2}}"
CF_cone_pyramid_d30_s102,floor,cone/pyramid,press,0.1,102,d100,cone_p550,cone,5.5,0.4,47.0,pyramid,3.0,2.0,50.0,9.090909090909092,0.00479682476491694,0.0,0.0009188979165628552,0.04999997094273567,"{""backing"": 2.0, ""bot"": ""pyramid"", ""bot_depth"": 3.0, ""bot_params"": {""margin_depth_ref"": 50.0, ""pitch"": 2.0, ""tip_flat"": 0.1}, ""face_h"": 60.0, ""face_w"": 60.0, ""margin_depths"": 2.0, ""seed"": 102, ""top"": ""cone"", ""top_depth"": 47.0, ""top_params"": {""depth_jitter"": 0.0, ""height_seg"": 12, ""jitter"": 0.3, ""pitch"": 5.5, ""profile_power"": 1.0, ""radial_seg"": 24, ""tip_radius"": 0.2}}"
CF_cone_pyramid_d30_s102,floor,cone/pyramid,press,0.1,102,d100,cone_p550,cone,5.5,0.4,47.0,pyramid,3.0,2.0,50.0,9.090909090909092,0.00479682476491694,-20.0,0.0014684726484119892,0.04999997094273567,"{""backing"": 2.0, ""bot"": ""pyramid"", ""bot_depth"": 3.0, ""bot_params"": {""margin_depth_ref"": 50.0, ""pitch"": 2.0, ""tip_flat"": 0.1}, ""face_h"": 60.0, ""face_w"": 60.0, ""margin_depths"": 2.0, ""seed"": 102, ""top"": ""cone"", ""top_depth"": 47.0, ""top_params"": {""depth_jitter"": 0.0, ""height_seg"": 12, ""jitter"": 0.3, ""pitch"": 5.5, ""profile_power"": 1.0, ""radial_seg"": 24, ""tip_radius"": 0.2}}"
CF_cone_pyramid_d30_s102,floor,cone/pyramid,press,0.1,102,d100,cone_p550,cone,5.5,0.4,47.0,pyramid,3.0,2.0,50.0,9.090909090909092,0.00479682476491694,-40.0,0.002133894944563508,0.04999997094273567,"{""backing"": 2.0, ""bot"": ""pyramid"", ""bot_depth"": 3.0, ""bot_params"": {""margin_depth_ref"": 50.0, ""pitch"": 2.0, ""tip_flat"": 0.1}, ""face_h"": 60.0, ""face_w"": 60.0, ""margin_depths"": 2.0, ""seed"": 102, ""top"": ""cone"", ""top_depth"": 47.0, ""top_params"": {""depth_jitter"": 0.0, ""height_seg"": 12, ""jitter"": 0.3, ""pitch"": 5.5, ""profile_power"": 1.0, ""radial_seg"": 24, ""tip_radius"": 0.2}}"
CF_cone_pyramid_d30_s102,floor,cone/pyramid,press,0.1,102,d100,cone_p550,cone,5.5,0.4,47.0,pyramid,3.0,2.0,50.0,9.090909090909092,0.00479682476491694,20.0,0.0014800071949139237,0.04999997094273567,"{""backing"": 2.0, ""bot"": ""pyramid"", ""bot_depth"": 3.0, ""bot_params"": {""margin_depth_ref"": 50.0, ""pitch"": 2.0, ""tip_flat"": 0.1}, ""face_h"": 60.0, ""face_w"": 60.0, ""margin_depths"": 2.0, ""seed"": 102, ""top"": ""cone"", ""top_depth"": 47.0, ""top_params"": {""depth_jitter"": 0.0, ""height_seg"": 12, ""jitter"": 0.3, ""pitch"": 5.5, ""profile_power"": 1.0, ""radial_seg"": 24, ""tip_radius"": 0.2}}"
CF_cone_pyramid_d30_s102,floor,cone/pyramid,press,0.1,102,d100,cone_p550,cone,5.5,0.4,47.0,pyramid,3.0,2.0,50.0,9.090909090909092,0.00479682476491694,40.0,0.002143128542229533,0.04999997094273567,"{""backing"": 2.0, ""bot"": ""pyramid"", ""bot_depth"": 3.0, ""bot_params"": {""margin_depth_ref"": 50.0, ""pitch"": 2.0, ""tip_flat"": 0.1}, ""face_h"": 60.0, ""face_w"": 60.0, ""margin_depths"": 2.0, ""seed"": 102, ""top"": ""cone"", ""top_depth"": 47.0, ""top_params"": {""depth_jitter"": 0.0, ""height_seg"": 12, ""jitter"": 0.3, ""pitch"": 5.5, ""profile_power"": 1.0, ""radial_seg"": 24, ""tip_radius"": 0.2}}"
CF_cone_gap_d30_s102,floor,cone/gap,mould,0.4,102,d00,cone_p550,cone,5.5,0.4,47.0,gap,3.0,0.0,50.0,9.090909090909092,0.00479682476491694,0.0,0.0018020636634901166,0.04999997094273567,"{""backing"": 2.0, ""bot"": ""gap"", ""bot_depth"": 3.0, ""bot_params"": {""margin_depth_ref"": 50.0}, ""face_h"": 60.0, ""face_w"": 60.0, ""margin_depths"": 2.0, ""seed"": 102, ""top"": ""cone"", ""top_depth"": 47.0, ""top_params"": {""depth_jitter"": 0.0, ""height_seg"": 12, ""jitter"": 0.3, ""pitch"": 5.5, ""profile_power"": 1.0, ""radial_seg"": 24, ""tip_radius"": 0.2}}"
CF_cone_gap_d30_s102,floor,cone/gap,mould,0.4,102,d00,cone_p550,cone,5.5,0.4,47.0,gap,3.0,0.0,50.0,9.090909090909092,0.00479682476491694,-20.0,0.001387975295074284,0.04999997094273567,"{""backing"": 2.0, ""bot"": ""gap"", ""bot_depth"": 3.0, ""bot_params"": {""margin_depth_ref"": 50.0}, ""face_h"": 60.0, ""face_w"": 60.0, ""margin_depths"": 2.0, ""seed"": 102, ""top"": ""cone"", ""top_depth"": 47.0, ""top_params"": {""depth_jitter"": 0.0, ""height_seg"": 12, ""jitter"": 0.3, ""pitch"": 5.5, ""profile_power"": 1.0, ""radial_seg"": 24, ""tip_radius"": 0.2}}"
CF_cone_gap_d30_s102,floor,cone/gap,mould,0.4,102,d00,cone_p550,cone,5.5,0.4,47.0,gap,3.0,0.0,50.0,9.090909090909092,0.00479682476491694,-40.0,0.002077044453471899,0.04999997094273567,"{""backing"": 2.0, ""bot"": ""gap"", ""bot_depth"": 3.0, ""bot_params"": {""margin_depth_ref"": 50.0}, ""face_h"": 60.0, ""face_w"": 60.0, ""margin_depths"": 2.0, ""seed"": 102, ""top"": ""cone"", ""top_depth"": 47.0, ""top_params"": {""depth_jitter"": 0.0, ""height_seg"": 12, ""jitter"": 0.3, ""pitch"": 5.5, ""profile_power"": 1.0, ""radial_seg"": 24, ""tip_radius"": 0.2}}"
CF_cone_gap_d30_s102,floor,cone/gap,mould,0.4,102,d00,cone_p550,cone,5.5,0.4,47.0,gap,3.0,0.0,50.0,9.090909090909092,0.00479682476491694,20.0,0.0014101398410275578,0.04999997094273567,"{""backing"": 2.0, ""bot"": ""gap"", ""bot_depth"": 3.0, ""bot_params"": {""margin_depth_ref"": 50.0}, ""face_h"": 60.0, ""face_w"": 60.0, ""margin_depths"": 2.0, ""seed"": 102, ""top"": ""cone"", ""top_depth"": 47.0, ""top_params"": {""depth_jitter"": 0.0, ""height_seg"": 12, ""jitter"": 0.3, ""pitch"": 5.5, ""profile_power"": 1.0, ""radial_seg"": 24, ""tip_radius"": 0.2}}"
CF_cone_gap_d30_s102,floor,cone/gap,mould,0.4,102,d00,cone_p550,cone,5.5,0.4,47.0,gap,3.0,0.0,50.0,9.090909090909092,0.00479682476491694,40.0,0.002153964014723897,0.04999997094273567,"{""backing"": 2.0, ""bot"": ""gap"", ""bot_depth"": 3.0, ""bot_params"": {""margin_depth_ref"": 50.0}, ""face_h"": 60.0, ""face_w"": 60.0, ""margin_depths"": 2.0, ""seed"": 102, ""top"": ""cone"", ""top_depth"": 47.0, ""top_params"": {""depth_jitter"": 0.0, ""height_seg"": 12, ""jitter"": 0.3, ""pitch"": 5.5, ""profile_power"": 1.0, ""radial_seg"": 24, ""tip_radius"": 0.2}}"
CF_cone_gap_d30_s102,floor,cone/gap,mould,0.4,102,d76,cone_p550,cone,5.5,0.4,47.0,gap,3.0,0.0,50.0,9.090909090909092,0.00479682476491694,0.0,0.0010649487376213074,0.04999997094273567,"{""backing"": 2.0, ""bot"": ""gap"", ""bot_depth"": 3.0, ""bot_params"": {""margin_depth_ref"": 50.0}, ""face_h"": 60.0, ""face_w"": 60.0, ""margin_depths"": 2.0, ""seed"": 102, ""top"": ""cone"", ""top_depth"": 47.0, ""top_params"": {""depth_jitter"": 0.0, ""height_seg"": 12, ""jitter"": 0.3, ""pitch"": 5.5, ""profile_power"": 1.0, ""radial_seg"": 24, ""tip_radius"": 0.2}}"
CF_cone_gap_d30_s102,floor,cone/gap,mould,0.4,102,d76,cone_p550,cone,5.5,0.4,47.0,gap,3.0,0.0,50.0,9.090909090909092,0.00479682476491694,-20.0,0.0013444613432511687,0.04999997094273567,"{""backing"": 2.0, ""bot"": ""gap"", ""bot_depth"": 3.0, ""bot_params"": {""margin_depth_ref"": 50.0}, ""face_h"": 60.0, ""face_w"": 60.0, ""margin_depths"": 2.0, ""seed"": 102, ""top"": ""cone"", ""top_depth"": 47.0, ""top_params"": {""depth_jitter"": 0.0, ""height_seg"": 12, ""jitter"": 0.3, ""pitch"": 5.5, ""profile_power"": 1.0, ""radial_seg"": 24, ""tip_radius"": 0.2}}"
CF_cone_gap_d30_s102,floor,cone/gap,mould,0.4,102,d76,cone_p550,cone,5.5,0.4,47.0,gap,3.0,0.0,50.0,9.090909090909092,0.00479682476491694,-40.0,0.0019806683994829655,0.04999997094273567,"{""backing"": 2.0, ""bot"": ""gap"", ""bot_depth"": 3.0, ""bot_params"": {""margin_depth_ref"": 50.0}, ""face_h"": 60.0, ""face_w"": 60.0, ""margin_depths"": 2.0, ""seed"": 102, ""top"": ""cone"", ""top_depth"": 47.0, ""top_params"": {""depth_jitter"": 0.0, ""height_seg"": 12, ""jitter"": 0.3, ""pitch"": 5.5, ""profile_power"": 1.0, ""radial_seg"": 24, ""tip_radius"": 0.2}}"
CF_cone_gap_d30_s102,floor,cone/gap,mould,0.4,102,d76,cone_p550,cone,5.5,0.4,47.0,gap,3.0,0.0,50.0,9.090909090909092,0.00479682476491694,20.0,0.0013605505228042603,0.04999997094273567,"{""backing"": 2.0, ""bot"": ""gap"", ""bot_depth"": 3.0, ""bot_params"": {""margin_depth_ref"": 50.0}, ""face_h"": 60.0, ""face_w"": 60.0, ""margin_depths"": 2.0, ""seed"": 102, ""top"": ""cone"", ""top_depth"": 47.0, ""top_params"": {""depth_jitter"": 0.0, ""height_seg"": 12, ""jitter"": 0.3, ""pitch"": 5.5, ""profile_power"": 1.0, ""radial_seg"": 24, ""tip_radius"": 0.2}}"
CF_cone_gap_d30_s102,floor,cone/gap,mould,0.4,102,d76,cone_p550,cone,5.5,0.4,47.0,gap,3.0,0.0,50.0,9.090909090909092,0.00479682476491694,40.0,0.0020191490184515715,0.04999997094273567,"{""backing"": 2.0, ""bot"": ""gap"", ""bot_depth"": 3.0, ""bot_params"": {""margin_depth_ref"": 50.0}, ""face_h"": 60.0, ""face_w"": 60.0, ""margin_depths"": 2.0, ""seed"": 102, ""top"": ""cone"", ""top_depth"": 47.0, ""top_params"": {""depth_jitter"": 0.0, ""height_seg"": 12, ""jitter"": 0.3, ""pitch"": 5.5, ""profile_power"": 1.0, ""radial_seg"": 24, ""tip_radius"": 0.2}}"
CF_cone_gap_d30_s102,floor,cone/gap,mould,0.4,102,d100,cone_p550,cone,5.5,0.4,47.0,gap,3.0,0.0,50.0,9.090909090909092,0.00479682476491694,0.0,0.0009189376723952591,0.04999997094273567,"{""backing"": 2.0, ""bot"": ""gap"", ""bot_depth"": 3.0, ""bot_params"": {""margin_depth_ref"": 50.0}, ""face_h"": 60.0, ""face_w"": 60.0, ""margin_depths"": 2.0, ""seed"": 102, ""top"": ""cone"", ""top_depth"": 47.0, ""top_params"": {""depth_jitter"": 0.0, ""height_seg"": 12, ""jitter"": 0.3, ""pitch"": 5.5, ""profile_power"": 1.0, ""radial_seg"": 24, ""tip_radius"": 0.2}}"
CF_cone_gap_d30_s102,floor,cone/gap,mould,0.4,102,d100,cone_p550,cone,5.5,0.4,47.0,gap,3.0,0.0,50.0,9.090909090909092,0.00479682476491694,-20.0,0.0014684726484119892,0.04999997094273567,"{""backing"": 2.0, ""bot"": ""gap"", ""bot_depth"": 3.0, ""bot_params"": {""margin_depth_ref"": 50.0}, ""face_h"": 60.0, ""face_w"": 60.0, ""margin_depths"": 2.0, ""seed"": 102, ""top"": ""cone"", ""top_depth"": 47.0, ""top_params"": {""depth_jitter"": 0.0, ""height_seg"": 12, ""jitter"": 0.3, ""pitch"": 5.5, ""profile_power"": 1.0, ""radial_seg"": 24, ""tip_radius"": 0.2}}"
CF_cone_gap_d30_s102,floor,cone/gap,mould,0.4,102,d100,cone_p550,cone,5.5,0.4,47.0,gap,3.0,0.0,50.0,9.090909090909092,0.00479682476491694,-40.0,0.002133894944563508,0.04999997094273567,"{""backing"": 2.0, ""bot"": ""gap"", ""bot_depth"": 3.0, ""bot_params"": {""margin_depth_ref"": 50.0}, ""face_h"": 60.0, ""face_w"": 60.0, ""margin_depths"": 2.0, ""seed"": 102, ""top"": ""cone"", ""top_depth"": 47.0, ""top_params"": {""depth_jitter"": 0.0, ""height_seg"": 12, ""jitter"": 0.3, ""pitch"": 5.5, ""profile_power"": 1.0, ""radial_seg"": 24, ""tip_radius"": 0.2}}"
CF_cone_gap_d30_s102,floor,cone/gap,mould,0.4,102,d100,cone_p550,cone,5.5,0.4,47.0,gap,3.0,0.0,50.0,9.090909090909092,0.00479682476491694,20.0,0.0014800071949139237,0.04999997094273567,"{""backing"": 2.0, ""bot"": ""gap"", ""bot_depth"": 3.0, ""bot_params"": {""margin_depth_ref"": 50.0}, ""face_h"": 60.0, ""face_w"": 60.0, ""margin_depths"": 2.0, ""seed"": 102, ""top"": ""cone"", ""top_depth"": 47.0, ""top_params"": {""depth_jitter"": 0.0, ""height_seg"": 12, ""jitter"": 0.3, ""pitch"": 5.5, ""profile_power"": 1.0, ""radial_seg"": 24, ""tip_radius"": 0.2}}"
CF_cone_gap_d30_s102,floor,cone/gap,mould,0.4,102,d100,cone_p550,cone,5.5,0.4,47.0,gap,3.0,0.0,50.0,9.090909090909092,0.00479682476491694,40.0,0.002143128542229533,0.04999997094273567,"{""backing"": 2.0, ""bot"": ""gap"", ""bot_depth"": 3.0, ""bot_params"": {""margin_depth_ref"": 50.0}, ""face_h"": 60.0, ""face_w"": 60.0, ""margin_depths"": 2.0, ""seed"": 102, ""top"": ""cone"", ""top_depth"": 47.0, ""top_params"": {""depth_jitter"": 0.0, ""height_seg"": 12, ""jitter"": 0.3, ""pitch"": 5.5, ""profile_power"": 1.0, ""radial_seg"": 24, ""tip_radius"": 0.2}}"
CF_cone_wave_d30_s102,floor,cone/wave,press,0.3,102,d00,cone_p550,cone,5.5,0.4,47.0,wave,3.0,2.0,50.0,9.090909090909092,0.00479682476491694,0.0,0.001801236066967249,0.04999997094273567,"{""backing"": 2.0, ""bot"": ""wave"", ""bot_depth"": 3.0, ""bot_params"": {""margin_depth_ref"": 50.0, ""pitch"": 2.0, ""tip_flat"": 0.1}, ""face_h"": 60.0, ""face_w"": 60.0, ""margin_depths"": 2.0, ""seed"": 102, ""top"": ""cone"", ""top_depth"": 47.0, ""top_params"": {""depth_jitter"": 0.0, ""height_seg"": 12, ""jitter"": 0.3, ""pitch"": 5.5, ""profile_power"": 1.0, ""radial_seg"": 24, ""tip_radius"": 0.2}}"
CF_cone_wave_d30_s102,floor,cone/wave,press,0.3,102,d00,cone_p550,cone,5.5,0.4,47.0,wave,3.0,2.0,50.0,9.090909090909092,0.00479682476491694,-20.0,0.001387975295074284,0.04999997094273567,"{""backing"": 2.0, ""bot"": ""wave"", ""bot_depth"": 3.0, ""bot_params"": {""margin_depth_ref"": 50.0, ""pitch"": 2.0, ""tip_flat"": 0.1}, ""face_h"": 60.0, ""face_w"": 60.0, ""margin_depths"": 2.0, ""seed"": 102, ""top"": ""cone"", ""top_depth"": 47.0, ""top_params"": {""depth_jitter"": 0.0, ""height_seg"": 12, ""jitter"": 0.3, ""pitch"": 5.5, ""profile_power"": 1.0, ""radial_seg"": 24, ""tip_radius"": 0.2}}"
CF_cone_wave_d30_s102,floor,cone/wave,press,0.3,102,d00,cone_p550,cone,5.5,0.4,47.0,wave,3.0,2.0,50.0,9.090909090909092,0.00479682476491694,-40.0,0.002077044453471899,0.04999997094273567,"{""backing"": 2.0, ""bot"": ""wave"", ""bot_depth"": 3.0, ""bot_params"": {""margin_depth_ref"": 50.0, ""pitch"": 2.0, ""tip_flat"": 0.1}, ""face_h"": 60.0, ""face_w"": 60.0, ""margin_depths"": 2.0, ""seed"": 102, ""top"": ""cone"", ""top_depth"": 47.0, ""top_params"": {""depth_jitter"": 0.0, ""height_seg"": 12, ""jitter"": 0.3, ""pitch"": 5.5, ""profile_power"": 1.0, ""radial_seg"": 24, ""tip_radius"": 0.2}}"
CF_cone_wave_d30_s102,floor,cone/wave,press,0.3,102,d00,cone_p550,cone,5.5,0.4,47.0,wave,3.0,2.0,50.0,9.090909090909092,0.00479682476491694,20.0,0.0014101398410275578,0.04999997094273567,"{""backing"": 2.0, ""bot"": ""wave"", ""bot_depth"": 3.0, ""bot_params"": {""margin_depth_ref"": 50.0, ""pitch"": 2.0, ""tip_flat"": 0.1}, ""face_h"": 60.0, ""face_w"": 60.0, ""margin_depths"": 2.0, ""seed"": 102, ""top"": ""cone"", ""top_depth"": 47.0, ""top_params"": {""depth_jitter"": 0.0, ""height_seg"": 12, ""jitter"": 0.3, ""pitch"": 5.5, ""profile_power"": 1.0, ""radial_seg"": 24, ""tip_radius"": 0.2}}"
CF_cone_wave_d30_s102,floor,cone/wave,press,0.3,102,d00,cone_p550,cone,5.5,0.4,47.0,wave,3.0,2.0,50.0,9.090909090909092,0.00479682476491694,40.0,0.002153964014723897,0.04999997094273567,"{""backing"": 2.0, ""bot"": ""wave"", ""bot_depth"": 3.0, ""bot_params"": {""margin_depth_ref"": 50.0, ""pitch"": 2.0, ""tip_flat"": 0.1}, ""face_h"": 60.0, ""face_w"": 60.0, ""margin_depths"": 2.0, ""seed"": 102, ""top"": ""cone"", ""top_depth"": 47.0, ""top_params"": {""depth_jitter"": 0.0, ""height_seg"": 12, ""jitter"": 0.3, ""pitch"": 5.5, ""profile_power"": 1.0, ""radial_seg"": 24, ""tip_radius"": 0.2}}"
CF_cone_wave_d30_s102,floor,cone/wave,press,0.3,102,d76,cone_p550,cone,5.5,0.4,47.0,wave,3.0,2.0,50.0,9.090909090909092,0.00479682476491694,0.0,0.0010647887829691172,0.04999997094273567,"{""backing"": 2.0, ""bot"": ""wave"", ""bot_depth"": 3.0, ""bot_params"": {""margin_depth_ref"": 50.0, ""pitch"": 2.0, ""tip_flat"": 0.1}, ""face_h"": 60.0, ""face_w"": 60.0, ""margin_depths"": 2.0, ""seed"": 102, ""top"": ""cone"", ""top_depth"": 47.0, ""top_params"": {""depth_jitter"": 0.0, ""height_seg"": 12, ""jitter"": 0.3, ""pitch"": 5.5, ""profile_power"": 1.0, ""radial_seg"": 24, ""tip_radius"": 0.2}}"
CF_cone_wave_d30_s102,floor,cone/wave,press,0.3,102,d76,cone_p550,cone,5.5,0.4,47.0,wave,3.0,2.0,50.0,9.090909090909092,0.00479682476491694,-20.0,0.0013444613432511687,0.04999997094273567,"{""backing"": 2.0, ""bot"": ""wave"", ""bot_depth"": 3.0, ""bot_params"": {""margin_depth_ref"": 50.0, ""pitch"": 2.0, ""tip_flat"": 0.1}, ""face_h"": 60.0, ""face_w"": 60.0, ""margin_depths"": 2.0, ""seed"": 102, ""top"": ""cone"", ""top_depth"": 47.0, ""top_params"": {""depth_jitter"": 0.0, ""height_seg"": 12, ""jitter"": 0.3, ""pitch"": 5.5, ""profile_power"": 1.0, ""radial_seg"": 24, ""tip_radius"": 0.2}}"
CF_cone_wave_d30_s102,floor,cone/wave,press,0.3,102,d76,cone_p550,cone,5.5,0.4,47.0,wave,3.0,2.0,50.0,9.090909090909092,0.00479682476491694,-40.0,0.0019806683994829655,0.04999997094273567,"{""backing"": 2.0, ""bot"": ""wave"", ""bot_depth"": 3.0, ""bot_params"": {""margin_depth_ref"": 50.0, ""pitch"": 2.0, ""tip_flat"": 0.1}, ""face_h"": 60.0, ""face_w"": 60.0, ""margin_depths"": 2.0, ""seed"": 102, ""top"": ""cone"", ""top_depth"": 47.0, ""top_params"": {""depth_jitter"": 0.0, ""height_seg"": 12, ""jitter"": 0.3, ""pitch"": 5.5, ""profile_power"": 1.0, ""radial_seg"": 24, ""tip_radius"": 0.2}}"
CF_cone_wave_d30_s102,floor,cone/wave,press,0.3,102,d76,cone_p550,cone,5.5,0.4,47.0,wave,3.0,2.0,50.0,9.090909090909092,0.00479682476491694,20.0,0.0013605505228042603,0.04999997094273567,"{""backing"": 2.0, ""bot"": ""wave"", ""bot_depth"": 3.0, ""bot_params"": {""margin_depth_ref"": 50.0, ""pitch"": 2.0, ""tip_flat"": 0.1}, ""face_h"": 60.0, ""face_w"": 60.0, ""margin_depths"": 2.0, ""seed"": 102, ""top"": ""cone"", ""top_depth"": 47.0, ""top_params"": {""depth_jitter"": 0.0, ""height_seg"": 12, ""jitter"": 0.3, ""pitch"": 5.5, ""profile_power"": 1.0, ""radial_seg"": 24, ""tip_radius"": 0.2}}"
CF_cone_wave_d30_s102,floor,cone/wave,press,0.3,102,d76,cone_p550,cone,5.5,0.4,47.0,wave,3.0,2.0,50.0,9.090909090909092,0.00479682476491694,40.0,0.0020191490184515715,0.04999997094273567,"{""backing"": 2.0, ""bot"": ""wave"", ""bot_depth"": 3.0, ""bot_params"": {""margin_depth_ref"": 50.0, ""pitch"": 2.0, ""tip_flat"": 0.1}, ""face_h"": 60.0, ""face_w"": 60.0, ""margin_depths"": 2.0, ""seed"": 102, ""top"": ""cone"", ""top_depth"": 47.0, ""top_params"": {""depth_jitter"": 0.0, ""height_seg"": 12, ""jitter"": 0.3, ""pitch"": 5.5, ""profile_power"": 1.0, ""radial_seg"": 24, ""tip_radius"": 0.2}}"
CF_cone_wave_d30_s102,floor,cone/wave,press,0.3,102,d100,cone_p550,cone,5.5,0.4,47.0,wave,3.0,2.0,50.0,9.090909090909092,0.00479682476491694,0.0,0.0009189376723952591,0.04999997094273567,"{""backing"": 2.0, ""bot"": ""wave"", ""bot_depth"": 3.0, ""bot_params"": {""margin_depth_ref"": 50.0, ""pitch"": 2.0, ""tip_flat"": 0.1}, ""face_h"": 60.0, ""face_w"": 60.0, ""margin_depths"": 2.0, ""seed"": 102, ""top"": ""cone"", ""top_depth"": 47.0, ""top_params"": {""depth_jitter"": 0.0, ""height_seg"": 12, ""jitter"": 0.3, ""pitch"": 5.5, ""profile_power"": 1.0, ""radial_seg"": 24, ""tip_radius"": 0.2}}"
CF_cone_wave_d30_s102,floor,cone/wave,press,0.3,102,d100,cone_p550,cone,5.5,0.4,47.0,wave,3.0,2.0,50.0,9.090909090909092,0.00479682476491694,-20.0,0.0014684726484119892,0.04999997094273567,"{""backing"": 2.0, ""bot"": ""wave"", ""bot_depth"": 3.0, ""bot_params"": {""margin_depth_ref"": 50.0, ""pitch"": 2.0, ""tip_flat"": 0.1}, ""face_h"": 60.0, ""face_w"": 60.0, ""margin_depths"": 2.0, ""seed"": 102, ""top"": ""cone"", ""top_depth"": 47.0, ""top_params"": {""depth_jitter"": 0.0, ""height_seg"": 12, ""jitter"": 0.3, ""pitch"": 5.5, ""profile_power"": 1.0, ""radial_seg"": 24, ""tip_radius"": 0.2}}"
CF_cone_wave_d30_s102,floor,cone/wave,press,0.3,102,d100,cone_p550,cone,5.5,0.4,47.0,wave,3.0,2.0,50.0,9.090909090909092,0.00479682476491694,-40.0,0.0021338430233299732,0.04999997094273567,"{""backing"": 2.0, ""bot"": ""wave"", ""bot_depth"": 3.0, ""bot_params"": {""margin_depth_ref"": 50.0, ""pitch"": 2.0, ""tip_flat"": 0.1}, ""face_h"": 60.0, ""face_w"": 60.0, ""margin_depths"": 2.0, ""seed"": 102, ""top"": ""cone"", ""top_depth"": 47.0, ""top_params"": {""depth_jitter"": 0.0, ""height_seg"": 12, ""jitter"": 0.3, ""pitch"": 5.5, ""profile_power"": 1.0, ""radial_seg"": 24, ""tip_radius"": 0.2}}"
CF_cone_wave_d30_s102,floor,cone/wave,press,0.3,102,d100,cone_p550,cone,5.5,0.4,47.0,wave,3.0,2.0,50.0,9.090909090909092,0.00479682476491694,20.0,0.0014800071949139237,0.04999997094273567,"{""backing"": 2.0, ""bot"": ""wave"", ""bot_depth"": 3.0, ""bot_params"": {""margin_depth_ref"": 50.0, ""pitch"": 2.0, ""tip_flat"": 0.1}, ""face_h"": 60.0, ""face_w"": 60.0, ""margin_depths"": 2.0, ""seed"": 102, ""top"": ""cone"", ""top_depth"": 47.0, ""top_params"": {""depth_jitter"": 0.0, ""height_seg"": 12, ""jitter"": 0.3, ""pitch"": 5.5, ""profile_power"": 1.0, ""radial_seg"": 24, ""tip_radius"": 0.2}}"
CF_cone_wave_d30_s102,floor,cone/wave,press,0.3,102,d100,cone_p550,cone,5.5,0.4,47.0,wave,3.0,2.0,50.0,9.090909090909092,0.00479682476491694,40.0,0.002143128542229533,0.04999997094273567,"{""backing"": 2.0, ""bot"": ""wave"", ""bot_depth"": 3.0, ""bot_params"": {""margin_depth_ref"": 50.0, ""pitch"": 2.0, ""tip_flat"": 0.1}, ""face_h"": 60.0, ""face_w"": 60.0, ""margin_depths"": 2.0, ""seed"": 102, ""top"": ""cone"", ""top_depth"": 47.0, ""top_params"": {""depth_jitter"": 0.0, ""height_seg"": 12, ""jitter"": 0.3, ""pitch"": 5.5, ""profile_power"": 1.0, ""radial_seg"": 24, ""tip_radius"": 0.2}}"
